                       I D E A M  -  INSTITUTO DE HIDROLOGIA, METEOROLOGIA Y ESTUDIOS AMBIENTALES
                                                                                                              SISTEMA DE INFORMACION
                                    VALORES MEDIOS  DIARIOS DE NIVELES (Cms)                                    NACIONAL AMBIENTAL

    FECHA DE PROCESO :  2019/05/21                    ANO  1981                              ESTACION : 29037450  STA HELENA 2

    LATITUD    1004 N               TIPO EST    LM                   DEPTO      BOLIVAR                 FECHA-INSTALACION   1978-JUN
    LONGITUD   7526 W               ENTIDAD     01  IDEAM            MUNICIPIO  ARJONA                  FECHA-SUSPENSION
    ELEVACION  0003 m.s.n.m         REGIONAL    02  ATLANTICO        CORRIENTE  CANAL DEL DIQUE

************************************************************************************************************************************
          DIA       ENERO *  FEBRE *  MARZO *  ABRIL *  MAYO  *  JUNIO *  JULIO *  AGOST *  SEPTI *  OCTUB *  NOVIE *  DICIE *
************************************************************************************************************************************

           01         790      690      653      659      741      815      848      844      815      813      814      828
           02         789      689      655      658      743      817      848      844      811      812      814      828
           03         789      688      658      653      744      817      848      844      813      813      815      828
           04         788      687      661      652      746      820      849      844      817      815      816      829
           05         787      686      664      652      748      820      850      844      816      815      816      830
           06         786      684      666      651      749      822      851      844      816      816      816      829
           07         785      683      668      650      751      823      851      841      816      815      816      829
           08         784      682      671      648      753      824      852      839      816      814      816      829
           09         783      684      674      653      755      824      852      839      816      815      816      829
           10         783      684      676      653      758      827      852      839      816      815      817      829
           11         776      682      679      656      762      828      854      838      816      815      818      831
           12         769      684      682      661      766      830      853      837      817      814      818      831
           13         768      670      683      668      767      831      853      837      817      812      818      831
           14         767      668      685      669      770      832      852      835      818      811      819      832
           15         766      667      687      672      771      834      851      835      817      814      819      832
           16         765      667      689      672      773      835      851      833      816      810      820      833
           17         764      666      691      676      775      837      851      831      816      809      821      833
           18         763      664      693      676      778      839      849      829      817      810      822      832
           19         762      663      692      684      780      839      849      827      816      810      822      832
           20         761      663      694      695      782      840      849      826      816      810      822      832
           21         760      662      696      699      784      841      848      826      816      810      822      832
           22         758      661      698      707      788      842      848      826      816      810      822      832
           23         757      660      700      722      789      845      848      826      815      813      822      831
           24         756      658               718      791      845      848      826      815      813      825      830
           25         756      657               732      791      847      847      826      815      812      825      830
           26         755      656      698      740               848      847      823      815      813      826      834
           27         754      655      696      744               849      846      820      815      814      826      830
           28                  654      694      748               851      845      820      816      814      832      829
           29                           694      751               851      845      816      816      813      832      829
           30                           693      752               851      845      816      817      814      828      826
           31                           691                                 844      816               814               825

MEDIA                 771 3    672      682 3    685      766 3    834      849      832      815      813      820      830
MAXIMA ABSOLUTA       790 3    690      700 3    752      791 3    851      854      844      818      816      832      834
MINIMA MEDIA          754 3    654      653 3    648      741 3    815      844      816      811      809      814      825

** DATOS PRELIMINARES **              ***  VALORES  ANUALES  ***                                           ** ORIGENES DE DATO **

                                     MEDIA                     781                                         3 : INCOMPLETOS
                                     MAXIMA ABSOLUTA           854
                                     MINIMA MEDIA              648

                       I D E A M  -  INSTITUTO DE HIDROLOGIA, METEOROLOGIA Y ESTUDIOS AMBIENTALES
                                                                                                              SISTEMA DE INFORMACION
                                    VALORES MEDIOS  DIARIOS DE NIVELES (Cms)                                    NACIONAL AMBIENTAL

    FECHA DE PROCESO :  2019/05/21                    ANO  1982                              ESTACION : 29037450  STA HELENA 2

    LATITUD    1004 N               TIPO EST    LM                   DEPTO      BOLIVAR                 FECHA-INSTALACION   1978-JUN
    LONGITUD   7526 W               ENTIDAD     01  IDEAM            MUNICIPIO  ARJONA                  FECHA-SUSPENSION
    ELEVACION  0003 m.s.n.m         REGIONAL    02  ATLANTICO        CORRIENTE  CANAL DEL DIQUE

************************************************************************************************************************************
          DIA       ENERO *  FEBRE *  MARZO *  ABRIL *  MAYO  *  JUNIO *  JULIO *  AGOST *  SEPTI *  OCTUB *  NOVIE *  DICIE *
************************************************************************************************************************************

           01         826      783               710      769      825      851      806      752      764      804      822
           02         824      781               712      770      825      852      804      750      769      806      821
           03         822      778               714      772      827      852      803      750      767      807      821
           04         820      774               716      773      828      851      801      750      767      809      819
           05         819      774               718      774      829      850      799      750      769      810      818
           06         819      773               720      775      830      851      798      747      770      810      818
           07         819      770               722      776      832      850      798      747      770      812      818
           08         818      767               724      777      834      849      798      746      770      813      816
           09         819      765               727      778      835      849      796      746      772      815      815
           10         818      762               731      780      836      848      793      746      773      815      813
           11         817      759               734      782      837      847      791      746      773      816      812
           12         816      757               736      784      839      846      789      746      775      818      809
           13         815      756               737      786      840      845      787      747      778      818      807
           14         814      755               738      788      840      844      786      749      780      819      806
           15         813      753               739      789      841      843      784      750      780      819      804
           16         812      752               740      790      842      840      783      752      781      821      802
           17         812      750               740      792      843      835      780      752      783      821      802
           18         811      749               742      793      843      831      778      754      783      821      801
           19         810      748               743      793      844      829      776      755      786      822      799
           20         808      747               743      796      845      827      775      758      786      822      798
           21         807      746               743      798      845      827      773      757      786      822      795
           22         806      744               745      802      845      826      772      757      787      821      793
           23         805      744               749      804      846      826      767      760      789      822      793
           24         804      744               753      806      846      826      766      760      789      824      789
           25         803      744               757      808      846      825      764      761      790      824      787
           26         800      744               759      807      846      826      763      761      792      824      786
           27         799      744               762      812      847      824      760      761      795      824      784
           28         798      744               764      815      847      826      757      763      798      824      781
           29         796                        766      819      848      825      757      763      800      822      780
           30         791                        767      822      849      828      755      763      802      822      778
           31         787                                 824               826                        804               776

MEDIA                 811      757      713 3    738      792      839      838      782 3    753      782      818      802
MAXIMA ABSOLUTA       826      783      722 3    767      824      849      852      806 3    763      804      824      822
MINIMA MEDIA          787      744      709 3    710      769      825      824      755 3    746      764      804      776

** DATOS PRELIMINARES **              ***  VALORES  ANUALES  ***                                           ** ORIGENES DE DATO **

                                     MEDIA                     785                                         3 : INCOMPLETOS
                                     MAXIMA ABSOLUTA           852
                                     MINIMA MEDIA              709

                       I D E A M  -  INSTITUTO DE HIDROLOGIA, METEOROLOGIA Y ESTUDIOS AMBIENTALES
                                                                                                              SISTEMA DE INFORMACION
                                    VALORES MEDIOS  DIARIOS DE NIVELES (Cms)                                    NACIONAL AMBIENTAL

    FECHA DE PROCESO :  2019/05/21                    ANO  1983                              ESTACION : 29037450  STA HELENA 2

    LATITUD    1004 N               TIPO EST    LM                   DEPTO      BOLIVAR                 FECHA-INSTALACION   1978-JUN
    LONGITUD   7526 W               ENTIDAD     01  IDEAM            MUNICIPIO  ARJONA                  FECHA-SUSPENSION
    ELEVACION  0003 m.s.n.m         REGIONAL    02  ATLANTICO        CORRIENTE  CANAL DEL DIQUE

************************************************************************************************************************************
          DIA       ENERO *  FEBRE *  MARZO *  ABRIL *  MAYO  *  JUNIO *  JULIO *  AGOST *  SEPTI *  OCTUB *  NOVIE *  DICIE *
************************************************************************************************************************************

           01                  569      549      592      639      679      701      775      766      790      821      822
           02                  568      548      594      641      680      702      775      766      790      823      821
           03                  567      548      603      643      681      703      773      766      791      824      821
           04                  566      546      604      643      682      704      768      766      792      824      818
           05                  565      546      608      645      683      705      768      766      793      824      817
           06                  564      547      611      646      684      706      771      766      794      824      819
           07                  564      544      611      648      685      707      771      768      794      823      821
           08                  563      543      613      649      686      708      772      769      793      823      822
           09                  563      542      615      651      686      708      772      771      795      822      821
           10                  562      541      617      652      687      709      773      772      796      821      822
           11                  561      540      619      653      688      708      773      776      798      820      821
           12                  561      539      621      654      688      709      773      776      799      822      821
           13                  561      538      623      655      689      710      773      776      799      823      821
           14                  550      540      625      656      689      710      772      777      800      824      821
           15                  550      542      626      658      690      696      772      777      802      827      821
           16                  549      545      627      659      691               772      777      804      828      821
           17                  550      549      628      661      692               771      780      806      829      821
           18                  550      553      628      663      694               770      780      806      829      822
           19                  550      557      628      664      695               769      781      807      830      823
           20                  549      559      629      665      697               768      781      807      827      824
           21                  548      561      629      667      698               768      783      807      824      824
           22                           563      630      669      699               768      785      807      823      823
           23                           567      632      671      699               767      786      808      822      822
           24                  565      569      632      672                        767      788      808      820      821
           25                  568      570      634      673                        765      789      808      820      820
           26                  562      572      635      675                        765      789      810      819      820
           27                  561      576      635      675                        762      790      813      820      819
           28                  550      580      636      676                        764      791      814      822      820
           29                           573      636      677                        765      791      846      823      821
           30                           587      638      678                        766      790      818      823      821
           31                           589                                          766               820               820

MEDIA                 583 3    559 3    555      622      659 3    688 3    705 3    769      778      804      823      821
MAXIMA ABSOLUTA       590 3    569 3    590      638      678 3    699 3    710 3    779      791      876      830      824
MINIMA MEDIA          570 3    548 3    538      592      639 3    679 3    696 3    762      766      790      819      817

** DATOS PRELIMINARES **              ***  VALORES  ANUALES  ***                                           ** ORIGENES DE DATO **

                                     MEDIA                     697                                         3 : INCOMPLETOS
                                     MAXIMA ABSOLUTA           876
                                     MINIMA MEDIA              538

                       I D E A M  -  INSTITUTO DE HIDROLOGIA, METEOROLOGIA Y ESTUDIOS AMBIENTALES
                                                                                                              SISTEMA DE INFORMACION
                                    VALORES MEDIOS  DIARIOS DE NIVELES (Cms)                                    NACIONAL AMBIENTAL

    FECHA DE PROCESO :  2019/05/21                    ANO  1984                              ESTACION : 29037450  STA HELENA 2

    LATITUD    1004 N               TIPO EST    LM                   DEPTO      BOLIVAR                 FECHA-INSTALACION   1978-JUN
    LONGITUD   7526 W               ENTIDAD     01  IDEAM            MUNICIPIO  ARJONA                  FECHA-SUSPENSION
    ELEVACION  0003 m.s.n.m         REGIONAL    02  ATLANTICO        CORRIENTE  CANAL DEL DIQUE

************************************************************************************************************************************
          DIA       ENERO *  FEBRE *  MARZO *  ABRIL *  MAYO  *  JUNIO *  JULIO *  AGOST *  SEPTI *  OCTUB *  NOVIE *  DICIE *
************************************************************************************************************************************

           01                           565      507      525      594      625      642      643      640      657      667
           02                           565      506      528      599      625      642      643      641      656      667
           03                           565      508      539      595      626      642      643      641      656      668
           04                           567      509      541      601      625      642      643      641      657      668
           05                           565      507      550      603      627      642      642      641      657      669
           06                           565      514      564      605      627      642      641      643      657      669
           07                           568      516      561      605      627      642      641      643      657      670
           08                           568      520      563      605      627      641      640      645      656      670
           09                           568      520      565      607      628      641      639      645      657      670
           10                           567      515      564      607      628      643      639      646      658      669
           11                           564      520      566      608      629      643      639      646      658      668
           12                           564      521      566      609      630      643      639      646      658      668
           13                           564      520      566      609      629      643      639      647      658      666
           14                           564      522      566      611      630      642      639      647      658      665
           15                           560      520      567      612      631      642      640      647      658      664
           16                           551      519      569      613      630      642      640      649      657      663
           17                           546      518      572      614      630      642      639      649      657      663
           18                           540      518      574      615      632      642      639      649      657      661
           19                           538      519      575      616      632      641      638      649      657      660
           20                           538      521      577      617      633      641      637      649      658      659
           21                           533      521      578      618      634      641      637      649      659      658
           22                           521      519      579      619      634      639      637      651      660      657
           23                           521      525      580      620      634      640      637      652      662      656
           24                           516      527      582      621      636      640      637      652      663      655
           25                           513      527      582      622      637      640      637      651      662      654
           26                           510      525      582      623      637      640      637      651      662      653
           27                           509      525      587      623      639      641      638      651      664      653
           28                           508      526      588      625      640      643      638      651      665      652
           29                           507      525      589      625      641      643      639      653      666      651
           30                           508      528      599      625      641      643      639      655      667      650
           31                           508               594               642      643               656               650

MEDIA                          572 3    543      519      569      612      632      642      639      648      659      662
MAXIMA ABSOLUTA                578 3    568      529      599      625      642      643      643      656      667      670
MINIMA MEDIA                   563 3    507      506      525      594      625      639      637      640      656      650

** DATOS PRELIMINARES **              ***  VALORES  ANUALES  ***                                           ** ORIGENES DE DATO **

                                     MEDIA                     609                                         3 : INCOMPLETOS
                                     MAXIMA ABSOLUTA           670
                                     MINIMA MEDIA              506

                       I D E A M  -  INSTITUTO DE HIDROLOGIA, METEOROLOGIA Y ESTUDIOS AMBIENTALES
                                                                                                              SISTEMA DE INFORMACION
                                    VALORES MEDIOS  DIARIOS DE NIVELES (Cms)                                    NACIONAL AMBIENTAL

    FECHA DE PROCESO :  2019/05/21                    ANO  1985                              ESTACION : 29037450  STA HELENA 2

    LATITUD    1004 N               TIPO EST    LM                   DEPTO      BOLIVAR                 FECHA-INSTALACION   1978-JUN
    LONGITUD   7526 W               ENTIDAD     01  IDEAM            MUNICIPIO  ARJONA                  FECHA-SUSPENSION
    ELEVACION  0003 m.s.n.m         REGIONAL    02  ATLANTICO        CORRIENTE  CANAL DEL DIQUE

************************************************************************************************************************************
          DIA       ENERO *  FEBRE *  MARZO *  ABRIL *  MAYO  *  JUNIO *  JULIO *  AGOST *  SEPTI *  OCTUB *  NOVIE *  DICIE *
************************************************************************************************************************************

           01         650      583      499      475      508      548      542      537      574      598      626      637
           02         648      583      497      478      511      547      542      538      578      599      625      637
           03         646      573      496      480      517      550      542      539      576      600      625      638
           04         645      569      494      486      517      552      543      539      576      601      626      639
           05         644      562      491      495      518      550      546      541      574      602      627      641
           06         642      557      487      505      522      556      532      542      578      604      627      642
           07         641      554      483      506      524      564      528      541      579      605      627      643
           08         639      548      478      514      525      562      525      542      579      605      628      644
           09         637      545      478      511      521      564      524      536      584      605      628      644
           10         636      544      479      512      526      564      521      541      585      606      629      642
           11         636      538      482      513      524      565      518      543      583      606      629      642
           12         634      535      488      511      526      565      520      542      584      607      629      641
           13         632      531      485      511      529      566      516      545      586      607      629      641
           14         630      529      486      510      530      567      514      548      588      608      630      641
           15         629      530      484      508      531      565      513      550      589      610      631      641
           16         628      526      484      505      531      567      509      550      590      611      633      640
           17         625      518      480      506      533      564      511      555      590      612      633      640
           18         623      513      480      505      536      565      511      557      591      614      633      639
           19         620      511      481      500      539      565      512      558      592      614      633      639
           20         618      513      478      498      543      565      510      559      592      616      633      639
           21         614      513      476      495      546      563      515      559      593      617      633      638
           22         610      510      479      497      543      561      523      562      594      618      635      637
           23         607      505      479      491      548      563      528      563      595      619      636      637
           24         609      504      477      489      545      563      538      564      593      619      635      637
           25         602      501      482      488      546      560      538      562      593      620      635      636
           26         598      500      484      483      548      557      539      565      594      622      635      635
           27         596      501      484      498      549      552      533      566      596      623      636      633
           28         592      499      483      495      551      550      534      566      596      624      637      631
           29         588               481      503      548      548      534      568      597      625      636      628
           30         584               479      505      548      545      534      571      597      625      636      627
           31         584               479               549               537      572               625               624

MEDIA                 622      532      483      499      533      559      527      552      587      612      631      638
MAXIMA ABSOLUTA       650      587      499      517      552      569      553      573      597      626      637      644
MINIMA MEDIA          584      499      476      475      508      545      509      536      574      598      625      624

** DATOS PRELIMINARES **              ***  VALORES  ANUALES  ***

                                     MEDIA                     565
                                     MAXIMA ABSOLUTA           650
                                     MINIMA MEDIA              475

                       I D E A M  -  INSTITUTO DE HIDROLOGIA, METEOROLOGIA Y ESTUDIOS AMBIENTALES
                                                                                                              SISTEMA DE INFORMACION
                                    VALORES MEDIOS  DIARIOS DE NIVELES (Cms)                                    NACIONAL AMBIENTAL

    FECHA DE PROCESO :  2019/05/21                    ANO  1986                              ESTACION : 29037450  STA HELENA 2

    LATITUD    1004 N               TIPO EST    LM                   DEPTO      BOLIVAR                 FECHA-INSTALACION   1978-JUN
    LONGITUD   7526 W               ENTIDAD     01  IDEAM            MUNICIPIO  ARJONA                  FECHA-SUSPENSION
    ELEVACION  0003 m.s.n.m         REGIONAL    02  ATLANTICO        CORRIENTE  CANAL DEL DIQUE

************************************************************************************************************************************
          DIA       ENERO *  FEBRE *  MARZO *  ABRIL *  MAYO  *  JUNIO *  JULIO *  AGOST *  SEPTI *  OCTUB *  NOVIE *  DICIE *
************************************************************************************************************************************

           01         624      539      512      510      567      589      610      586      544      548      617      643
           02         621      538      513      505      568      590      609      582      545      548      618      644
           03         617      532      514      507      568      591      609      582      544      552      619      645
           04         612      529      515      508      569      591      608      575      547      551      621      645
           05         611      526      516      508      570      593      608      571      544      555      622      645
           06         608      521      513      510      572      597      608      569      550      553      623      645
           07         604      518      516      513      572      599      610      568      551      556      623      645
           08         595      515      517      516      574      601      608      566      554      558      624      645
           09         593      516      517      517      576      602      609      563      552      560      626      645
           10         586      509      518      523      576      603      609      562      551      567      626      645
           11         583      507      517      528      577      604      610      560      547      568      628      645
           12         580      505      517      537      575      606      609      558      549      569      629      645
           13         576      502      518      535      577      607      609      556      544      573      630      644
           14         573      499      518      537      583      607      609      549      543      577      630      643
           15         570      497      516      539      582      608      608      546      540      584      632      643
           16         566      498      514      539      584      609      610      542      549      589      634      642
           17         562      492      511      541      584      609      608      541      541      593      634      641
           18         558      487      518      540      581      609      606      541      547      594      635      641
           19         555      493      517      543      582      609      606      540      545      595      635      640
           20         556      493      517      542      581      609      605      539      538      598      636      639
           21         546      497      519      547      581      608      605      542      535      600      637      638
           22         543      494      517      547      582      608      606      544      531      602      637      637
           23         541      498      520      550      584      608      605      544      538      604      639      636
           24         537      502      514      556      585      609      605      544      533      607      640      633
           25         532      503      513      557      585      609      603      545      533      606      641      631
           26         534      506      512      560      586      609      601      545      534      609      641      627
           27         535      507      517      563      587      609      600      545      535      610      642      624
           28         536      508      510      563      587      609      597      545      535      614      643      620
           29         535               510      568      588      609      593      546      540      615      643      615
           30         536               509      568      588      609      594      543      541      616      643      610
           31         538               504               589               588      541               616               606

MEDIA                 570      508      515      536      579      604      605      554      542      583      631      637
MAXIMA ABSOLUTA       624      539      521      568      589      610      610      587      558      616      643      645
MINIMA MEDIA          532      487      504      505      567      589      588      539      531      548      617      606

** DATOS PRELIMINARES **              ***  VALORES  ANUALES  ***

                                     MEDIA                     572
                                     MAXIMA ABSOLUTA           645
                                     MINIMA MEDIA              487

                       I D E A M  -  INSTITUTO DE HIDROLOGIA, METEOROLOGIA Y ESTUDIOS AMBIENTALES
                                                                                                              SISTEMA DE INFORMACION
                                    VALORES MEDIOS  DIARIOS DE NIVELES (Cms)                                    NACIONAL AMBIENTAL

    FECHA DE PROCESO :  2019/05/21                    ANO  1987                              ESTACION : 29037450  STA HELENA 2

    LATITUD    1004 N               TIPO EST    LM                   DEPTO      BOLIVAR                 FECHA-INSTALACION   1978-JUN
    LONGITUD   7526 W               ENTIDAD     01  IDEAM            MUNICIPIO  ARJONA                  FECHA-SUSPENSION
    ELEVACION  0003 m.s.n.m         REGIONAL    02  ATLANTICO        CORRIENTE  CANAL DEL DIQUE

************************************************************************************************************************************
          DIA       ENERO *  FEBRE *  MARZO *  ABRIL *  MAYO  *  JUNIO *  JULIO *  AGOST *  SEPTI *  OCTUB *  NOVIE *  DICIE *
************************************************************************************************************************************

           01         601      494      473      465      508      570      562      566      588      599      635      658
           02         599      503      473      470      515      571      563      566      588      598      634      658
           03         596      500      479      467      524      570      562      568      588      600      634      660
           04         590      497      472      465      523      570      560      569      589      601      636      660
           05         587      495      474      465      532      570      559      567      590      602      637      659
           06         582      489      465      481      525      571      557      572      591      603      637      660
           07         578      486      477      483      530      572      555      572      591      605      638      659
           08         576      482      459      485      530      574      552      574      591      607      638      660
           09         568      482      459      493      531      573      554      578      593      607      639      662
           10         566      477      467      497      534      574      553      580      594      611      639      661
           11         563      474      466      496      538      574      552      581      594      611      640      664
           12         556      468      464      499      539      574      553      582      594      612      640      663
           13         554      473      462      499      539      575      553      585      594      613      640      663
           14         549      478      464      497      540      575      554      585      593      614      641      662
           15         547      481      469      494      546      575      556      586      593      616      641      663
           16         545      480      466      494      547      577      555      588      595      618      643      664
           17         542      480      468      495      549      575      553      588      594      619      644      663
           18         542      486      469      496      551      575      551      589      595      624      645      661
           19         535      484      473      496      553      573      552      588      595      624      646      663
           20         531      484      478      496      551      572      552      589      597      625      647      662
           21         527      489      477      488      551      571      552      588      597      626      647      660
           22         522      484      477      493      556      571      552      588      597      627      649      662
           23         520      481      477      493      556      571      554      588      596      627      649      662
           24         516      478      475      495      556      571      554      588      596      628      648      659
           25         513      475      475      498      556      570      557      590      597      627      651      659
           26         505      477      476      498      559      568      557      590      598      629      655      661
           27         502      472      463      495      560      569      560      589      598      629      658      660
           28         504      475      472      495      565      568      561      589      598      631      658      657
           29         496               462      500      568      568      566      589      599      633      659      656
           30         500               464      503      569      567      564      589      599      636      659      650
           31         502               466               570               564      588               636               649

MEDIA                 545      483      469      489      544      572      556      582      594      617      644      660
MAXIMA ABSOLUTA       602      503      482      503      570      577      567      590      600      636      659      664
MINIMA MEDIA          496      468      459      465      508      567      551      566      588      598      634      649

** DATOS PRELIMINARES **              ***  VALORES  ANUALES  ***

                                     MEDIA                     563
                                     MAXIMA ABSOLUTA           664
                                     MINIMA MEDIA              459

                       I D E A M  -  INSTITUTO DE HIDROLOGIA, METEOROLOGIA Y ESTUDIOS AMBIENTALES
                                                                                                              SISTEMA DE INFORMACION
                                    VALORES MEDIOS  DIARIOS DE NIVELES (Cms)                                    NACIONAL AMBIENTAL

    FECHA DE PROCESO :  2019/05/21                    ANO  1988                              ESTACION : 29037450  STA HELENA 2

    LATITUD    1004 N               TIPO EST    LM                   DEPTO      BOLIVAR                 FECHA-INSTALACION   1978-JUN
    LONGITUD   7526 W               ENTIDAD     01  IDEAM            MUNICIPIO  ARJONA                  FECHA-SUSPENSION
    ELEVACION  0003 m.s.n.m         REGIONAL    02  ATLANTICO        CORRIENTE  CANAL DEL DIQUE

************************************************************************************************************************************
          DIA       ENERO *  FEBRE *  MARZO *  ABRIL *  MAYO  *  JUNIO *  JULIO *  AGOST *  SEPTI *  OCTUB *  NOVIE *  DICIE *
************************************************************************************************************************************

           01         628      532      476      465      516      553      590      621      650      663      681      671
           02         626      523      481      461      521      555      591      620      651      664      680      671
           03         624      526      486      462      524      557      594      621      651      665      679      671
           04         623      523      493      458      527      555      595      622      651      666      677      671
           05         623      516      489      464      527      555      594      625      652      667      676      671
           06         621      513      487      467      530      557      599      625      652      666      672      670
           07         620      514      485      469      531      557      601      628      652      668      670      670
           08         618      511      484      469      536      558      602      631      652      669      672      669
           09         617      510      478      469      538      557      603      630      653      669      672      670
           10         616      511      477      480      540      557      605      631      654      669      672      670
           11         615      507      476      482      540      557      607      632      654      670      672      671
           12         614      506      475      476      542      557      607      632      655      670      672      671
           13         613      504      468      485      541      557      609      633      655      672      672      672
           14         611      504      468      484      542      559      611      633      655      672      672      672
           15         609      501      463      489      545      559      611      633      655      673      672      672
           16         607      501      461      494      545      560      612      633      657      674      673      672
           17         603      501      462      499      548      562      612      636      658      674      673      672
           18         601      503      462      512      549      565      613      637      659      679      673      674
           19         599      503      457      514      548      567      614      641      660      682      673      673
           20         596      503      457      527      551      567      614      642      661      691      673      673
           21         593      503      461      524      551      568      615      644      662      695      674      673
           22         580      505      469      525      551      569      617      644      662      695      674      673
           23         577      499      464      523      551      571      617      644      662      680      674      673
           24         574      488      461      524      555      574      617      643      662      679      674      672
           25         579      483      473      520      553      581      617      644      662      681      674      671
           26         572      475      464      520      554      583      617      644      662      682      673      672
           27         564      474      458      518      552      586      619      644      662      683      673      672
           28         560      476      465      518      552      585      619      645      663      682      672      670
           29         554      473      462      518      552      587      618      645      663      682      671      670
           30         531               465      516      551      588      619      646      663      682      671      671
           31         525               463               552               620      650               681               671

MEDIA                 596      503      470      494      542      565      609      635      657      676      673      671
MAXIMA ABSOLUTA       628      536      496      528      559      588      620      650      663      696      681      674
MINIMA MEDIA          525      473      457      458      516      553      590      620      650      663      670      669

** DATOS PRELIMINARES **              ***  VALORES  ANUALES  ***

                                     MEDIA                     591
                                     MAXIMA ABSOLUTA           696
                                     MINIMA MEDIA              457

                       I D E A M  -  INSTITUTO DE HIDROLOGIA, METEOROLOGIA Y ESTUDIOS AMBIENTALES
                                                                                                              SISTEMA DE INFORMACION
                                    VALORES MEDIOS  DIARIOS DE NIVELES (Cms)                                    NACIONAL AMBIENTAL

    FECHA DE PROCESO :  2019/05/21                    ANO  1989                              ESTACION : 29037450  STA HELENA 2

    LATITUD    1004 N               TIPO EST    LM                   DEPTO      BOLIVAR                 FECHA-INSTALACION   1978-JUN
    LONGITUD   7526 W               ENTIDAD     01  IDEAM            MUNICIPIO  ARJONA                  FECHA-SUSPENSION
    ELEVACION  0003 m.s.n.m         REGIONAL    02  ATLANTICO        CORRIENTE  CANAL DEL DIQUE

************************************************************************************************************************************
          DIA       ENERO *  FEBRE *  MARZO *  ABRIL *  MAYO  *  JUNIO *  JULIO *  AGOST *  SEPTI *  OCTUB *  NOVIE *  DICIE *
************************************************************************************************************************************

           01         669      627      564      554      518      566      578      572      573      607      634      647
           02         668      625      564      553      521      568      579      574      576      607      636      649
           03         666      623      561      553      523      567      578      574      577      609      638      650
           04         665      622      559      552      524      569      579      573      578      607      639      651
           05         666      615      554      549      525      568      579      573      580      612      638      656
           06         664      617      555      551      527      569      580      574      581      613      641      656
           07         663      613      552      549      527      571      580      574      580      614      640      656
           08         661      610      549      549      529      572      580      573      581      614      640      655
           09         659      610      547      549      531      573      579      573      583      615      644      653
           10         657      607      548      548      532      572      580      572      582      616      645      650
           11         656      605      546      548      537      573      579      570      584      618      645      648
           12         655      604      544      549      543      573      580      570      585      621      645      647
           13         653      601      543      548      546      573      580      571      587      622      647      646
           14         652      599      547      547      548      574      577      571      590      622      648      646
           15         652      596      546      546      549      575      579      570      591      623      648      644
           16         651      596      551      542      550      574      578      572      590      623      648      644
           17         650      586      550      540      553      574      575      571      591      624      647      644
           18         649      583      551      538      554      575      573      571      593      625      648      643
           19         650      582      551      536      555      574      572      572      593      625      647      642
           20         648      580      552      533      556      575      571      573      594      626      647      641
           21         645      577      552      531      557      576      572      571      595      626      647      640
           22         643      576      553      530      558      576      571      570      595      627      648      639
           23         641      572      553      526      559      577      572      570      595      628      648      639
           24         641      566      553      523      559      579      575      570      596      628      649      636
           25         639      566      553      522      559      579      572      568      599      627      649      634
           26         637      565      553      518      558      579      572      568      601      628      649      633
           27         636      566      553      518      559      580      574      570      602      628      649      630
           28         635      562      553      520      561      579      571      570      603      629      647      629
           29         634               552      519      562      579      571      570      604      631      647      628
           30         631               553      517      562      579      572      571      605      631      647      623
           31         630               554               564               573      571               633               622

MEDIA                 650      594      552      538      545      574      576      571      589      621      645      642
MAXIMA ABSOLUTA       669      628      564      555      565      580      580      574      605      633      649      656
MINIMA MEDIA          630      562      543      517      518      566      571      568      573      607      634      622

** DATOS PRELIMINARES **              ***  VALORES  ANUALES  ***

                                     MEDIA                     591
                                     MAXIMA ABSOLUTA           669
                                     MINIMA MEDIA              517

                       I D E A M  -  INSTITUTO DE HIDROLOGIA, METEOROLOGIA Y ESTUDIOS AMBIENTALES
                                                                                                              SISTEMA DE INFORMACION
                                    VALORES MEDIOS  DIARIOS DE NIVELES (Cms)                                    NACIONAL AMBIENTAL

    FECHA DE PROCESO :  2019/05/21                    ANO  1990                              ESTACION : 29037450  STA HELENA 2

    LATITUD    1004 N               TIPO EST    LM                   DEPTO      BOLIVAR                 FECHA-INSTALACION   1978-JUN
    LONGITUD   7526 W               ENTIDAD     01  IDEAM            MUNICIPIO  ARJONA                  FECHA-SUSPENSION
    ELEVACION  0003 m.s.n.m         REGIONAL    02  ATLANTICO        CORRIENTE  CANAL DEL DIQUE

************************************************************************************************************************************
          DIA       ENERO *  FEBRE *  MARZO *  ABRIL *  MAYO  *  JUNIO *  JULIO *  AGOST *  SEPTI *  OCTUB *  NOVIE *  DICIE *
************************************************************************************************************************************

           01         593      504      475      484      506      557      561                                 593      618
           02         595      502      470      483      508      559      559                                 598      618
           03         596      494      474      476      521      559      557                                 602      619
           04         595      486      474      477      523      559      555                                 602      618
           05         587      485      469      475      526      558      555                                 602      620
           06         585      481      464      475      530      557      554                                 604      621
           07         582      477      464      475      534      558      554                                 604      622
           08         582      475      465      474      537      556      552                                 604      623
           09         573      485      463      476      538      558      551                                 605      625
           10         570      489      460      479      540      557      552                                 605      625
           11         565      493      466      478      542      557      551                                 605      625
           12         563      496      461      474      545      558      551                                 605      625
           13         563      495      462      477      546      557      552                                 605      623
           14         560      495      463      479      547      558      554                                 606      622
           15         559      494      463      479      550      561      555                                 608      620
           16         555      491      461      477      550      560      552                                 608      619
           17         553      489      467      479      551      561      553                                 611      619
           18         551      488      466      478      550      560      552                                 616      617
           19         550      481      460      477      552      560      553                                 620      617
           20         549      485      463      479      551      560      552                                 621      615
           21         544      482      459      478      552      560      551                                 615      614
           22         541      472      458      475      553      560      553                                 619      614
           23         538      467      464      483      553      559      553                                 619      612
           24         534      468      462      483      553      551      553                                 617      615
           25         529      473      457      490      554      562      554                                 618      615
           26         524      472      466      493      555      562      555                                 618      615
           27         524      475      467      493      557      562      555                                 619      614
           28         520      468      468      493      557      563      555                                 619      615
           29         513               468      496      557      563      554                                 618      616
           30         508               476      504      558      563      554                                 618      612
           31         507               488               558               553                                          611

MEDIA                 555      484      466      481      543      559      554      537      542      574      610      618
MAXIMA ABSOLUTA       597      507      489      505      559      563      562      555      550      593      622      625
MINIMA MEDIA          507      467      457      474      506      551      551      522      526      549      593      611

** DATOS PRELIMINARES **              ***  VALORES  ANUALES  ***

                                     MEDIA                     544
                                     MAXIMA ABSOLUTA           625
                                     MINIMA MEDIA              457

                       I D E A M  -  INSTITUTO DE HIDROLOGIA, METEOROLOGIA Y ESTUDIOS AMBIENTALES
                                                                                                              SISTEMA DE INFORMACION
                                    VALORES MEDIOS  DIARIOS DE NIVELES (Cms)                                    NACIONAL AMBIENTAL

    FECHA DE PROCESO :  2019/05/21                    ANO  1991                              ESTACION : 29037450  STA HELENA 2

    LATITUD    1004 N               TIPO EST    LM                   DEPTO      BOLIVAR                 FECHA-INSTALACION   1978-JUN
    LONGITUD   7526 W               ENTIDAD     01  IDEAM            MUNICIPIO  ARJONA                  FECHA-SUSPENSION
    ELEVACION  0003 m.s.n.m         REGIONAL    02  ATLANTICO        CORRIENTE  CANAL DEL DIQUE

************************************************************************************************************************************
          DIA       ENERO *  FEBRE *  MARZO *  ABRIL *  MAYO  *  JUNIO *  JULIO *  AGOST *  SEPTI *  OCTUB *  NOVIE *  DICIE *
************************************************************************************************************************************

           01         609      504      460      460      507      557      561      539      525      547      580      591
           02         607      504      461      463      505      560      559      544      523      551      580      591
           03         605      502      459      471      505      562      562      540      518      553      578      592
           04         607      493      456      471      507      561      560      544      521      555      580      594
           05         604      492      460      473      507      560      560      545      514      555      581      592
           06         595      484      459      474      509      559      559      547      511      559      580      592
           07         594      478      458      475      510      561      560      549      510      560      581      592
           08         594      473      458      473      517      560      558      550      510      563      582      593
           09         593      470      456      470      520      560      556      551      512      567      582      590
           10         586      465      462      472      524      559      560      551      513      568      581      590
           11         585      463      462      472      526      558      560      554      512      571      583      589
           12         578      463      464      471      527      559      560      553      512      573      586      586
           13         579      463      470      468      530      559      563      556      512      575      583      583
           14         576      465      474      470      529      560      553      556      511      576      587      587
           15         572      468      477      475      531      560      564      557      510      579      590      587
           16         570      467      480      481      533      560      564      557      507      579      589      586
           17         564      466      485      484      536      559      564      555      503      580      588      586
           18         559      467      493      487      543      557      560      552      505      580      590      586
           19         560      464      496      494      542      556      562      549      502      581      590      584
           20         560      465      496      496      544      558      560      549      506      582      590      583
           21         558      465      498      501      545      557      560      546      514      581      589      581
           22         554      465      495      499      546      558      559      545      517      581      588      583
           23         543      459      487      499      547      558      558      547      521      584      589      583
           24         536      458      487      501      547      559      558      545      527      583      589      583
           25         534      459      479      504      551      559      558      544      528      582      587      583
           26         532      458      468      506      552      559      555      541      533      587      590      583
           27         530      459      466      507      554      560      553      538      534      584      591      581
           28         524      459      465      508      556      558      549      535      542      584      590      579
           29         516               463      507      557      559      546      534      541      582      590      577
           30         515               457      506      557      560      551      533      549      582      594      578
           31         515               459               557               543      531               581               575

MEDIA                 566      471      471      484      533      559      558      546      518      573      586      586
MAXIMA ABSOLUTA       609      507      501      509      559      563      565      558      549      589      595      595
MINIMA MEDIA          515      458      456      460      505      556      543      531      502      547      578      575

** DATOS PRELIMINARES **              ***  VALORES  ANUALES  ***

                                     MEDIA                     538
                                     MAXIMA ABSOLUTA           609
                                     MINIMA MEDIA              456

                       I D E A M  -  INSTITUTO DE HIDROLOGIA, METEOROLOGIA Y ESTUDIOS AMBIENTALES
                                                                                                              SISTEMA DE INFORMACION
                                    VALORES MEDIOS  DIARIOS DE NIVELES (Cms)                                    NACIONAL AMBIENTAL

    FECHA DE PROCESO :  2019/05/21                    ANO  1992                              ESTACION : 29037450  STA HELENA 2

    LATITUD    1004 N               TIPO EST    LM                   DEPTO      BOLIVAR                 FECHA-INSTALACION   1978-JUN
    LONGITUD   7526 W               ENTIDAD     01  IDEAM            MUNICIPIO  ARJONA                  FECHA-SUSPENSION
    ELEVACION  0003 m.s.n.m         REGIONAL    02  ATLANTICO        CORRIENTE  CANAL DEL DIQUE

************************************************************************************************************************************
          DIA       ENERO *  FEBRE *  MARZO *  ABRIL *  MAYO  *  JUNIO *  JULIO *  AGOST *  SEPTI *  OCTUB *  NOVIE *  DICIE *
************************************************************************************************************************************

           01         575      471      456      445      474      537      525      528      551      581      594      578
           02         572      470      456      440      475      537      524      530      552      583      594      578
           03         574      470      455      449      481      538      527      530      550      584      593      579
           04         572      468      453      441      482      543      527      529      552      591      591      580
           05         564      464      454      443      486      545      525      532      553      590      590      580
           06         561      466      454      445      489      547      515      532      555      599      589      582
           07         557      468      456      453      492      549      507      535      555      610      588      583
           08         552      471      460      453      485      550      505      535      558      603      588      583
           09         552      469      461      455      494      549      504      538      555      602      587      584
           10         551      469      457      454      494      549      502      536      558      603      586      584
           11         549      470      461      451      500      548      504      545      559      602      585      586
           12         546      461      459      456      499      548      509      546      559      602      583      585
           13         541      461      462      458      501      550      513      550      559      603      584      587
           14         536      462      459      458      502      548      516      550      560      601      580      588
           15         536      462      456      461      505      548      518      551      560      600      583      588
           16         531      455      459      460      505      548      519      552      560      599      583      588
           17         521      461      453      453      503      547      522      553      562      600      582      589
           18         515      462      452      454      508      544      525      555      560      599      579      589
           19         511      468      450      451      508      543      527      557      560      600      580      587
           20         507      465      450      456      508      540      527      557      563      599      580      587
           21         504      463      453      459      507      535      527      555      563      599      579      586
           22         499      463      455      463      510      535      527      554      566      598      579      585
           23         497      461      453      463      514      534      526      553      567      596      579      585
           24         496      462      458      464      515      534      525      553      572      597      579      584
           25         488      462      457      461      519      533      525      552      573      598      579      582
           26         489      457      458      460      520      532      522      551      573      598      580      581
           27         481      456      457      467      522      531      520      552      575      597      580      583
           28         476      456      451      469      526      529      520      552      578      597      576      577
           29         476      457      449      469      528      528      518      554      578      597      580      574
           30         470               448      472      528      521      522      552      579      597      578      569
           31         471               451               530               525      553               595               565

MEDIA                 525      463      455      456      503      540      519      546      562      597      583      582
MAXIMA ABSOLUTA       575      475      470      472      530      553      530      559      580      610      594      589
MINIMA MEDIA          470      455      448      440      474      521      502      528      550      581      576      565

** DATOS PRELIMINARES **              ***  VALORES  ANUALES  ***

                                     MEDIA                     528
                                     MAXIMA ABSOLUTA           610
                                     MINIMA MEDIA              440

                       I D E A M  -  INSTITUTO DE HIDROLOGIA, METEOROLOGIA Y ESTUDIOS AMBIENTALES
                                                                                                              SISTEMA DE INFORMACION
                                    VALORES MEDIOS  DIARIOS DE NIVELES (Cms)                                    NACIONAL AMBIENTAL

    FECHA DE PROCESO :  2019/05/21                    ANO  1993                              ESTACION : 29037450  STA HELENA 2

    LATITUD    1004 N               TIPO EST    LM                   DEPTO      BOLIVAR                 FECHA-INSTALACION   1978-JUN
    LONGITUD   7526 W               ENTIDAD     01  IDEAM            MUNICIPIO  ARJONA                  FECHA-SUSPENSION
    ELEVACION  0003 m.s.n.m         REGIONAL    02  ATLANTICO        CORRIENTE  CANAL DEL DIQUE

************************************************************************************************************************************
          DIA       ENERO *  FEBRE *  MARZO *  ABRIL *  MAYO  *  JUNIO *  JULIO *  AGOST *  SEPTI *  OCTUB *  NOVIE *  DICIE *
************************************************************************************************************************************

           01         563      499      458      502      552      599      601      590      571      601      611      621
           02         564      496      457      504      553      599      602      593      572      600      611      622
           03         556      496      455      504      555      601      600      592      572      600      612      622
           04         553      491      456      503      552      600      601      583      571      600      612      624
           05         550      488      451      504      555      602      602      579      570      602      612      624
           06         545      494      455      502      560      600      601      583      571      602      613      624
           07         544      498      456      500      562      603      601      582      574      601      613      624
           08         546      497      447      501      565      602      601      581      574      601      613      623
           09         544      496      448      506      568      602      601      578      574      601      613      623
           10         547      496      454      506      569      602      600      574      576      604      613      623
           11         547      492      458      505      573      603      599      569      575      605      613      623
           12         548      495      463      505      575      602      598      564      577      605      614      624
           13         547      491      471      512      575      603      599      563      580      605      614      623
           14         545      494      474      512      580      604      598      565      581      606      616      624
           15         544      495      476      514      581      603      598      569      583      606      616      625
           16         538      491      471      515      581      603      597      569      583      607      616      625
           17         532      482      470      517      581      603      597      568      586      607      615      625
           18         531      480      470      519      582      603      599      568      585      609      615      625
           19         525      480      471      519      584      603      599      570      588      608      615      626
           20         525      476      470      522      587      603      598      571      592      611      615      625
           21         525      474      466      524      587      603      597      575      593      610      615      626
           22         527      471      467      528      589      603      596      572      594      611      616      626
           23         527      470      465      528      589      603      597      571      595      610      616      626
           24         524      468      470      531      593      603      597      571      595      609      618      626
           25         521      466      468      537      593      603      596      569      595      609      618      626
           26         516      464      467      539      595      603      595      570      596      609      620      627
           27         515      460      477      545      598      603      595      568      595      609      620      626
           28         511      460      475      548      598      603      594      568      596      609      621      626
           29         507               474      548      599      603      592      569      599      611      620      626
           30         505               496      551      599      601      592      570      599      611      621      626
           31         501               498               599               590      570               611               626

MEDIA                 534      484      466      518      578      602      598      573      583      606      615      624
MAXIMA ABSOLUTA       565      502      501      551      599      604      602      598      599      612      621      627
MINIMA MEDIA          501      460      447      500      552      599      590      563      570      600      611      621

** DATOS PRELIMINARES **              ***  VALORES  ANUALES  ***

                                     MEDIA                     565
                                     MAXIMA ABSOLUTA           627
                                     MINIMA MEDIA              447

                       I D E A M  -  INSTITUTO DE HIDROLOGIA, METEOROLOGIA Y ESTUDIOS AMBIENTALES
                                                                                                              SISTEMA DE INFORMACION
                                    VALORES MEDIOS  DIARIOS DE NIVELES (Cms)                                    NACIONAL AMBIENTAL

    FECHA DE PROCESO :  2019/05/21                    ANO  1994                              ESTACION : 29037450  STA HELENA 2

    LATITUD    1004 N               TIPO EST    LM                   DEPTO      BOLIVAR                 FECHA-INSTALACION   1978-JUN
    LONGITUD   7526 W               ENTIDAD     01  IDEAM            MUNICIPIO  ARJONA                  FECHA-SUSPENSION
    ELEVACION  0003 m.s.n.m         REGIONAL    02  ATLANTICO        CORRIENTE  CANAL DEL DIQUE

************************************************************************************************************************************
          DIA       ENERO *  FEBRE *  MARZO *  ABRIL *  MAYO  *  JUNIO *  JULIO *  AGOST *  SEPTI *  OCTUB *  NOVIE *  DICIE *
************************************************************************************************************************************

           01         626      580      513      535      577      607      617      601      585      591      616      626
           02         626      574      513      635      580      607      617      599      587      594      616      626
           03         626      575      515      535      581      607      617      597      586      596      617      626
           04         626      571      517      542      583      608      618      596      586      594      618      626
           05         626      566      519      545      583      610      617      594      586      594      619      626
           06         626      565      518      546      583      610      620      591      586      596      620      626
           07         625      564      521      547      585      610      621      591      586      596      620      626
           08         625      561      515      549      586      611      621      592      585      596      619      626
           09         624      558      522      551      588      612      620      593      586      595      621      626
           10         622      558      527      554      588      612      620      593      586      595      621      626
           11         621      557      526      554      589      613      619      595      583      597      621      626
           12         620      556      525      555      590      613      619      593      584      599      621      626
           13         617      553      525      557      592      615      618      593      583      601      621      626
           14         618      548      525      557      592      615      618      591      582      602      622      626
           15         618      545      524      558      593      615      618      591      580      602      623      626
           16         616      542      523      559      595      615      617      591      581      601      622      626
           17         616      538      525      559      595      615      615      590      580      602      624      626
           18         613      533      524      558      595      615      614      591      578      604      623      626
           19         612      528      524      560      596      616      613      591      578      608      623      626
           20         612      524      527      564      597      617      613      593      577      610      623      626
           21         611      522      524      567      597      616      613      593      576      610      623      626
           22         609      521      521      567      598      615      611      591      576      610      622      625
           23         606      517      521      567      599      616      610      591      576      610      623      625
           24         604      513      521      567      599      616      610      592      577      610      624      625
           25         602      511      523      568      599      616      608      591      580      614      626      625
           26         599      513      531      568      600      617      608      589      580      614      626      623
           27         597      512      531      570      601      618      608      590      581      614      627      623
           28         595      512      531      572      603      618      607      588      584      615      626      622
           29         592               531      573      604      617      605      589      585      615      626      622
           30         588               533      575      605      617      604      589      588      616      626      622
           31         583               535               605               603      587               616               621

MEDIA                 613      543      523      560      593      613      614      592      582      604      622      625
MAXIMA ABSOLUTA       626      581      535      637      605      618      622      602      588      616      627      626
MINIMA MEDIA          583      511      513      535      577      607      603      587      576      591      616      621

** DATOS PRELIMINARES **              ***  VALORES  ANUALES  ***

                                     MEDIA                     590
                                     MAXIMA ABSOLUTA           637
                                     MINIMA MEDIA              511

                       I D E A M  -  INSTITUTO DE HIDROLOGIA, METEOROLOGIA Y ESTUDIOS AMBIENTALES
                                                                                                              SISTEMA DE INFORMACION
                                    VALORES MEDIOS  DIARIOS DE NIVELES (Cms)                                    NACIONAL AMBIENTAL

    FECHA DE PROCESO :  2019/05/21                    ANO  1995                              ESTACION : 29037450  STA HELENA 2

    LATITUD    1004 N               TIPO EST    LM                   DEPTO      BOLIVAR                 FECHA-INSTALACION   1978-JUN
    LONGITUD   7526 W               ENTIDAD     01  IDEAM            MUNICIPIO  ARJONA                  FECHA-SUSPENSION
    ELEVACION  0003 m.s.n.m         REGIONAL    02  ATLANTICO        CORRIENTE  CANAL DEL DIQUE

************************************************************************************************************************************
          DIA       ENERO *  FEBRE *  MARZO *  ABRIL *  MAYO  *  JUNIO *  JULIO *  AGOST *  SEPTI *  OCTUB *  NOVIE *  DICIE *
************************************************************************************************************************************

           01         620      500      453      477      532      570      599      623      633      631      628      630
           02         618      500      453      481      535      570      600      619      633      631      628      630
           03         616      495      454      484      537      572      598      619      633      630      628      630
           04         616      492      450      484      540      574      600      618      631      630      628      630
           05         615      493      450      490      545      575      601      618      630      630      628      630
           06         612      491      459      488      546      576      604      616      630      629      628      629
           07         610      486      457      489      546      578      604      617      630      629      628      629
           08         607      485      448      486      547      577      604      616      629      628      629      629
           09         604      479      450      482      548      580      603      615      630      628      629      629
           10         600      472      464      485      547      582      604      615      630      628      630      629
           11         596      470      458      480      549      582      602      616      630      628      630      629
           12         592      471      456      478      551      584      603      617      630      628      630      629
           13         586      464      452      478      550      583      602      618      630      628      630      629
           14         581      460      457      478      552      584      601      621      631      627      630      628
           15         574      466      457      482      555      588      602      621      630      627      630      628
           16         568      468      461      481      557      589      602      624      631      627      629      628
           17         564      462      460      480      557      591      603      624      630      627      629      627
           18         556      454      456      481      557      592      605      624      630      629      629      626
           19         551      453      467      486      559      593      604      626      630      628      629      625
           20         547      453      476      496      560      595      604      625      629      629      629      624
           21         546      450      475      499      563      596      605      628      630      629      630      622
           22         545      454      472      506      564      597      605      626      630      629      629      622
           23         543      458      468      503      566      597      605      628      630      629      630      622
           24         541      456      469      508      562      597      606      628      630      628      630      621
           25         538      454      461      510      567      599      607      629      631      628      630      620
           26         536      452      466      514      565      598      608      629      630      628      630      620
           27         533      454      462      515      566      599      615      630      630      628      631      620
           28         529      451      453      518      566      598      621      631      631      628      631      619
           29         518               465      520      567      599      623      631      631      629      631      619
           30         511               463      523      565      598      624      632      630      629      630      618
           31         506               467               568               622      633               628               617

MEDIA                 570      469      460      492      554      587      606      623      630      628      629      625
MAXIMA ABSOLUTA       620      501      479      523      568      599      624      633      633      632      631      630
MINIMA MEDIA          506      450      448      477      532      570      598      615      629      627      628      617

** DATOS PRELIMINARES **              ***  VALORES  ANUALES  ***

                                     MEDIA                     573
                                     MAXIMA ABSOLUTA           633
                                     MINIMA MEDIA              448

                       I D E A M  -  INSTITUTO DE HIDROLOGIA, METEOROLOGIA Y ESTUDIOS AMBIENTALES
                                                                                                              SISTEMA DE INFORMACION
                                    VALORES MEDIOS  DIARIOS DE NIVELES (Cms)                                    NACIONAL AMBIENTAL

    FECHA DE PROCESO :  2019/05/21                    ANO  1996                              ESTACION : 29037450  STA HELENA 2

    LATITUD    1004 N               TIPO EST    LM                   DEPTO      BOLIVAR                 FECHA-INSTALACION   1978-JUN
    LONGITUD   7526 W               ENTIDAD     01  IDEAM            MUNICIPIO  ARJONA                  FECHA-SUSPENSION
    ELEVACION  0003 m.s.n.m         REGIONAL    02  ATLANTICO        CORRIENTE  CANAL DEL DIQUE

************************************************************************************************************************************
          DIA       ENERO *  FEBRE *  MARZO *  ABRIL *  MAYO  *  JUNIO *  JULIO *  AGOST *  SEPTI *  OCTUB *  NOVIE *  DICIE *
************************************************************************************************************************************

           01         615      568      542      579      576      603      627      636      630      627      627      628
           02         614      556      543      584      577      605      627      636      630      625      628      628
           03         614      568      540      582      577      607      627      636      631      623      627      628
           04         613      562      542      581      578      610      627      639      631      625      629      630
           05         612      557      544      582      581      609      628      638      633      626      627      629
           06         611      554      545      582      580      610      628      639      633      625      627      629
           07         609      552      547      584      582      612      628      639      631      625      626      628
           08         606      552      548      583      584      613      627      638      630      625      626      627
           09         604      555      551      584      584      613      626      638      631      626      626      626
           10         603      556      553      584      585      613      626      638      632      625      626      625
           11         602      558      554      585      587      613      628      638      630      624      626      624
           12         601      560      557      583      587      613      629      638      630      631      626      623
           13         599      559      560      582      588      613      629      638      630      630      626      623
           14         599      558      562      583      587      614      629      638      630      629      626      623
           15         598      556      563      583      588      615      630      638      630      629      627      622
           16         597      555      565      583      590      615      631      636      630      629      628      622
           17         596      556      568      583      590      615      630      636      629      630      630      622
           18         592      555      568      583      591      616      630      637      628      627      631      622
           19         590      557      570      583      591      617      630      636      629      627      630      621
           20         589      555      573      583      595      619      630      636      628      626      630      620
           21         588      556      576      584      595      619      630      635      627      626      629      618
           22         587      554      576      583      596      621      631      635      627      627      629      617
           23         587      556      576      582      598      621      631      636      627      626      628      617
           24         585      554      578      579      598      621      631      635      626      625      628      615
           25         584      552      579      575      599      623      632      633      626      627      628      613
           26         582      551      579      574      601      624      633      633      626      626      627      612
           27         581      549      580      575      601      626      639      633      628      626      628      611
           28         578      545      580      577      601      627      639      633      627      625      627      609
           29         577      543      580      577      603      627      638      631      626      625      627      609
           30         576               580      577      604      627      637      631      627      626      628      607
           31         571               580               604               637      631               626               603

MEDIA                 595      555      563      581      590      616      630      636      629      626      627      620
MAXIMA ABSOLUTA       615      568      581      586      604      627      639      640      634      631      631      630
MINIMA MEDIA          571      543      540      574      576      603      626      631      626      623      626      603

** DATOS PRELIMINARES **              ***  VALORES  ANUALES  ***

                                     MEDIA                     606
                                     MAXIMA ABSOLUTA           640
                                     MINIMA MEDIA              540

                       I D E A M  -  INSTITUTO DE HIDROLOGIA, METEOROLOGIA Y ESTUDIOS AMBIENTALES
                                                                                                              SISTEMA DE INFORMACION
                                    VALORES MEDIOS  DIARIOS DE NIVELES (Cms)                                    NACIONAL AMBIENTAL

    FECHA DE PROCESO :  2019/05/21                    ANO  1997                              ESTACION : 29037450  STA HELENA 2

    LATITUD    1004 N               TIPO EST    LM                   DEPTO      BOLIVAR                 FECHA-INSTALACION   1978-JUN
    LONGITUD   7526 W               ENTIDAD     01  IDEAM            MUNICIPIO  ARJONA                  FECHA-SUSPENSION
    ELEVACION  0003 m.s.n.m         REGIONAL    02  ATLANTICO        CORRIENTE  CANAL DEL DIQUE

************************************************************************************************************************************
          DIA       ENERO *  FEBRE *  MARZO *  ABRIL *  MAYO  *  JUNIO *  JULIO *  AGOST *  SEPTI *  OCTUB *  NOVIE *  DICIE *
************************************************************************************************************************************

           01         601      522      488      425      482      474      537      494      483      523      533      562
           02         597      520      484      435      487      475      537      496      480      526      532      564
           03         594      519      477      423      482      478      536      496      473      527      531      561
           04         588      517      469      421      480      481      536      496      474      526      528      561
           05         582      514      463      420      480      483      540      495      470      523      524      561
           06         578      512      455      415      476      486      544      496      474      523      523      562
           07         575      510      450      417      477      487      542      496      474      525      523      562
           08         573      508      443      419      478      488      541      497      480      525      524      559
           09         570      505      435      423      477      489      536      497      481      526      525      558
           10         568      504      432      429      477      490      533      494      481      525      528      556
           11         564      505      425      429      474      492      533      489      476      528      530      554
           12         561      504      422      434      474      495      533      487      483      526      534      550
           13         557      503      418      434      473      500      533      484      491      522      537      545
           14         551      507      416      433      474      507      534      483      491      519      542      541
           15         548      509      415      435      474      511      538      480      495      520      547      537
           16         542      511      417      435      475      517      536      477      495      524      550      532
           17         540      513      418      438      477      520      537      472      494      528      553      527
           18         538      512      425      436      475      521      535      477      498      528      556      521
           19         534      509      424      436      475      523      531      483      495      530      560      519
           20         531      508      426      435      477      524      530      488      490      529      562      512
           21         526      506      428      435      477      525      530      487      491      531      560      508
           22         525      505      425      438      478      527      529      488      488      532      560      506
           23         521      504      428      446      477      528      529      487      484      533      561      498
           24         521      504      433      445      476      529      526      487      482      535      561      497
           25         520      501      445      454      473      530      527      486      479      539      561      498
           26         518      500      445      465      467      531      525      487      483      538      565      492
           27         515      497      447      474      471      532      515      485      494      539      563      489
           28         512      493      446      479      471      532      499      485      507      540      563      475
           29         516               446      478      473      533      494      480      515      539      563      476
           30         519               447      478      474      533      496      481      520      536      561      473
           31         522               436               474               495      484               535               469

MEDIA                 549      508      440      439      476      508      529      487      487      529      545      526
MAXIMA ABSOLUTA       601      522      488      479      487      533      544      498      520      540      565      567
MINIMA MEDIA          512      493      415      415      467      474      494      472      470      519      523      469

** DATOS PRELIMINARES **              ***  VALORES  ANUALES  ***

                                     MEDIA                     502
                                     MAXIMA ABSOLUTA           601
                                     MINIMA MEDIA              415

                       I D E A M  -  INSTITUTO DE HIDROLOGIA, METEOROLOGIA Y ESTUDIOS AMBIENTALES
                                                                                                              SISTEMA DE INFORMACION
                                    VALORES MEDIOS  DIARIOS DE NIVELES (Cms)                                    NACIONAL AMBIENTAL

    FECHA DE PROCESO :  2019/05/21                    ANO  1998                              ESTACION : 29037450  STA HELENA 2

    LATITUD    1004 N               TIPO EST    LM                   DEPTO      BOLIVAR                 FECHA-INSTALACION   1978-JUN
    LONGITUD   7526 W               ENTIDAD     01  IDEAM            MUNICIPIO  ARJONA                  FECHA-SUSPENSION
    ELEVACION  0003 m.s.n.m         REGIONAL    02  ATLANTICO        CORRIENTE  CANAL DEL DIQUE

************************************************************************************************************************************
          DIA       ENERO *  FEBRE *  MARZO *  ABRIL *  MAYO  *  JUNIO *  JULIO *  AGOST *  SEPTI *  OCTUB *  NOVIE *  DICIE *
************************************************************************************************************************************

           01         464      454      438      464      538      590      617      633      632      642               654
           02         462      459      443      469      538      593      617      635      633      641               654
           03         465      458      443      466      540      595      616      634      633      642               655
           04         468      454      440      470      540      595      616      633      633      642               654
           05         472      447      439      473      541      595      615      633      633      644               655
           06         474      440      437      476      541      598      618      633      633      645               655
           07         466      447      447      479      545      599      618      633      634      644               657
           08         465      439      445      476      550      600      618      633      635      643               657
           09         451      441      439      478      552      600      619      633      635      643               657
           10         450      433      449      480      555      601      620      635      635      643      652      658
           11         450      435      450      480      557      601      621      632      635      643      652      658
           12         446      435      451      485      560      602      622      633      634      643      650      658
           13         441      436      451      488      561      603      624      632      634      643      651      658
           14         444      433      450      491      563      604      625      631      635      644      651      658
           15         439      430      450      493      565      606      626      630      635      644      651      658
           16         443      433      450      495      564      608      625      628      634      644      651      658
           17         443      431      455      506      565      610      626      628      635      645      651      659
           18         450      431      450      508      574      610      626      628      635      645      652      659
           19         450      437      443      510      578      610      628      628      635      647      652      659
           20         448      439      460      512      580      610      627      628      636      648      652      659
           21         449      442      459      514      582      611      628      628      636      648      652      659
           22         455      450      459      514      584      612      628      628      637               652      659
           23         449      450      459      516      585      611      628      628      638               653      660
           24         444      451      460      519      585      611      631      628      638               653      660
           25         450      452      449      520      584      612      631      629      639               653      661
           26         440      456      456      523      586      614      631      630      639               653      660
           27         445      458      442      527      584      614      632      630      640               653      662
           28         448      450      449      530      584      615      633      631      640               653      662
           29         433               459      534      584      616      633      630      641               653      661
           30         435               457      537      587      616      633      631      641               653      662
           31         433               463               588               634      632                                 662

MEDIA                 450      443      449      498      566      605      624      631      636      644 3    652 3    658
MAXIMA ABSOLUTA       477      461      469      538      589      617      635      635      642      648 3    653 3    662
MINIMA MEDIA          433      430      437      464      538      590      615      628      632      641 3    650 3    654

** DATOS PRELIMINARES **              ***  VALORES  ANUALES  ***                                           ** ORIGENES DE DATO **

                                     MEDIA                     571                                         3 : INCOMPLETOS
                                     MAXIMA ABSOLUTA           662
                                     MINIMA MEDIA              430

                       I D E A M  -  INSTITUTO DE HIDROLOGIA, METEOROLOGIA Y ESTUDIOS AMBIENTALES
                                                                                                              SISTEMA DE INFORMACION
                                    VALORES MEDIOS  DIARIOS DE NIVELES (Cms)                                    NACIONAL AMBIENTAL

    FECHA DE PROCESO :  2019/05/21                    ANO  1999                              ESTACION : 29037450  STA HELENA 2

    LATITUD    1004 N               TIPO EST    LM                   DEPTO      BOLIVAR                 FECHA-INSTALACION   1978-JUN
    LONGITUD   7526 W               ENTIDAD     01  IDEAM            MUNICIPIO  ARJONA                  FECHA-SUSPENSION
    ELEVACION  0003 m.s.n.m         REGIONAL    02  ATLANTICO        CORRIENTE  CANAL DEL DIQUE

************************************************************************************************************************************
          DIA       ENERO *  FEBRE *  MARZO *  ABRIL *  MAYO  *  JUNIO *  JULIO *  AGOST *  SEPTI *  OCTUB *  NOVIE *  DICIE *
************************************************************************************************************************************

           01         662      643      629      630      640      653      658      662      663      662      680      687
           02         662      643      629      629      641      653      659      662      662      662      681      687
           03         662      642      628      629      641      653      659      662      661      661      681      687
           04         661      640      629      629      641      652      661      662      661      661      681      687
           05         660      639      629      629      643      656      661      662      661      663      678      687
           06         660      637      629      629      644      655      661      662      661      663      678      688
           07         660      634      630      629      642      656      662      662      661      663      678      688
           08         660      635      631      629      643      656      661      662      661      663      678      687
           09         660      633      631      631      643      655      661      662      661      663      678      687
           10         660      629      631      630      654      657      661      662      660      663      678      687
           11         660      629      630      630      654      655      661      662      660      665      678      687
           12         660      629      631      631      654      655      662      662      660      668      678      687
           13         660      628      630      633      653      655      662      662      660      668      680      688
           14         659      627      628      634      652      655      661      662      661      670      681      689
           15         659      627      629      634      651      657      661      661      662      670      682      690
           16         659      626      630      635      651      656      661      660      662      670      684      690
           17         659      627      630      635      651      657      661      661      662      670      694      690
           18         658      624      631      635      651      657      662      661      662      670      697      690
           19         657      626      631      636      651      657      662      661      662      672      697      690
           20         656      625      631      636      651      657      662      661      662      673      695      688
           21         655      625      632      636      652      657      662      661      662      673      693      688
           22         655      628      633      636      652      658      662      662      663      674      692      688
           23         654      628      633      636      653      657      662      662      668      674      690      687
           24         653      629      633      637      652      657      662      660      668      675      688      687
           25         651      630      632      636      652      657      662      660      668      675      688      687
           26         651      630      632      637      651      657      662      660      668      675      688      687
           27         649      628      631      638      650      657      662      660      668      675      688      686
           28         648      629      629      638      651      658      664      662      663      675      688      684
           29         647               629      638      651      658      662      661      663      679      687      684
           30         645               630      638      652      659      662      660      663      679      687      684
           31         645               629               653               661      660               679               683

MEDIA                 656      631      630      633      649      656      661      661      663      669      685      687
MAXIMA ABSOLUTA       662      644      633      638      654      659      664      662      668      679      697      690
MINIMA MEDIA          645      624      628      629      640      652      658      660      660      661      678      683

** DATOS PRELIMINARES **              ***  VALORES  ANUALES  ***

                                     MEDIA                     657
                                     MAXIMA ABSOLUTA           697
                                     MINIMA MEDIA              624

                       I D E A M  -  INSTITUTO DE HIDROLOGIA, METEOROLOGIA Y ESTUDIOS AMBIENTALES
                                                                                                              SISTEMA DE INFORMACION
                                    VALORES MEDIOS  DIARIOS DE NIVELES (Cms)                                    NACIONAL AMBIENTAL

    FECHA DE PROCESO :  2019/05/21                    ANO  2000                              ESTACION : 29037450  STA HELENA 2

    LATITUD    1004 N               TIPO EST    LM                   DEPTO      BOLIVAR                 FECHA-INSTALACION   1978-JUN
    LONGITUD   7526 W               ENTIDAD     01  IDEAM            MUNICIPIO  ARJONA                  FECHA-SUSPENSION
    ELEVACION  0003 m.s.n.m         REGIONAL    02  ATLANTICO        CORRIENTE  CANAL DEL DIQUE

************************************************************************************************************************************
          DIA       ENERO *  FEBRE *  MARZO *  ABRIL *  MAYO  *  JUNIO *  JULIO *  AGOST *  SEPTI *  OCTUB *  NOVIE *  DICIE *
************************************************************************************************************************************

           01         683      662      605      588      594      633      667      668      651      658      677      675
           02         683      661      608      588      594      633      667      668      651      658      678      675
           03         682      659      608      586      595      633      668      668      651      659      678      675
           04         681      656      608      584      596      636      669      668      651      659      678      678
           05         683      654      608      583      596      637      671      668      651      661      678      678
           06         683      653      608      582      596      638      672      668      651      664      678      677
           07         683      651      609      583      598      640      674      668      651      665      678      677
           08         682      649      610      583      599      642      674      667      652      667      677      677
           09         682      647      611      584      602      643      674      667      652      670      677      677
           10         682      645      612      583      606      643      673      667      652      670      677      676
           11         680      644      612      581      609      644      673      667      652      671      678      675
           12         680      642      612      585      610      644      672      667      652      672      678      675
           13         680      640      612      584      608      646      672      667      652      673      678      674
           14         680      638      610      583      609      647      672      667      652      674      678      672
           15         680      636      608      583      610      647      672      666      653      674      678      671
           16         679      634      605      583      611      648      672      666      653      676      677      670
           17         679      632      602      583      611      650      672      666      655      676      677      668
           18         677      630      601      584      614      651      672      666      655      677      677      668
           19         677      628      598      584      616      652      672      666      655      677      677      667
           20         676      626      596      585      617      653      672      664      656      677      677      665
           21         675      624      597      586      618      654      672      664      657      667      677      663
           22         674      622      595      585      619      655      672      664      657      667      677      661
           23         674      620      595      587      621      657      671      663      657      667      677      659
           24         673      618      593      588      625      658      671      663      657      667      677      657
           25         673      616      592      589      628      662      671      663      657      667      677      655
           26         672      613      590      592      630      666      670      663      657      677      676      652
           27         671      609      588      593      630      665      669      662      657      677      676      650
           28         670      607      588      592      630      664      669      662      657      677      676      647
           29         667      605      589      592      630      666      668      662      657      678      675      646
           30         665               588      594      630      667      668      662      657      678      675      646
           31         663               588               630               668      662               678               644

MEDIA                 677      635      601      586      612      649      671      665      654      670      677      666
MAXIMA ABSOLUTA       683      662      613      594      630      667      674      668      657      678      678      678
MINIMA MEDIA          663      605      588      581      594      633      667      662      651      658      675      644

** DATOS PRELIMINARES **              ***  VALORES  ANUALES  ***

                                     MEDIA                     647
                                     MAXIMA ABSOLUTA           683
                                     MINIMA MEDIA              581

                       I D E A M  -  INSTITUTO DE HIDROLOGIA, METEOROLOGIA Y ESTUDIOS AMBIENTALES
                                                                                                              SISTEMA DE INFORMACION
                                    VALORES MEDIOS  DIARIOS DE NIVELES (Cms)                                    NACIONAL AMBIENTAL

    FECHA DE PROCESO :  2019/05/21                    ANO  2001                              ESTACION : 29037450  STA HELENA 2

    LATITUD    1004 N               TIPO EST    LM                   DEPTO      BOLIVAR                 FECHA-INSTALACION   1978-JUN
    LONGITUD   7526 W               ENTIDAD     01  IDEAM            MUNICIPIO  ARJONA                  FECHA-SUSPENSION
    ELEVACION  0003 m.s.n.m         REGIONAL    02  ATLANTICO        CORRIENTE  CANAL DEL DIQUE

************************************************************************************************************************************
          DIA       ENERO *  FEBRE *  MARZO *  ABRIL *  MAYO  *  JUNIO *  JULIO *  AGOST *  SEPTI *  OCTUB *  NOVIE *  DICIE *
************************************************************************************************************************************

           01         638      529      471      498      481      547      557      553      496      552      594      610
           02         634      527      467      497      479      547      556      554      496      554      595      609
           03         631      524      469      498      479      551      554      553      502      553      597      610
           04         628      519      474      494      478      555      554      556      509      554      596      610
           05         624      512      472      494      480      558      554      556      525      552      596      612
           06         622      504      471      490      479      559      552      557      531      557      596      613
           07         619      497      466      497      479      557      550      559      533      558      595      614
           08         618      492      465      480      482      560      547      559      536      558      592      614
           09         609      489      465      474      482      561      548      560      536      562      595      614
           10         600      487      466      472      480      564      548      558      543      562      595      617
           11         598      489      473      477      486      564      549      555      547      567      597      618
           12         591      491      481      475      489      565      551      553      549      568      597      618
           13         589      487      486      475      494      566      551      548      551      568      597      618
           14         579      484      486      479      500      567      552      543      554      571      597      619
           15         574      481      491      477      515      568      554      540      556      571      596      620
           16         570      478      491      475      518      568      552      537      556      571      600      619
           17         568      477      490      477      521      566      555      531      559      572      599      621
           18         565      474      489      478      523      566      550      525      559      572      600      620
           19         558      472      486      477      525      566      549      523      544      573      602      621
           20         552      470      484      484      527      565      548      522      550      579      602      620
           21         551      466      481      485      529      565      549      521      550      580      603      621
           22         550      462      476      487      530      566      549      520      552      581      604      621
           23         549      460      477      492      531      567      551      515      552      583      606      621
           24         547      460      480      492      531      568      554      510      552      582      606      621
           25         547      463      490      492      531      568      554      510      554      585      606      622
           26         548      466      497      491      535      568      555      509      552      586      607      622
           27         547      469      502      481      537      568      555      506      552      590      608      622
           28         546      470      508      476      544      566      552      507      552      592      608      620
           29         545               505      475      546      564      552      502      552      591      609      620
           30         541               501      475      547      561      552      500      552      593      609      620
           31         535               498               547               552      497               592               621

MEDIA                 579      485      482      484      510      563      552      533      541      572      600      617
MAXIMA ABSOLUTA       638      529      508      499      550      570      557      560      559      593      609      624
MINIMA MEDIA          535      460      465      472      478      547      547      497      496      552      592      609

** DATOS PRELIMINARES **              ***  VALORES  ANUALES  ***

                                     MEDIA                     543
                                     MAXIMA ABSOLUTA           638
                                     MINIMA MEDIA              460

                       I D E A M  -  INSTITUTO DE HIDROLOGIA, METEOROLOGIA Y ESTUDIOS AMBIENTALES
                                                                                                              SISTEMA DE INFORMACION
                                    VALORES MEDIOS  DIARIOS DE NIVELES (Cms)                                    NACIONAL AMBIENTAL

    FECHA DE PROCESO :  2019/05/21                    ANO  2002                              ESTACION : 29037450  STA HELENA 2

    LATITUD    1004 N               TIPO EST    LM                   DEPTO      BOLIVAR                 FECHA-INSTALACION   1978-JUN
    LONGITUD   7526 W               ENTIDAD     01  IDEAM            MUNICIPIO  ARJONA                  FECHA-SUSPENSION
    ELEVACION  0003 m.s.n.m         REGIONAL    02  ATLANTICO        CORRIENTE  CANAL DEL DIQUE

************************************************************************************************************************************
          DIA       ENERO *  FEBRE *  MARZO *  ABRIL *  MAYO  *  JUNIO *  JULIO *  AGOST *  SEPTI *  OCTUB *  NOVIE *  DICIE *
************************************************************************************************************************************

           01         622      551      491      523      602      613      624      604      571      592      622      617
           02         622      547      490      532      604      615      623      601      573      598      623      616
           03         621      542      490      536      606      616      622      598      578      603      624      614
           04         621      536      494      535      608      618      622      595      582      604      624      614
           05         621      532      491      534      608      621      623      592      585      603      623      616
           06         620      529      491      535      607      622      622      590      585      601      624      614
           07         619      524      488      532      606      623      621      588      586      601      624      615
           08         618      515      486      529      605      624      622      588      586      600      627      615
           09         617      514      480      529      605      624      622      586      585      597      636      613
           10         617      513      478      528      605      626      621      585      583      597      641      612
           11         617      508      472      532      603      627      623      581      581      598      644      609
           12         616      506      474      536      603      624      623      578      578      598      647      606
           13         615      501      481      541      603      623      622      578      577      602      650      603
           14         615      495      481      546      603      624      621      576      575      598      645      598
           15         612      492      481      550      603      624      620      573      574      606      639      595
           16         611      491      483      555      601      625      620      569      573      596      634      588
           17         607      489      483      558      600      625      619      565      572      600      629      582
           18         602      490      483      560      598      624      618      562      571      598      629      580
           19         600      488      482      562      596      626      618      559      572      594      632      583
           20         597      491      487      563      595      625      617      557      574      593      634      587
           21         592      489      496      564      594      623      616      555      577      593      633      590
           22         589      493      495      566      593      623      614      554      578      593      633      593
           23         584      497      501      568      598      624      613      555      581      594      632      595
           24         579      497      505      571      602      626      612      558      584      596      631      598
           25         577      495      505      576      604      623      611      563      586      598      630      600
           26         574      491      512      581      607      625      611      567      587      602      629      599
           27         568      487      517      585      609      625      611      568      585      605      628      598
           28         564      487      516      591      612      623      610      565      584      609      625      595
           29         560               516      593      612      624      608      567      583      613      621      599
           30         558               518      597      613      624      607      567      588      617      618      596
           31         555               522               616               608      568               620               588

MEDIA                 599      507      493      553      604      623      617      574      580      600      631      601
MAXIMA ABSOLUTA       622      552      522      598      616      628      624      605      589      621      650      617
MINIMA MEDIA          555      487      472      523      593      613      607      554      571      592      618      580

** DATOS PRELIMINARES **              ***  VALORES  ANUALES  ***

                                     MEDIA                     582
                                     MAXIMA ABSOLUTA           650
                                     MINIMA MEDIA              472

                       I D E A M  -  INSTITUTO DE HIDROLOGIA, METEOROLOGIA Y ESTUDIOS AMBIENTALES
                                                                                                              SISTEMA DE INFORMACION
                                    VALORES MEDIOS  DIARIOS DE NIVELES (Cms)                                    NACIONAL AMBIENTAL

    FECHA DE PROCESO :  2019/05/21                    ANO  2003                              ESTACION : 29037450  STA HELENA 2

    LATITUD    1004 N               TIPO EST    LM                   DEPTO      BOLIVAR                 FECHA-INSTALACION   1978-JUN
    LONGITUD   7526 W               ENTIDAD     01  IDEAM            MUNICIPIO  ARJONA                  FECHA-SUSPENSION
    ELEVACION  0003 m.s.n.m         REGIONAL    02  ATLANTICO        CORRIENTE  CANAL DEL DIQUE

************************************************************************************************************************************
          DIA       ENERO *  FEBRE *  MARZO *  ABRIL *  MAYO  *  JUNIO *  JULIO *  AGOST *  SEPTI *  OCTUB *  NOVIE *  DICIE *
************************************************************************************************************************************

           01         587      475      472               561      578      620      624      614      612      648      664
           02         585      471      463               564      578      620      624      614      613      647      664
           03         583      473      461               566      581      622      625      614      613      646      664
           04         575      475      462               565      582      622      626      612      614      645      665
           05         577      474      465               563      583      622      625      609      617      646      666
           06         573      474      469               562      584      622      625      606      619      646      670
           07         565      476      466               562      587      622      625      603      620      647      676
           08         555      477      469               562      588      622      625      600      621      647      676
           09         548      478      473               562      588      622      625      599      623      647      674
           10         537      477      475               562      588      622      625      598      625      647      672
           11         527      479      474               560      587      622      626      598      626      648      670
           12         518      480      474               561      590      623      626      599      627      649      670
           13         511      476      468               561      590      624      625      600      627      650      670
           14         508      467      460               562      591      625      625      600      628      650      669
           15         504      465      467               564      593      627      625      600      633      650      668
           16         500      467      465               566      596      628      625      600      636      650      667
           17         496      470      469               566      597      628      624      601      637      651      666
           18         489      471      464               565      604      629      624      601      639      652      667
           19         488      473      469               569      611      629      624      599      641      652      667
           20         490      474      469               570      613      629      622      599      642      651      667
           21         491      476      472               570      614      628      622      600      642      651      668
           22         493      477      472               573      616      627      621      601      642      652      668
           23         494      476      480               573      617      627      620      602      641      653      668
           24         492      475      485               574      618      627      617      602      640      654      668
           25         492      474      482               573      618      626      616      602      640      656      668
           26         491      473      481               574      618      624      617      603      641      658      668
           27         485      471      484               574      619      625      617      606      642      659      668
           28         484      472      476               575      619      625      616      609      643      660      668
           29         480               478               575      619      624      615      610      646      660      668
           30         482               477               577      620      625      615      614      647      662      668
           31         475               471               578               625      616               647               668

MEDIA                 518      474      471      *        567      599      624      622      604      631      651      668
MAXIMA ABSOLUTA       587      485      497      *        579      620      629      626      617      647      662      676
MINIMA MEDIA          475      465      460      *        560      578      620      615      598      612      645      664

** DATOS PRELIMINARES **              ***  VALORES  ANUALES  ***

                                     MEDIA                     584
                                     MAXIMA ABSOLUTA           676
                                     MINIMA MEDIA              460

                       I D E A M  -  INSTITUTO DE HIDROLOGIA, METEOROLOGIA Y ESTUDIOS AMBIENTALES
                                                                                                              SISTEMA DE INFORMACION
                                    VALORES MEDIOS  DIARIOS DE NIVELES (Cms)                                    NACIONAL AMBIENTAL

    FECHA DE PROCESO :  2019/05/21                    ANO  2004                              ESTACION : 29037450  STA HELENA 2

    LATITUD    1004 N               TIPO EST    LM                   DEPTO      BOLIVAR                 FECHA-INSTALACION   1978-JUN
    LONGITUD   7526 W               ENTIDAD     01  IDEAM            MUNICIPIO  ARJONA                  FECHA-SUSPENSION
    ELEVACION  0003 m.s.n.m         REGIONAL    02  ATLANTICO        CORRIENTE  CANAL DEL DIQUE

************************************************************************************************************************************
          DIA       ENERO *  FEBRE *  MARZO *  ABRIL *  MAYO  *  JUNIO *  JULIO *  AGOST *  SEPTI *  OCTUB *  NOVIE *  DICIE *
************************************************************************************************************************************

           01         607      545      422      399      514      560      559      557      545      573      593      604
           02         606      541      423      399      518      561      557      557      545      573      594      604
           03         606      537      419      400      517      562      556      557      545      573      598      603
           04         605      531      423      404      519      562      555      558      545      572      598      603
           05         603      525      420      406      520      563      555      558      545      572      599      603
           06         603      519      419      406      525      564      552      557      546      573      600      603
           07         602      512      418      409      527      565      552      556      545      572      601      603
           08         602      504      417      411      528      566      551      555      545      572      601      602
           09         602      499      418      415      531      567      548      555      547      572      604      602
           10         600      495      418      419      533      568      547      555      550      572      609      602
           11         598      489      416      413      535      573      546      555      554      573      613      602
           12         596      484      416      412      535      571      544      553      555      574      613      602
           13         592      479      416      409      536      573      545      552      558      574      611      602
           14         585      473      417      406      536      575      544      550      559      574      610      602
           15         580      462      414      407      535      576      545      551      562      575      608      602
           16         578      453      411      407      535      576      545      551      564      576      607      601
           17         576      445      405      405      537      575      545      549      565      576      606      600
           18         575      441      402      408      536      574      545      548      565      579      606      599
           19         574      442      401      415      539      574      547      548      565      579      605      599
           20         573      438      400      423      540      573      548      547      565      579      605      599
           21         572      430      398      435      542      572      549      547      566      579      605      599
           22         571      428      399      445      543      573      549      547      566      580      605      599
           23         569      425      400      451      546      574      551      548      565      582      605      599
           24         569      423      397      461      547      573      551      548      565      583      605      599
           25         568      419      397      482      551      572      551      548      564      585      605      599
           26         568      425      393      489      554      570      552      546      566      586      604      599
           27         567      423      396      493      556      568      553      545      567      588      604      598
           28         566      421      398      497      556      566      553      543      568      589      604      598
           29         560      421      398      506      558      563      553      541      570      591      604      597
           30         555               398      512      560      562      553      543      572      592      604      596
           31         551               399               560               554      543               593               596

MEDIA                 583      470      408      431      537      569      550      550      558      578      604      600
MAXIMA ABSOLUTA       607      546      426      513      560      576      560      558      573      593      613      604
MINIMA MEDIA          551      419      393      399      514      560      544      541      545      572      593      596

** DATOS PRELIMINARES **              ***  VALORES  ANUALES  ***

                                     MEDIA                     537
                                     MAXIMA ABSOLUTA           613
                                     MINIMA MEDIA              393

                       I D E A M  -  INSTITUTO DE HIDROLOGIA, METEOROLOGIA Y ESTUDIOS AMBIENTALES
                                                                                                              SISTEMA DE INFORMACION
                                    VALORES MEDIOS  DIARIOS DE NIVELES (Cms)                                    NACIONAL AMBIENTAL

    FECHA DE PROCESO :  2019/05/21                    ANO  2005                              ESTACION : 29037450  STA HELENA 2

    LATITUD    1004 N               TIPO EST    LM                   DEPTO      BOLIVAR                 FECHA-INSTALACION   1978-JUN
    LONGITUD   7526 W               ENTIDAD     01  IDEAM            MUNICIPIO  ARJONA                  FECHA-SUSPENSION
    ELEVACION  0003 m.s.n.m         REGIONAL    02  ATLANTICO        CORRIENTE  CANAL DEL DIQUE

************************************************************************************************************************************
          DIA       ENERO *  FEBRE *  MARZO *  ABRIL *  MAYO  *  JUNIO *  JULIO *  AGOST *  SEPTI *  OCTUB *  NOVIE *  DICIE *
************************************************************************************************************************************

           01         596      530      502      455      520      571      587      569      553      560      588      608
           02         594      525      496      458      525      571      587      567      553      563      588      607
           03         593      522      489      457      526      571      586      566      554      564      588      607
           04         592      520      481      458      528      572      586      564      554      566      588      607
           05         590      517      477      461      528      573      585      563      554      566      588      607
           06         589      513      475      464      530      574      584      562      554      566      588      608
           07         587      510      476      470      531      575      584      560      554      566      588      608
           08         584      506      477      475      535      576      583      558      554      566      588      608
           09         584      504      479      478      538      576      583      557      555      567      589      609
           10         579      502      480      477      542      577      583      556      555      569      589      610
           11         578      499      484      483      545      578      581      556      554      570      590      611
           12         576      495      485      489      548      578      582      555      555      570      591      611
           13         575      495      483      494      548      579      583      555      554      570      592      612
           14         574      495      482      498      548      580      582      555      553      570      593      613
           15         573      504      481      501      549      581      582      553      553      572      595      613
           16         572      511      483      502      550      581      582      552      551      573      596      613
           17         569      519      479      503      554      581      581      551      551      573      597      613
           18         567      522      473      504      556      582      581      553      551      574      599      613
           19         565      521      469      506      557      583      581      552      550      574      602      613
           20         564      519      465      508      557      583      580      554      552      575      603      613
           21         563      518      461      509      558      584      580      556      553      576      602      613
           22         561      517      461      510      560      585      580      558      554      576      606      613
           23         558      515      460      511      562      585      581      557      555      577      608      613
           24         555      513      462      513      564      587      581      556      557      577      613      612
           25         552      513      465      515      566      587      580      556      558      577      614      611
           26         549      514      470      517      567      588      579      555      557      578      615      611
           27         546      512      472      518      568      587      578      555      555      580      610      610
           28         542      508      469      521      569      587      577      553      556      582      611      610
           29         539               464      525      570      587      575      553      556      585      610      609
           30         535               461      525      570      588      574      552      556      587      609      608
           31         533               458               571               571      552               590               608

MEDIA                 569      512      475      493      549      580      581      557      554      573      598      610
MAXIMA ABSOLUTA       596      530      506      529      571      588      588      569      559      590      615      613
MINIMA MEDIA          533      495      458      455      520      571      571      551      550      560      588      607

** DATOS PRELIMINARES **              ***  VALORES  ANUALES  ***

                                     MEDIA                     554
                                     MAXIMA ABSOLUTA           615
                                     MINIMA MEDIA              455

                       I D E A M  -  INSTITUTO DE HIDROLOGIA, METEOROLOGIA Y ESTUDIOS AMBIENTALES
                                                                                                              SISTEMA DE INFORMACION
                                    VALORES MEDIOS  DIARIOS DE NIVELES (Cms)                                    NACIONAL AMBIENTAL

    FECHA DE PROCESO :  2019/05/21                    ANO  2006                              ESTACION : 29037450  STA HELENA 2

    LATITUD    1004 N               TIPO EST    LM                   DEPTO      BOLIVAR                 FECHA-INSTALACION   1978-JUN
    LONGITUD   7526 W               ENTIDAD     01  IDEAM            MUNICIPIO  ARJONA                  FECHA-SUSPENSION
    ELEVACION  0003 m.s.n.m         REGIONAL    02  ATLANTICO        CORRIENTE  CANAL DEL DIQUE

************************************************************************************************************************************
          DIA       ENERO *  FEBRE *  MARZO *  ABRIL *  MAYO  *  JUNIO *  JULIO *  AGOST *  SEPTI *  OCTUB *  NOVIE *  DICIE *
************************************************************************************************************************************

           01         607      574      506      534      573      611      621      603      583      584      588      615
           02         607      574      505      538      573      611      621      601      582      582      588      615
           03         606      574      500      538      574      611      620      599      581      583      589      615
           04         605      573      497      545      575      612      621      598      580      583      589      615
           05         605      572      494      540      577      615      620      597      580      583      589      616
           06         604      570      491      540      579      616      620      597      580      584      590      616
           07         604      568      488      540      581      617      620      595      582      583      589      616
           08         603      567      483      541      583      617      620      593      583      582      590      616
           09         602      569      482      541      586      618      619      592      584      582      591      616
           10         601      568      482      543      588      618      619      591      585      582      593      618
           11         600      567      485      545      591      618      620      591      585      582      593      618
           12         600      565      491      547      591      619      620      591      585      581      594      618
           13         599      564      497      547      594      619      619      591      585      580      595      619
           14         598      562      504      548      594      620      617      590      585      580      596      619
           15         597      561      508      549      594      620      617      587      584      583      600      619
           16         596      557      510      551      595      620      616      585      584      582      603      619
           17         596      554      510      553      597      620      616      584      584      583      605      619
           18         595      552      509      554      603      620      615      581      585      584      606      619
           19         595      544      508      556      603      620      614      580      585      585      606      619
           20         594      542      508      558      603      620      614      579      585      585      606      618
           21         591      538      510      559      605      621      614      579      586      584      606      618
           22         590      537      510      559      607      622      613      578      586      584      607      618
           23         589      534      511      560      607      621      613      578      586      584      607      618
           24         588      526      512      560      606      622      611      578      585      583      607      618
           25         586      519      512      561      605      622      610      578      585      582      609      618
           26         584      513      515      562      606      622      609      579      586      585      611      618
           27         581      510      520      564      608      622      608      580      585      584      613      618
           28         579      507      524      566      610      622      607      581      585      586      614      618
           29         578               528      568      610      622      606      582      585      585      615      617
           30         577               531      571      610      621      605      582      584      587      615      617
           31         576               533               611               604      584               588               616

MEDIA                 594      552      505      551      595      618      615      587      584      583      600      617
MAXIMA ABSOLUTA       607      575      535      572      611      622      621      603      587      589      615      619
MINIMA MEDIA          576      507      482      534      573      611      604      578      580      580      588      615

** DATOS PRELIMINARES **              ***  VALORES  ANUALES  ***

                                     MEDIA                     583
                                     MAXIMA ABSOLUTA           622
                                     MINIMA MEDIA              482

                       I D E A M  -  INSTITUTO DE HIDROLOGIA, METEOROLOGIA Y ESTUDIOS AMBIENTALES
                                                                                                              SISTEMA DE INFORMACION
                                    VALORES MEDIOS  DIARIOS DE NIVELES (Cms)                                    NACIONAL AMBIENTAL

    FECHA DE PROCESO :  2019/05/21                    ANO  2007                              ESTACION : 29037450  STA HELENA 2

    LATITUD    1004 N               TIPO EST    LM                   DEPTO      BOLIVAR                 FECHA-INSTALACION   1978-JUN
    LONGITUD   7526 W               ENTIDAD     01  IDEAM            MUNICIPIO  ARJONA                  FECHA-SUSPENSION
    ELEVACION  0003 m.s.n.m         REGIONAL    02  ATLANTICO        CORRIENTE  CANAL DEL DIQUE

************************************************************************************************************************************
          DIA       ENERO *  FEBRE *  MARZO *  ABRIL *  MAYO  *  JUNIO *  JULIO *  AGOST *  SEPTI *  OCTUB *  NOVIE *  DICIE *
************************************************************************************************************************************

           01         616               465      493      565      608      622      615      615      620      627      636
           02         615               465      499      566      608      622      614      615      620      628      636
           03         615               460      502      567      609      623      614      616      620      627      636
           04         614               455      506      567      612      623      614      616      620      627      635
           05         612               446      513      568      612      623      613      618      620      627      635
           06         613               450      516      571      614      623      613      618      621      627      634
           07         612               451      519      572      614      623      612      618      621      627      634
           08         611               449      520      573      614      623      611      618      621      628      633
           09         609               451      524      574      614      623      611      617      621      628      633
           10         608               450      529      575      614      623      609      618      621      629      633
           11         607               449      534      577      614      624      610      619      621      629      632
           12         606               449      536      578      614      624      610      619      621      629      632
           13         604               449      538      578      614      624      609      620      621      628      631
           14         602               450      540      580      614      623      610      620      621      628      631
           15         599      487      453      541      580      615      623      611      620      621      629      631
           16         598      484      450      540      581      615      623      611      620      621      629      631
           17         596      483      450      540      584      616      622      611      620      621      630      630
           18         594      480      451      541      587      617      622      612      621      621      631      630
           19         592      478      451      543      589      618      622      612      621      621      631      630
           20         588      479      450      544      591      617      621      612      621      621      632      630
           21         587      479      453      547      593      618      620      611      621      621      632      629
           22         586      476      454      549      595      618      620      612      621      622      632      628
           23                  473      459      550      598      618      619      613      620      622      633      628
           24                  470      462      551      600      618      619      613      622      621      634      628
           25                  468      460      555      598      619      618      613      622      622      634      627
           26                  466      462      559      600      619      618      613      621      622      634      627
           27                  465      464      560      601      620      617      614      621      624      634      627
           28                  464      468      562      601      620      616      614      621      625      634      627
           29                           470      563      603      620      615      614      620      626      634      627
           30                           478      564      605      621      614      615      620      626      635      626
           31                           487               607               614      615               628               626

MEDIA                 604 3    *        457      536      584      615      621      612      619      622      630      631
MAXIMA ABSOLUTA       616 3    *        490      564      607      621      624      615      622      628      635      636
MINIMA MEDIA          586 3    *        446      493      565      608      614      609      615      620      627      626

** DATOS PRELIMINARES **              ***  VALORES  ANUALES  ***                                           ** ORIGENES DE DATO **

                                     MEDIA                     594                                         3 : INCOMPLETOS
                                     MAXIMA ABSOLUTA           636
                                     MINIMA MEDIA              446

                       I D E A M  -  INSTITUTO DE HIDROLOGIA, METEOROLOGIA Y ESTUDIOS AMBIENTALES
                                                                                                              SISTEMA DE INFORMACION
                                    VALORES MEDIOS  DIARIOS DE NIVELES (Cms)                                    NACIONAL AMBIENTAL

    FECHA DE PROCESO :  2019/05/21                    ANO  2008                              ESTACION : 29037450  STA HELENA 2

    LATITUD    1004 N               TIPO EST    LM                   DEPTO      BOLIVAR                 FECHA-INSTALACION   1978-JUN
    LONGITUD   7526 W               ENTIDAD     01  IDEAM            MUNICIPIO  ARJONA                  FECHA-SUSPENSION
    ELEVACION  0003 m.s.n.m         REGIONAL    02  ATLANTICO        CORRIENTE  CANAL DEL DIQUE

************************************************************************************************************************************
          DIA       ENERO *  FEBRE *  MARZO *  ABRIL *  MAYO  *  JUNIO *  JULIO *  AGOST *  SEPTI *  OCTUB *  NOVIE *  DICIE *
************************************************************************************************************************************

           01         625      592      562      544      563      603      627      631      633      636               649
           02         624      591      561      543      566      604      627      631      632      637               648
           03         623      590      560      542      568      604      628      631      633      636               647
           04         622      589      558      543      569      606      628      631      633      637               646
           05         620      588      556      544      571      606      628      631      632      638               645
           06         619      588      552      545      573      608      629      631      632      636               644
           07         618      586      550      546      576      609      628      631      632      636               643
           08         616      583      549      547      578      610      628      631      632      635               642
           09         615      581      549      545      578      611      629      631      632      634               641
           10         614      579      549      546      579      612      629      631      632      636               640
           11         613      574      549      545      580      612      629      631      633      637               640
           12         612      571      549      545      581      612      629      631      632      637               640
           13         611      570      550      544      582      612      629      631      633      636               640
           14         610      567      549      544      582      612      629      632      633      635      635      640
           15         609      561      549      544      580      614      630      632      634      634      635      640
           16         608      560      548      545      580      614      631      632      633      634      636      640
           17         607      557      548      547      580      615      631      632      634      633      638      640
           18         606      553      548      549      580      616      632      632      635      633      637      640
           19         605      551      550      549      584      617      632      631      636      632      637      640
           20         604      551      550      550      586      618      633      631      637      632      639      639
           21         603      552      550      551      590      618      632      632      636      632      640      638
           22         602      554      549      551      591      620      631      632      636               642      637
           23         601      557      549      550      593      621      630      632      637               643      636
           24         600      559      550      551      595      622      630      632      638               644      635
           25         599      564      548      551      597      623      630      632      638               647      634
           26         598      564      548      553      597      623      630      633      637               650      633
           27         597      564      547      554      598      624      631      633      636               649      632
           28         596      563      547      556      599      624      631      633      635               649      631
           29         595      563      547      557      599      625      631      632      635               649      630
           30         594               546      560      603      625      631      632      635               649      629
           31         593               546               603               631      632                                 628

MEDIA                 608      570      550      548      584      615      630      632      634      635 3    642 3    639
MAXIMA ABSOLUTA       625      592      564      560      603      626      633      633      638      638 3    650 3    649
MINIMA MEDIA          593      551      546      542      563      603      627      631      632      632 3    635 3    628

** DATOS PRELIMINARES **              ***  VALORES  ANUALES  ***                                           ** ORIGENES DE DATO **

                                     MEDIA                     607                                         3 : INCOMPLETOS
                                     MAXIMA ABSOLUTA           650
                                     MINIMA MEDIA              542

                       I D E A M  -  INSTITUTO DE HIDROLOGIA, METEOROLOGIA Y ESTUDIOS AMBIENTALES
                                                                                                              SISTEMA DE INFORMACION
                                    VALORES MEDIOS  DIARIOS DE NIVELES (Cms)                                    NACIONAL AMBIENTAL

    FECHA DE PROCESO :  2019/05/21                    ANO  2009                              ESTACION : 29037450  STA HELENA 2

    LATITUD    1004 N               TIPO EST    LM                   DEPTO      BOLIVAR                 FECHA-INSTALACION   1978-JUN
    LONGITUD   7526 W               ENTIDAD     01  IDEAM            MUNICIPIO  ARJONA                  FECHA-SUSPENSION
    ELEVACION  0003 m.s.n.m         REGIONAL    02  ATLANTICO        CORRIENTE  CANAL DEL DIQUE

************************************************************************************************************************************
          DIA       ENERO *  FEBRE *  MARZO *  ABRIL *  MAYO  *  JUNIO *  JULIO *  AGOST *  SEPTI *  OCTUB *  NOVIE *  DICIE *
************************************************************************************************************************************

           01         628      612      558      544      563      586      589      551      553      532      542      570
           02         630      609      558      544      563      585      589      550      553      530      542      568
           03         630      607      557      544      564      583      589      549      553      527      543      566
           04         628      605      555      546      566      582      588      547      553      523      545      565
           05         626      603      554      546      568      580      588      544      553      519      547      563
           06         625      601      551      547      568      581      588      539      552      518      548      561
           07         623      599      550      549      569      579      588      539      551      525      553      561
           08         622      597      548      551      570      578      589      537      552      523      554      560
           09         621      595      551      551      572      579      589      538      551      523      556      558
           10         620      593      550      552      572      579      589      539      550      521      561      553
           11         619      591      549      556      572      580      589      541      547      518      563      551
           12         619      589      547      554      572      580      588      541      545      515      564      547
           13         618      586      546      554      574      581      587      541      544      514      565      541
           14         617      586      545      555      579      582      586      540      542      513      568      537
           15         616      585      538      556      579      585      585      541      540      516      569      532
           16         615      582      536      558      579      584      585      540      543      520      570      526
           17         614      580      531      559      581      586      582      540      544      523      571      521
           18         613      578      531      560      582      586      579      540      544      526      573      516
           19         612      576      530      560      581      586      577      543      544      528      576      512
           20         612      574      529      561      581      585      574      545      545      529      575      506
           21         611      572      530      563      581      586      573      547      545      529      575      501
           22         610      570      530      562      582      587      572      549      545      533      576      484
           23         610      569      530      562      583      588      571      549      545      532      574      502
           24         608      569      531      563      584      588      572      552      543      534      574      502
           25         617      567      533      563      584      589      571      553      543      535      574      504
           26         615      565      534      562      585      590      570      554      542      535      574      505
           27         614      562      535      562      586      591      567      555      542      536      574      504
           28         616      560      537      562      587      591      563      556      540      539      574      503
           29         614               539      562      588      590      562      555      538      539      572      504
           30         614               542      563      588      590      556      554      535      539      572      507
           31         613               544               587               554      554               540               505

MEDIA                 618      585      542      555      577      584      579      546      546      527      564      530
MAXIMA ABSOLUTA       630      612      558      564      589      591      590      557      553      540      577      570
MINIMA MEDIA          608      560      529      544      563      578      554      537      535      513      542      484

** DATOS PRELIMINARES **              ***  VALORES  ANUALES  ***

                                     MEDIA                     563
                                     MAXIMA ABSOLUTA           630
                                     MINIMA MEDIA              484

                       I D E A M  -  INSTITUTO DE HIDROLOGIA, METEOROLOGIA Y ESTUDIOS AMBIENTALES
                                                                                                              SISTEMA DE INFORMACION
                                    VALORES MEDIOS  DIARIOS DE NIVELES (Cms)                                    NACIONAL AMBIENTAL

    FECHA DE PROCESO :  2019/05/21                    ANO  2010                              ESTACION : 29037450  STA HELENA 2

    LATITUD    1004 N               TIPO EST    LM                   DEPTO      BOLIVAR                 FECHA-INSTALACION   1978-JUN
    LONGITUD   7526 W               ENTIDAD     01  IDEAM            MUNICIPIO  ARJONA                  FECHA-SUSPENSION
    ELEVACION  0003 m.s.n.m         REGIONAL    02  ATLANTICO        CORRIENTE  CANAL DEL DIQUE

************************************************************************************************************************************
          DIA       ENERO *  FEBRE *  MARZO *  ABRIL *  MAYO  *  JUNIO *  JULIO *  AGOST *  SEPTI *  OCTUB *  NOVIE *  DICIE *
************************************************************************************************************************************

           01         503      430      426      434      501      556      606      626      631      631      641      656
           02         503      431      432      437      503      558      611      627      631      632      648      660
           03         503      434      434      439      506      559      610      627      630      632      650      662
           04         501      439      435      442      509      562      610      629      629      635      650      661
           05         495      429      437      440      510      565      611      629      628      636      648      658
           06         488      424      439      440      513      567      611      629      628      637      647      655
           07         481      423      433      441      516      568      611      629      627      641      647      650
           08         472      421      433      440      520      568      612      630      628      643      649      646
           09         463      415      437      442      525      570      612      631      628      643      648      643
           10         455      416      436      445      528      572      613      631      628      642      646      642
           11         450      414      436      450      530      573      614      632      628      640      645      642
           12         446      416      438      452      532      574      615      632      629      641      643      644
           13         441      417      438      458      534      577      616      633      628      640      645      648
           14         438      418      439      465      537      578      617      633      628      640      650      661
           15         443      420      438      467      539      580      618      633      628      640      654      676
           16         446      422      439      472      541      582      618      634      630      639      655      688
           17         445      424      440      479      543      583      619      635      631      639      655      695
           18         442      426      437      484      546      584      620      637      630      640      648      700
           19         440      428      441      486      548      584      619      638      630      640      646      703
           20         441      429      441      489      547      593      620      636      630      639      645      705
           21         439      429      443      491      546      594      621      634      630      638      644      705
           22         443      431      443      492      546      596      621      633      631      638      644      707
           23         439      436      448      493      546      596      622      632      631      638      644      706
           24         435      431      451      495      546      596      622      632      631      642      644      704
           25         436      422      450      496      547      600      622      632      631      643      645      704
           26         432      422      447      498      546      602      622      631      631      643      646      703
           27         424      423      446      498      547      604      622      632      632      642      647      702
           28         423      418      444      496      548      606      623      632      632      642      649      700
           29         425               440      497      551      606      624      632      631      641      652      698
           30         419               435      500      553      606      624      632      631      640      653      696
           31         418               434               554               625      631               640               694

MEDIA                 452      424      439      468      534      582      617      632      630      639      647      678
MAXIMA ABSOLUTA       506      451      460      503      555      606      625      638      632      643      657      707
MINIMA MEDIA          418      414      426      434      501      556      606      626      627      631      641      642

** DATOS PRELIMINARES **              ***  VALORES  ANUALES  ***

                                     MEDIA                     562
                                     MAXIMA ABSOLUTA           707
                                     MINIMA MEDIA              414

                       I D E A M  -  INSTITUTO DE HIDROLOGIA, METEOROLOGIA Y ESTUDIOS AMBIENTALES
                                                                                                              SISTEMA DE INFORMACION
                                    VALORES MEDIOS  DIARIOS DE NIVELES (Cms)                                    NACIONAL AMBIENTAL

    FECHA DE PROCESO :  2019/05/21                    ANO  2011                              ESTACION : 29037450  STA HELENA 2

    LATITUD    1004 N               TIPO EST    LM                   DEPTO      BOLIVAR                 FECHA-INSTALACION   1978-JUN
    LONGITUD   7526 W               ENTIDAD     01  IDEAM            MUNICIPIO  ARJONA                  FECHA-SUSPENSION
    ELEVACION  0003 m.s.n.m         REGIONAL    02  ATLANTICO        CORRIENTE  CANAL DEL DIQUE

************************************************************************************************************************************
          DIA       ENERO *  FEBRE *  MARZO *  ABRIL *  MAYO  *  JUNIO *  JULIO *  AGOST *  SEPTI *  OCTUB *  NOVIE *  DICIE *
************************************************************************************************************************************

           01         692      609      531      534      597      630      618      596      578      566      596      611
           02         689      607      531      535      599      630      617      596      580      565      595      615
           03         687      605      531      535      601      631      617      595      580      564      595      617
           04         685      603      530      536      603      633      616      595      579      565      594      617
           05         682      599      533      535      605      633      615      595      578      564      595      616
           06         679      595      532      536      607      633      613      595      577      564      594      616
           07         677      591      534      537      609      633      614      594      575      563      594      616
           08         674      587      536      538      611      632      613      593      574      563      595      617
           09         671      582      535      540      613      631      612      592      574      566      596      618
           10         668      579      535      541      616      631      610      591      574      566      597      619
           11         665      575      535      543      618      630      609      591      573               597      620
           12         661      571      534      544      619      629      609      593      572               597      620
           13         658      568      534      545      621      629      608      593      571               598      622
           14         656      565      533      546      625      629      607      592      570               598      623
           15         654      563      532      547      626      628      606      591      568               600      624
           16         652               533      549      625      628      607      590      568               600      626
           17         649               533      551      624      628      605      589      569               604      628
           18         646      556      533      553      624      628      604      588      567               607      628
           19         643      555      533      555      624      627      604      587      566               608      628
           20         640      551      532      559      625      626      603      586      566               608      628
           21         637      551      531      564      625      626      602      585      565      600      607      629
           22         634      549      530      568      625      625      601      584      566      597      607      629
           23         631      545      530      571      626      625      600      583      565      595      607      629
           24         628      543      531      575      626      624      599      582      565      594      606      629
           25         625      542      530      578      627      624      598      581      565      593      607      630
           26         622      539      532      582      627      626      598      581      565      594      608      629
           27         620      534      532      585      628      625      597      583      565      594      609      629
           28         618      534      533      588      628      623      597      581      565      594      609      629
           29         616               533      591      629      622      596      580      566      594      611      628
           30         614               533      594      629      619      596      580      566      596      611      628
           31         612               533               630               596      580               597               628

MEDIA                 651      569 3    532      555      619      628      606      588      570      580 3    601      623
MAXIMA ABSOLUTA       692      609 3    537      595      630      633      618      596      581      600 3    611      630
MINIMA MEDIA          612      534 3    530      534      597      619      596      580      565      563 3    594      611

** DATOS PRELIMINARES **              ***  VALORES  ANUALES  ***                                           ** ORIGENES DE DATO **

                                     MEDIA                     594                                         3 : INCOMPLETOS
                                     MAXIMA ABSOLUTA           692
                                     MINIMA MEDIA              530

                       I D E A M  -  INSTITUTO DE HIDROLOGIA, METEOROLOGIA Y ESTUDIOS AMBIENTALES
                                                                                                              SISTEMA DE INFORMACION
                                    VALORES MEDIOS  DIARIOS DE NIVELES (Cms)                                    NACIONAL AMBIENTAL

    FECHA DE PROCESO :  2019/05/21                    ANO  2012                              ESTACION : 29037450  STA HELENA 2

    LATITUD    1004 N               TIPO EST    LM                   DEPTO      BOLIVAR                 FECHA-INSTALACION   1978-JUN
    LONGITUD   7526 W               ENTIDAD     01  IDEAM            MUNICIPIO  ARJONA                  FECHA-SUSPENSION
    ELEVACION  0003 m.s.n.m         REGIONAL    02  ATLANTICO        CORRIENTE  CANAL DEL DIQUE

************************************************************************************************************************************
          DIA       ENERO *  FEBRE *  MARZO *  ABRIL *  MAYO  *  JUNIO *  JULIO *  AGOST *  SEPTI *  OCTUB *  NOVIE *  DICIE *
************************************************************************************************************************************

           01         629      586      506      478      530      578      544      499      532      512      543      552
           02         629      584      502      479      529      578      543      498      532      514      544      551
           03         629      582      500      480      531      578      544      500      532      512      544      552
           04         628      579      497      480      533      581      540      503      532      511      546      551
           05         628      577      493      481      536      582      537      503      531      511      548      551
           06         628      576      487      483      542      580      537      504      530      511      549      552
           07         626      574      481      487      545      578      537      503      530      511      549      552
           08         626      573      477      489      551      577      535      508      530      512      552      550
           09         625      571      472      492      554      576      533      508      530      511      550      550
           10         624      569      475      494      560      575      531      507      529      516      549      545
           11         623      567      469      496      566      573      529      509      530      516      549      543
           12         622      565      472      497      568      572      529      510      529      519      549      542
           13         621      564      470      498      570      573      525      509      528      520      549      541
           14         619      561      468      500      572      572      523      506      525      520      548      538
           15         618      558      467      501      574      571      521      507      523      519      549      538
           16         616      556      464      502      575      570      520      509      522      523      549      539
           17         615      553      462      503      576      569      519      510      523      527      549      537
           18         614      555      462      504      577      566      518      512      520      528      549      535
           19         612      548      461      507      578      563      519      512      519      528      549      533
           20         610      544      464      510      582      563      515      519      517      530      550      530
           21         608      543      460      514      582      563      514      520      516      530      551      523
           22         606      540      460      518      584      561      515      520      516      533      552      525
           23         603      537      459      522      584      560      515      521      515      535      551      524
           24         602      534      459      525      585      558      513      521      513      536      551      525
           25         601      530      459      527      585      556      512      523      512      537      552      525
           26         600      526      461      529      586      555      509      525      512      536      552      517
           27         599      523      465      529      587      554      510      524      513      537      552      513
           28         597      513      468      529      588      552      504      525      514      537      552      511
           29         594      509      469      530      584      549      501      526      515      538      552      510
           30         592               475      531      582      545      498      529      514      542      552      504
           31         589               475               580               498      531               542               503

MEDIA                 614      555      473      504      567      567      522      513      523      524      549      534
MAXIMA ABSOLUTA       629      588      507      531      588      582      544      531      533      544      553      553
MINIMA MEDIA          589      509      459      478      529      545      498      498      512      511      543      503

** DATOS PRELIMINARES **              ***  VALORES  ANUALES  ***

                                     MEDIA                     537
                                     MAXIMA ABSOLUTA           629
                                     MINIMA MEDIA              459

                       I D E A M  -  INSTITUTO DE HIDROLOGIA, METEOROLOGIA Y ESTUDIOS AMBIENTALES
                                                                                                              SISTEMA DE INFORMACION
                                    VALORES MEDIOS  DIARIOS DE NIVELES (Cms)                                    NACIONAL AMBIENTAL

    FECHA DE PROCESO :  2019/05/21                    ANO  2013                              ESTACION : 29037450  STA HELENA 2

    LATITUD    1004 N               TIPO EST    LM                   DEPTO      BOLIVAR                 FECHA-INSTALACION   1978-JUN
    LONGITUD   7526 W               ENTIDAD     01  IDEAM            MUNICIPIO  ARJONA                  FECHA-SUSPENSION
    ELEVACION  0003 m.s.n.m         REGIONAL    02  ATLANTICO        CORRIENTE  CANAL DEL DIQUE

************************************************************************************************************************************
          DIA       ENERO *  FEBRE *  MARZO *  ABRIL *  MAYO  *  JUNIO *  JULIO *  AGOST *  SEPTI *  OCTUB *  NOVIE *  DICIE *
************************************************************************************************************************************

           01         499      445      446      457      469      534      539      498      527      551      563      565
           02         497      447      447      458      473      533      538      494      528      553      564      565
           03         494      442      447      457      475      533      536      494      529      555      564      565
           04         491      442      447      457      474      534      535      494      530      556      565      565
           05         487      436      447      455      472      534      535      494      532      557      566      565
           06         485      437      446      454      474      535      535      495      533      558      567      566
           07         484      431      445      453      478      535      534      495      535      557      568      566
           08         478      430      446      452      484      535      534      494      536      557      569      567
           09         469      427      448      451      489      535      534      495      538      558      570      566
           10         469      428      444      451      494      536      533      494      539      558      571      566
           11         455      428      445      449      498      537      534      495      543      558      572      566
           12         451      430      446      448      501      539      534      496      544      559      572      565
           13         450      430      447      449      502      540      534      486      543      558      572      564
           14         448      435      449      449      506      541      533      490      544      555      573      563
           15         447      442      449      450      506      543      532      492      546      556      573      563
           16         445      449      445      450      504      544      532      497      544      558      573      562
           17         444      450      446      450      507      543      534      499      543      561      573      562
           18         439      444      448      449      508      544      525      501      544      565      571      562
           19         437      443      451      447      512      545      521      505      547      564      567      561
           20         438      441      453      445      513      546      517      507      547      564      568      562
           21         438      438      454      445      513      541      515      509      547      564      564      562
           22         443      439      455      444      516      541      513      511      547      563      565      560
           23         433      439      450      443      519      539      512      510      546      562      566      560
           24         431      440      452      444      517      538      513      513      547      563      565      559
           25         431      441      448      445      520      539      513      514      546      563      565      558
           26         432      442      450      452      519      538      509      515      547      562      565      557
           27         433      443      451      452      525      540      506      518      547      561      565      556
           28         437      445      451      458      524      540      507      519      548      562      565      556
           29         438               453      465      531      541      503      521      547      562      565      556
           30         437               459      471      532      541      501      523      549      562      565      554
           31         433               455               534               498      525               562               553

MEDIA                 454      438      449      451      503      539      524      503      541      559      567      562
MAXIMA ABSOLUTA       499      454      460      471      534      547      541      525      549      566      574      567
MINIMA MEDIA          431      427      444      443      469      533      498      486      527      551      563      553

** DATOS PRELIMINARES **              ***  VALORES  ANUALES  ***

                                     MEDIA                     508
                                     MAXIMA ABSOLUTA           574
                                     MINIMA MEDIA              427

                       I D E A M  -  INSTITUTO DE HIDROLOGIA, METEOROLOGIA Y ESTUDIOS AMBIENTALES
                                                                                                              SISTEMA DE INFORMACION
                                    VALORES MEDIOS  DIARIOS DE NIVELES (Cms)                                    NACIONAL AMBIENTAL

    FECHA DE PROCESO :  2019/05/21                    ANO  2014                              ESTACION : 29037450  STA HELENA 2

    LATITUD    1004 N               TIPO EST    LM                   DEPTO      BOLIVAR                 FECHA-INSTALACION   1978-JUN
    LONGITUD   7526 W               ENTIDAD     01  IDEAM            MUNICIPIO  ARJONA                  FECHA-SUSPENSION
    ELEVACION  0003 m.s.n.m         REGIONAL    02  ATLANTICO        CORRIENTE  CANAL DEL DIQUE

************************************************************************************************************************************
          DIA       ENERO *  FEBRE *  MARZO *  ABRIL *  MAYO  *  JUNIO *  JULIO *  AGOST *  SEPTI *  OCTUB *  NOVIE *  DICIE *
************************************************************************************************************************************

           01         552      469      450      460      480      529      522      467      502      530      560      579
           02         551      468      452      460      484      530      521      466      502      530      560      578
           03         549      464      454      458      489      532      520      467      506      527      558      578
           04         549      463      455      458      489      530      518      460      506      526      556      577
           05         548      463      457      456      495      530      516      464      506      526      557      576
           06         546      461      459      456      500      530      515      463      501      525      556      577
           07         544      460      462      452      501      528      512      454      502      525      557      577
           08         538      458      463      451      504      529      511      451      501      529      558      577
           09         534      457      462      448      504      528      508      451      501      528      559      577
           10         529      455      461      445      507      527      504      454      499      530      559      576
           11         525      453      463      444      508      527      502      451      499      534      562      576
           12         523      452      465      443      509      527      499      466      497      535      564      577
           13         519      452      468      443      512      526      495      471      496      537      568      577
           14         517      453      469      443      518      526      493      472      492      542      570      578
           15         512      453      470      442      521      527      494      470      484      543      572      579
           16         516      450      468      443      524      532      492      476      483      544      572      579
           17         516      451      469      446      526      530      488      473      487      546      572      579
           18         512      450      468      445      526      531      486      472      493      547      572      578
           19         511      449      467      448      527      529      482      470      499      549      572      578
           20         510      448      468      450      527      528      479      471      503      550      571      576
           21         508      448      469      451      527      528      480      469      507      550      572      575
           22         505      448      468      451      531      527      477      469      511      550      573      575
           23         497      447      467      454      530      526      476      473      515      551      575      574
           24         488      444      467      454      529      524      474      474      517      552      576      574
           25         488      444      468      453      529      523      472      473      520      552      576      575
           26         483      445      468      457      530      523      470      478      524      553      577      574
           27         480      446      466      461      531      523      470      477      528      555      579      573
           28         479      446      463      466      529      523      471      485      528      557      579      571
           29         476               461      472      529      523      469      488      528      556      580      574
           30         473               457      475      535      521      466      493      528      556      580      572
           31         471               460               531               468      497               557               570

MEDIA                 514      453      463      453      515      527      492      470      505      541      568      576
MAXIMA ABSOLUTA       553      471      473      479      536      534      523      499      529      559      581      579
MINIMA MEDIA          471      444      450      442      480      521      466      451      483      525      556      570

** DATOS PRELIMINARES **              ***  VALORES  ANUALES  ***

                                     MEDIA                     506
                                     MAXIMA ABSOLUTA           581
                                     MINIMA MEDIA              442

                       I D E A M  -  INSTITUTO DE HIDROLOGIA, METEOROLOGIA Y ESTUDIOS AMBIENTALES
                                                                                                              SISTEMA DE INFORMACION
                                    VALORES MEDIOS  DIARIOS DE NIVELES (Cms)                                    NACIONAL AMBIENTAL

    FECHA DE PROCESO :  2019/05/21                    ANO  2015                              ESTACION : 29037450  STA HELENA 2

    LATITUD    1004 N               TIPO EST    LM                   DEPTO      BOLIVAR                 FECHA-INSTALACION   1978-JUN
    LONGITUD   7526 W               ENTIDAD     01  IDEAM            MUNICIPIO  ARJONA                  FECHA-SUSPENSION
    ELEVACION  0003 m.s.n.m         REGIONAL    02  ATLANTICO        CORRIENTE  CANAL DEL DIQUE

************************************************************************************************************************************
          DIA       ENERO *  FEBRE *  MARZO *  ABRIL *  MAYO  *  JUNIO *  JULIO *  AGOST *  SEPTI *  OCTUB *  NOVIE *  DICIE *
************************************************************************************************************************************

           01         565      465      451      456      502      503      486      483      484      469      494      520
           02         557      464      442      457      503      506      484      483      486      467      493      523
           03         554      467      439      458      502      509      485      482      489      464      492      523
           04         547      462      439      463      501      515      484      480      489      460      493      521
           05         542      459      440      466      501      516      484      480      485      458      495      522
           06         536      461      440      469      501      514      483      478      482      458      497      515
           07         531      463      439      472      500      516      480      477      480      462      499      514
           08         522      463      439      474      500      516      474      471      480      454      506      509
           09         516      461      440      476      503      520      470      466      481      454      508      508
           10         510      460      442      477      501      521      465      465      475      455      512      501
           11         503      462      447      479      501      521      464      463      476      456      513      498
           12         498      465      448      482      498      521      461      464      481      459      515      493
           13         493      468      450      483      495      519      460      466      477      459      517      491
           14         489      468      451      482      491      519      460      467      479      468      519      483
           15         485      465      451      483      488      519      458      469      477      466      519      482
           16         480      467      443      480      482      519      457      468      476      468      519      483
           17         475      467      439      481      476      520      458      471      473      472      520      482
           18         468      468      437      479      476      518      461      470      476      475      522      478
           19         467      469      435      478      478      518      467      469      473      480      517      475
           20         466      473      436      486      481      517      468      470      472      485      517      476
           21         466      476      434      487      485      517      472      469      469      487      518      469
           22         466      474      438      490      490      516      476      467      471      487      518      465
           23         466      470      449      494      490      512      478      466      468      482      516      463
           24         471      470      453      494      492      508      482      467      470      487      516      461
           25         472      468      453      496      493      507      488      468      467      487      516      460
           26         474      465      453      499      492      502      487      468      469      486      516      458
           27         476      459      462      500      495      497      486      474      470      487      517      453
           28         475      455      465      500      494      489      486      475      471      487      517      454
           29         477               460      502      496      491      486      478      469      488      517      454
           30         472               459      503      498      488      487      478      469      490      519      452
           31         469               459               500               482      479               493               446

MEDIA                 496      465      446      481      493      512      475      472      476      472      511      485
MAXIMA ABSOLUTA       569      476      470      503      508      523      490      485      495      500      525      525
MINIMA MEDIA          466      455      434      456      476      488      457      463      467      454      492      446

** DATOS PRELIMINARES **              ***  VALORES  ANUALES  ***

                                     MEDIA                     482
                                     MAXIMA ABSOLUTA           569
                                     MINIMA MEDIA              434

                       I D E A M  -  INSTITUTO DE HIDROLOGIA, METEOROLOGIA Y ESTUDIOS AMBIENTALES
                                                                                                              SISTEMA DE INFORMACION
                                    VALORES MEDIOS  DIARIOS DE CAUDALES (M3/Seg)                                NACIONAL AMBIENTAL

    FECHA DE PROCESO :  2019/05/21                    ANO  1981                              ESTACION : 29037450  STA HELENA 2

    LATITUD    1004 N               TIPO EST    LM                   DEPTO      BOLIVAR                 FECHA-INSTALACION   1978-JUN
    LONGITUD   7526 W               ENTIDAD     01  IDEAM            MUNICIPIO  ARJONA                  FECHA-SUSPENSION
    ELEVACION  0003 m.s.n.m         REGIONAL    02  ATLANTICO        CORRIENTE  CANAL DEL DIQUE

************************************************************************************************************************************
          DIA       ENERO *  FEBRE *  MARZO *  ABRIL *  MAYO  *  JUNIO *  JULIO *  AGOST *  SEPTI *  OCTUB *  NOVIE *  DICIE *
************************************************************************************************************************************

           01       252.4    101.4    80.10 8  81.70 8  160.2    309.0    382.6 8  373.2 8  307.9    304.6    306.8    338.0 8
           02       250.0    99.80    80.70 8  81.50 8  163.4    313.4    383.8 8  374.4 8  299.1    302.4    306.8    336.9 8
           03       248.9    98.60    81.50 8  80.10 8  165.0    313.4    383.8 8  374.4 8  303.5    303.5    309.0    336.9 8
           04       247.7    98.10    82.40 8  79.90 8  168.2    320.0    386.2 8  373.2 8  312.3    307.9    311.2    339.1 8
           05       245.3    96.40    83.40 8  80.00 8  171.4    320.0    388.5 8  374.4 8  310.1    309.0    310.1    341.3 8
           06       243.0    94.70    84.30 8  79.70 8  173.8    323.4 8  390.8 8  373.2 8  310.1    310.1    310.1    339.1 8
           07       240.6    93.60    85.10 8  79.50 8  176.2    325.7 8  389.7 8  366.2 8  310.1    307.9    311.2    339.1 8
           08       238.3    92.40    86.50 8  78.90 8  179.4    327.9 8  392.0 8  362.7 8  310.1    306.8    310.1    340.2 8
           09       235.9    94.10    87.50 8  80.20 8  182.6    327.9 8  393.2 8  361.6 8  310.1    309.0    311.2    339.1 8
           10       234.8    94.10    88.40 8  80.10 8  188.2    334.6 8  392.0 8  362.7 8  311.2    309.0    312.3    339.1 8
           11       220.7    92.40    89.80 8  80.90 8  194.2    336.9 8  396.9 8  359.3 8  310.1    309.0    314.5    343.6 8
           12       208.3    94.70    91.90    82.20 8  201.7    341.3 8  394.4 8  358.2 8  312.3    306.8    315.6    343.6 8
           13       206.4    85.90 8  93.60    85.10 8  204.5    343.6 8  394.4 8  357.1 8  313.4    302.4    314.5    344.7 8
           14       204.5    85.10 8  95.30    85.50 8  209.2    345.9 8  392.0 8  353.7 8  315.6    300.2    317.8    345.9 8
           15       202.6    84.70 8  97.50    86.70 8  211.1    351.4 8  389.7 8  353.7 8  312.3    306.8    317.8    347.0 8
           16       200.8    84.90 8  99.80    86.70 8  214.8    352.6 8  390.8 8  349.2 8  311.2    296.8    320.0    348.1 8
           17       198.9    84.30 8  102.0    88.40 8  219.5    357.1 8  389.7 8  343.6 8  310.1    295.7    321.1 8  349.2 8
           18       197.0    83.60 8  104.3    88.60 8  224.2    361.6 8  386.2 8  340.2 8  312.3    296.8    323.4 8  345.9 8
           19       195.1    83.20 8  103.1    94.10    228.0    362.7 8  385.0 8  335.7 8  310.1    297.9    323.4 8  345.9 8
           20       193.3    83.00 8  105.4    106.5    232.4    363.9 8  386.2 8  333.4 8  310.1    296.8    324.5 8  345.9 8
           21       190.6    82.80 8  107.6    111.0    238.3    366.2 8  382.6 8  333.4 8  310.1    297.9    323.4 8  345.9 8
           22       188.2    82.40 8  109.9    119.1    246.5    368.6 8  382.6 8  333.4 8  311.2    296.8    324.5 8  345.9 8
           23       186.6    81.90 8  112.1    134.5    248.9    375.6 8  382.6 8  333.4 8  307.9    303.5    323.4 8  343.6 8
           24       185.0    81.50 8  111.3 7  130.5    253.6    375.6 8  382.6 8  332.3 8  309.0    303.5    331.2 8  342.4 8
           25       185.0    81.20 8  110.6 7  148.0    254.7    380.3 8  380.3 8  332.3 8  307.9    302.4    330.1 8  341.3 8
           26       183.4    81.00 8  109.9    158.7    262.4 7  382.6 8  380.3 8  326.8 8  307.9    303.5    332.3 8  350.3 8
           27       181.8    80.70 8  107.6    165.8    270.2 7  385.0 8  379.1 8  320.0    309.0    305.7    332.3 8  341.3 8
           28       165.7 7  80.40 8  105.4    171.4    277.9 7  389.7 8  375.6 8  318.9    311.2    305.7    345.9 8  339.1 8
           29       149.6 7           105.9    177.0    285.7 7  389.7 8  376.8 8  311.2    310.1    303.5    347.0 8  339.1 8
           30       133.5 7           104.3    178.6    293.4 7  389.7 8  375.6 8  311.2    313.4    305.7    336.9 8  332.3 8
           31       117.4 7           102.6             301.2 7           374.4 8  311.2             305.7             330.1 8

MEDIA               204.2 7  88.46 8  97.09 8  106.0 8  219.4 7  351.2 8  385.8 8  346.6 8  310.0    303.7    320.6 8  341.9 8
MAXIMA ABSOLUTA     252.4    101.4    112.7    178.6    330.9 6  390.8 8  397.9 8  374.4 8  315.6    311.2    347.0 8  351.4 8
MINIMA MEDIA        117.4 7  80.40 8  80.10 8  78.90 8  160.2    309.0    374.4 8  311.2    299.1    295.7    306.8    330.1 8

** DATOS PRELIMINARES **              ***  VALORES  ANUALES  ***                                           ** ORIGENES DE DATO **

                                     MEDIA                 256.246                                         6 : EST.  REGRESION
                                     MAXIMA ABSOLUTA       397.900                                         7 : EST.  INTERPOLACION
                                     MINIMA MEDIA           78.900                                         8 : EST.  OTROS METODOS

                       I D E A M  -  INSTITUTO DE HIDROLOGIA, METEOROLOGIA Y ESTUDIOS AMBIENTALES
                                                                                                              SISTEMA DE INFORMACION
                                    VALORES MEDIOS  DIARIOS DE CAUDALES (M3/Seg)                                NACIONAL AMBIENTAL

    FECHA DE PROCESO :  2019/05/21                    ANO  1982                              ESTACION : 29037450  STA HELENA 2

    LATITUD    1004 N               TIPO EST    LM                   DEPTO      BOLIVAR                 FECHA-INSTALACION   1978-JUN
    LONGITUD   7526 W               ENTIDAD     01  IDEAM            MUNICIPIO  ARJONA                  FECHA-SUSPENSION
    ELEVACION  0003 m.s.n.m         REGIONAL    02  ATLANTICO        CORRIENTE  CANAL DEL DIQUE

************************************************************************************************************************************
          DIA       ENERO *  FEBRE *  MARZO *  ABRIL *  MAYO  *  JUNIO *  JULIO *  AGOST *  SEPTI *  OCTUB *  NOVIE *  DICIE *
************************************************************************************************************************************

           01       320.0 8  235.9             115.0    195.7    316.3 8  379.7 8  272.1    168.0    187.4    267.4    310.0 8
           02       315.0 8  231.2             116.5    197.6    316.3 8  383.2 8  267.4    165.0    196.6    272.1    307.5 8
           03       310.0 8  225.1             118.5    201.3    321.3 8  383.2 8  265.0    165.0    192.9    274.4    307.5 8
           04       320.0    217.6             120.5    203.1    323.8 8  380.9 8  260.3    165.0    192.9    279.1    302.6
           05       317.8    217.6             122.5    205.0    327.5 8  378.5 8  255.9    165.0    196.6    281.5    300.3
           06       317.8    215.8             124.5    206.8    330.0 8  379.7 8  253.9    160.5    198.5    281.5    300.3
           07       317.8    210.1             126.9    208.7    333.8 8  378.5 8  253.9    160.5    198.5    286.2    300.3
           08       315.6    204.5             130.0    210.5    338.8 8  376.2 8  253.9    159.0    198.5    288.5    295.6
           09       317.8    200.8             133.7    212.4    342.5 8  376.2 8  249.8    159.0    202.2    293.2    293.2
           10       315.6    195.1             138.7    216.1    345.0 8  373.8 8  243.6    159.0    204.0    293.2    288.5
           11       313.4    189.8             142.5    220.1    347.5 8  371.5 8  239.5    159.0    204.0    295.6    286.2
           12       311.2    186.6             145.0    224.2    351.3 8  369.1 8  235.4    159.0    207.7    300.3    279.1
           13       309.0    185.0             146.2    228.3    355.0 8  365.6 8  231.3    160.5    213.3    300.3    274.4
           14       306.8    183.4             146.9    232.4    355.0 8  364.4 8  229.3    163.5    217.0    302.6    272.1
           15       304.6    180.2             148.1    235.4    357.4 8  360.9 8  225.2    165.0    217.0    302.6    267.4
           16       302.4    178.6             150.0    237.5    359.7 8  353.7 8  223.1    168.0    219.0    307.5 8  262.7
           17       302.4    175.4             150.0    240.6    362.1 8  342.5 8  217.0    168.0    223.1    307.5 8  262.7
           18       300.2    173.8             152.2    242.6    362.1 8  332.5 8  213.3    171.0    223.1    307.5 8  260.3
           19       297.9    172.2             153.7    243.6    364.4 8  326.3 8  209.6    172.5    229.3    310.0 8  255.9
           20       293.5    170.6             154.5    249.8    366.8 8  322.5 8  207.7    177.0    229.3    310.0 8  253.9
           21       291.3    169.0             154.5    253.9    366.8 8  322.5 8  204.0    175.5    229.3    310.0 8  247.7
           22       289.1    165.8             157.5    261.5    366.8 8  320.0 8  202.2    175.5    231.3    307.5 8  243.6
           23       286.9    165.8             163.5    266.2    369.1 8  320.0 8  192.9    180.0    235.4    310.0 8  243.6
           24       284.7    165.8             169.5    270.9    369.1 8  318.8 8  191.1    180.0    235.4    315.0 8  235.4
           25       282.5    165.8             174.7    275.6    369.1 8  317.5 8  187.4    181.8    237.5    315.0 8  231.3
           26       275.9    165.8             178.5    274.4    369.1 8  318.8 8  185.5    181.8    241.6    315.0 8  229.3
           27       273.5    165.8             183.7    286.2    371.5 8  315.0 8  180.0    181.8    247.7    315.0 8  225.2
           28       271.2    165.8             187.4    293.2    371.5 8  318.8 8  175.5    185.5    253.9    315.0 8  219.0
           29       266.5                      190.2    302.6    373.8 8  317.5 8  175.5    185.5    258.0    310.0 8  217.0
           30       254.7                      192.0    308.8 8  375.0 8  323.8 8  172.5    185.5    262.7    310.0 8  213.3
           31       245.3                               313.8 8           320.0 8  170.2 7           267.4             209.6

MEDIA               297.8 8  188.5    120.9 6  149.6    242.5 8  352.6 8  348.8 8  220.8 7  170.1    221.0    299.5 8  264.4 8
MAXIMA ABSOLUTA     320.0 8  235.9    135.2 6  193.0    315.0 8  376.2 8  383.2 8  272.1    185.6    267.4    315.0 8  310.0 8
MINIMA MEDIA        245.3    165.8    114.0 6  115.0    195.7    316.3 8  315.0 8  170.2 7  159.0    187.4    267.4    209.6

** DATOS PRELIMINARES **              ***  VALORES  ANUALES  ***                                           ** ORIGENES DE DATO **

                                     MEDIA                 239.708                                         6 : EST.  REGRESION
                                     MAXIMA ABSOLUTA       383.200                                         7 : EST.  INTERPOLACION
                                     MINIMA MEDIA          114.000                                         8 : EST.  OTROS METODOS

                       I D E A M  -  INSTITUTO DE HIDROLOGIA, METEOROLOGIA Y ESTUDIOS AMBIENTALES
                                                                                                              SISTEMA DE INFORMACION
                                    VALORES MEDIOS  DIARIOS DE CAUDALES (M3/Seg)                                NACIONAL AMBIENTAL

    FECHA DE PROCESO :  2019/05/21                    ANO  1983                              ESTACION : 29037450  STA HELENA 2

    LATITUD    1004 N               TIPO EST    LM                   DEPTO      BOLIVAR                 FECHA-INSTALACION   1978-JUN
    LONGITUD   7526 W               ENTIDAD     01  IDEAM            MUNICIPIO  ARJONA                  FECHA-SUSPENSION
    ELEVACION  0003 m.s.n.m         REGIONAL    02  ATLANTICO        CORRIENTE  CANAL DEL DIQUE

************************************************************************************************************************************
          DIA       ENERO *  FEBRE *  MARZO *  ABRIL *  MAYO  *  JUNIO *  JULIO *  AGOST *  SEPTI *  OCTUB *  NOVIE *  DICIE *
************************************************************************************************************************************

           01       198.9 7  43.70    37.40    50.80    69.60    92.90    114.1    218.1    203.6    246.0    310.5 8  311.5 8
           02       188.3 7  43.40    37.00    51.60    70.30    94.00    115.2    218.1    203.6    246.0    312.5 8  311.0 8
           03       177.6 7  43.10    37.00    55.00    71.50    94.40    115.7    214.7    203.6    247.0    313.5 8  310.5 8
           04       167.0 7  42.80    36.40    55.60    71.80    95.30    116.8    206.0    203.6    250.0    314.0 8  305.6
           05       156.4 7  42.50    36.40    57.00    72.70    96.20    117.9    206.8    203.6    252.0    314.0 8  303.4
           06       145.7 7  42.20    36.80    58.20    73.30    97.10    119.0    211.8    203.6    254.0    313.5 8  306.7
           07       135.1 7  42.20    35.60    58.40    74.50    98.00    120.1    211.8    206.0    254.0    313.0 8  310.5 8
           08       124.4 7  41.90    35.20    59.00    75.10    98.90    121.2    212.7    207.6    252.0    312.5 8  311.5 8
           09       113.8 7  41.90    34.80    59.80    76.20    99.40    121.8    213.6    211.9    256.0    312.0 8  311.0 8
           10       103.2 7  41.60    34.40    60.60    76.70    99.80    122.9    214.5    213.6    258.0    310.5 8  311.5 8
           11       92.56 7  41.30    34.00    61.40    77.20    100.7    121.8    215.4    220.8    261.0    308.9    311.0 8
           12       81.92 7  41.30    33.80    62.20    77.70    101.2    122.3    215.4    220.8    263.0    312.0 8  311.0 8
           13       71.28 7  41.30    33.60    63.00    78.20    101.6    123.4    215.4    220.8    264.0    312.5 8  311.0 8
           14       60.64 7  38.00    33.90    63.80    78.70    102.1    124.0    213.6    221.7    266.0    313.5 8  311.0 8
           15       50.00    38.00    34.80    64.40    80.00    102.5    108.5    213.6    222.6    269.3    317.0 8  311.0 8
           16       50.00    37.60    36.00    64.60    80.50    103.5    114.9 7  213.6    222.6    273.7    318.0 8  311.0 8
           17       49.70    38.00    37.60    65.00    81.30    105.0    121.3 7  211.8    227.1    279.2    319.0 8  311.0 8
           18       49.40    37.80    38.90    65.00    82.50    106.5    127.8 7  210.0    227.1    279.2    319.0 8  312.0 8
           19       49.10    38.00    40.10    65.20    83.40    108.0    134.2 7  208.4    228.9    281.4    319.5 8  313.0 8
           20       48.80    37.60    40.70    65.60    84.00    109.5    140.7 7  206.8    229.8    281.4    316.5 8  314.0 8
           21       48.50    37.20    41.10    65.60    84.90    110.5    147.1 7  206.8    232.5    281.4    314.0 8  313.5 8
           22       48.50    38.96 7  41.90    66.00    86.10    111.5    152.6 7  206.8    236.1    281.4    313.0 8  313.0 8
           23       48.20    40.73 7  43.10    66.60    87.30    112.0    160.0 7  205.2    238.8    282.5    311.5 8  311.5 8
           24       47.90    42.50    43.50    66.80    88.40    112.2 7  166.5 7  204.4    241.5    282.5    310.0    311.0 8
           25       47.90    43.40    43.80    67.40    89.10    112.4 7  172.9 7  202.0    243.3    283.6    308.9    310.0
           26       47.60    41.60    44.60    67.80    90.10    112.6 7  179.4 7  201.2    244.2    288.0    307.8    310.0
           27       47.60    41.30    45.80    68.00    90.50    112.9 7  185.8 7  197.2    246.0    294.6    308.9    307.8
           28       47.30    37.80    46.80    68.40    91.20    113.1 7  192.3 7  200.4    248.0    296.8    311.5 8  308.9
           29       47.30             44.90    68.40    91.90    113.3 7  198.7 7  202.0    248.0    300.6 7  313.0 8  310.5 8
           30       44.00             49.10    69.00    92.20    113.6 7  205.2 7  203.6    246.0    304.5    312.5 8  310.5 8
           31       44.00             49.70             92.55 7  113.8 7  211.6 7  202.8             310.0             308.9

MEDIA               84.92 7  40.63 7  39.31    62.67    81.27 7  104.4 7  141.8 7  209.2    224.2    272.2 7  313.1 8  310.5 8
MAXIMA ABSOLUTA     304.3 6  43.70    50.00    69.20    92.60    112.8    335.3 6  226.2    248.0    310.0    320.0 8  314.0 8
MINIMA MEDIA        44.00    37.20    33.60    50.80    69.60    92.90    108.5    197.2    203.6    246.0    307.8    303.4

** DATOS PRELIMINARES **              ***  VALORES  ANUALES  ***                                           ** ORIGENES DE DATO **

                                     MEDIA                 157.017                                         6 : EST.  REGRESION
                                     MAXIMA ABSOLUTA       335.300                                         7 : EST.  INTERPOLACION
                                     MINIMA MEDIA           33.600                                         8 : EST.  OTROS METODOS

                       I D E A M  -  INSTITUTO DE HIDROLOGIA, METEOROLOGIA Y ESTUDIOS AMBIENTALES
                                                                                                              SISTEMA DE INFORMACION
                                    VALORES MEDIOS  DIARIOS DE CAUDALES (M3/Seg)                                NACIONAL AMBIENTAL

    FECHA DE PROCESO :  2019/05/21                    ANO  1984                              ESTACION : 29037450  STA HELENA 2

    LATITUD    1004 N               TIPO EST    LM                   DEPTO      BOLIVAR                 FECHA-INSTALACION   1978-JUN
    LONGITUD   7526 W               ENTIDAD     01  IDEAM            MUNICIPIO  ARJONA                  FECHA-SUSPENSION
    ELEVACION  0003 m.s.n.m         REGIONAL    02  ATLANTICO        CORRIENTE  CANAL DEL DIQUE

************************************************************************************************************************************
          DIA       ENERO *  FEBRE *  MARZO *  ABRIL *  MAYO  *  JUNIO *  JULIO *  AGOST *  SEPTI *  OCTUB *  NOVIE *  DICIE *
************************************************************************************************************************************

           01                         210.0    114.7    140.0    273.0    362.5    441.0    446.5    430.0    543.5    708.0
           02                         210.0    113.2    143.7    282.0    362.5    441.0    443.7    435.5    539.0    708.0
           03                         210.0    116.2    162.4    274.0    364.2    441.0    446.5    435.5    539.0    727.0
           04                         213.0    118.5    166.7    286.5    360.7    441.0    443.7    435.5    548.0    727.0
           05                         210.0    114.7    181.6    292.5    369.5    441.0    441.0    435.5    548.0    736.5
           06                         209.0    125.0    208.0    298.5    369.5    441.0    435.5    446.5    548.0    746.0
           07                         215.0    126.9    202.0    300.0    369.5    441.0    432.7    446.5    548.0    765.0
           08                         215.0    131.9    206.0    300.0    369.5    435.5    427.5    457.5    539.0    765.0
           09                224.0    215.0    131.9    210.0    304.5    373.0    435.5    425.0    457.5    548.0    765.0
           10                227.0    213.0    126.2    208.0    306.0    373.0    446.5    425.0    463.0    557.0    746.0
           11                231.0    208.0    131.9    211.0    309.0    376.5    446.5    425.0    463.0    557.0    727.0
           12                231.0    208.0    134.0    212.0    312.0    380.0    446.5    425.0    463.0    557.0    717.5
           13                233.0    208.0    132.6    212.0    312.0    376.5    443.7    425.0    468.5    557.0    689.0
           14                235.0    207.1    134.7    212.0    318.0    380.0    441.0    425.0    468.5    557.0    660.5
           15                231.0    200.0    132.5    214.0    321.0    385.0    441.0    430.0    468.5    552.5    651.0
           16                232.0    184.2    131.2    218.0    324.0    380.0    441.0    430.0    476.7    548.0    632.0
           17                231.0    174.6    130.0    223.0    325.5    380.0    441.0    425.0    479.5    548.0    622.5
           18                231.0    164.1    129.4    227.0    328.5    390.0    438.2    425.0    479.5    548.0    594.0
           19                230.0    161.5    130.6    230.0    331.5    390.0    435.5    420.0    479.5    548.0    575.0
           20                229.0    161.5    133.2    234.0    336.0    395.0    435.5    415.0    479.5    557.0    566.0
           21                227.0    152.1    134.0    236.0    339.0    400.0    435.5    415.0    479.5    566.0    557.0
           22                222.0    134.5    131.4    238.0    340.5    400.0    425.0    415.0    494.0    575.0    548.0
           23                220.0    133.5    139.2    239.0    345.0    400.0    430.0    415.0    498.5    603.5    539.0
           24                212.0    126.9    142.2    243.7    346.7    410.0    427.5    415.0    503.0    622.5    530.0
           25                206.0    123.0    142.2    243.7    350.2    415.0    430.0    415.0    494.0    613.0    516.5
           26                213.0    119.2    139.2    243.7    353.7    415.0    430.0    415.0    494.0    613.0    512.0
           27                211.0    118.5    140.0    256.2    355.5    422.5    432.7    420.0    494.0    641.5    507.5
           28                212.0    117.0    141.5    258.7    360.7    430.0    446.5    420.0    494.0    670.0    498.5
           29                210.0    115.5    140.0    261.2    362.5    432.7    446.5    425.0    512.0    679.5    494.0
           30                         117.0    143.7    283.0    362.5    432.7    443.7    425.0    530.0    708.0    485.0
           31                         116.2             273.0             438.2    443.7             539.0             482.2

MEDIA               347.1 6  223.7 3  173.2    131.1    219.3    321.7    390.4    438.9    426.4    474.2    576.0    629.0
MAXIMA ABSOLUTA     366.2 6  236.0 3  216.0    146.0    283.0    362.5    441.0    446.5    446.5    539.0    708.0    765.0
MINIMA MEDIA        310.7 6  206.0 3  115.5    113.2    140.0    273.0    360.7    425.0    415.0    430.0    539.0    482.2

** DATOS PRELIMINARES **              ***  VALORES  ANUALES  ***                                           ** ORIGENES DE DATO **

                                     MEDIA                 362.583                                         3 : INCOMPLETOS
                                     MAXIMA ABSOLUTA       765.000                                         6 : EST.  REGRESION
                                     MINIMA MEDIA          113.200

                       I D E A M  -  INSTITUTO DE HIDROLOGIA, METEOROLOGIA Y ESTUDIOS AMBIENTALES
                                                                                                              SISTEMA DE INFORMACION
                                    VALORES MEDIOS  DIARIOS DE CAUDALES (M3/Seg)                                NACIONAL AMBIENTAL

    FECHA DE PROCESO :  2019/05/21                    ANO  1985                              ESTACION : 29037450  STA HELENA 2

    LATITUD    1004 N               TIPO EST    LM                   DEPTO      BOLIVAR                 FECHA-INSTALACION   1978-JUN
    LONGITUD   7526 W               ENTIDAD     01  IDEAM            MUNICIPIO  ARJONA                  FECHA-SUSPENSION
    ELEVACION  0003 m.s.n.m         REGIONAL    02  ATLANTICO        CORRIENTE  CANAL DEL DIQUE

************************************************************************************************************************************
          DIA       ENERO *  FEBRE *  MARZO *  ABRIL *  MAYO  *  JUNIO *  JULIO *  AGOST *  SEPTI *  OCTUB *  NOVIE *  DICIE *
************************************************************************************************************************************

           01       511.6 8  336.0    163.8    131.0    179.5    255.7    243.1    233.3    313.7    370.1    445.1    475.0
           02       506.0 8  336.0    160.9    134.6    184.9    253.6    243.1    236.2    324.3    372.5    442.2    476.4
           03       501.8 8  312.5    160.2    137.2    195.7    259.9    243.2    238.1    318.4    376.0    442.2    479.3
           04       499.0 8  303.1    157.3    145.7    196.6    264.1    246.3    237.1    319.6    377.3    443.7    480.7
           05       494.8 8  286.7    152.2    158.7    198.4    261.0    252.7    242.1    314.9    381.2    446.5    486.4 8
           06       490.6 8  275.7    147.1    174.1    205.8    273.6    223.8    243.1    324.3    385.1    446.5    489.2 8
           07       486.4 8  269.4    140.6    176.8    208.6    290.2    216.2    242.1    325.5    389.0    446.5    492.0 8
           08       480.7    256.8    134.0    190.3    211.5    286.7    211.5    244.2    326.6    387.7    449.4    496.2 8
           09       476.4    250.5    134.0    184.9    203.9    291.4    208.6    232.4    337.2    389.0    450.8    496.2 8
           10       473.6    247.3    135.2    187.6    212.4    290.2    203.9    241.1    340.7    390.3    453.6    490.6 8
           11       472.2    236.2    139.2    188.5    209.6    292.6    197.5    245.2    334.9    391.6    453.6    489.2 8
           12       466.5    230.5    148.6    184.9    213.4    292.6    201.1    244.2    337.2    392.9    453.6    487.8 8
           13       460.8    222.9    143.9    184.9    219.1    296.1    194.8    250.5    341.9    394.2    453.6    487.8 8
           14       456.5    219.1    145.7    183.1    221.0    298.4    191.2    256.8    346.6    396.8    456.5    487.8 8
           15       452.2    220.0    142.1    179.5    221.9    293.7    188.5    259.9    349.0    400.7    459.3    487.8 8
           16       450.8    213.4    143.0    174.1    222.9    298.4    182.2    261.0    351.3    403.3    465.0    485.0
           17       440.8    198.6    137.2    176.8    226.7    290.2    185.8    270.4    352.5    407.2    463.6    485.0
           18       435.1    188.5    136.4    175.0    231.4    292.6    184.9    275.7    354.8    411.1    465.0    482.1
           19       428.0    184.9    137.8    165.3    238.1    293.7    187.6    276.7    356.0    411.1    465.0    482.1
           20       421.5    189.4    134.6    162.4    245.2    293.7    183.1    278.8    356.0    416.3    465.0    480.7
           21       412.4    188.5    131.6    158.7    252.6    289.0    192.1    279.9    358.4    420.2    465.0    479.3
           22       402.0    183.1    135.8    160.9    245.2    283.2    207.7    285.6    361.9    421.5    470.7    476.4
           23       394.2    174.1    135.2    152.9    256.8    287.9    216.2    289.0    364.2    424.1    472.2    476.4
           24       398.1    172.3    132.8    150.0    249.4    289.0    235.2    290.2    359.5    425.4    470.7    475.0
           25       379.9    167.8    139.4    147.9    251.5    280.9    236.2    286.7    359.5    428.0    470.7    473.6
           26       371.3    166.0    142.9    141.3    256.8    275.7    238.1    292.6    361.9    432.3    470.7    470.7
           27       366.6    166.9    143.0    162.4    257.8    265.2    226.7    296.1    365.4    435.1    473.6    463.6
           28       356.0    163.8    141.5    158.7    262.0    259.9    227.6    294.9    365.4    439.4    476.4    459.3
           29       347.8             138.7    170.7    256.8    255.7    227.6    299.6    367.8    442.2    473.6    450.8
           30       338.4             135.8    174.1    256.8    250.5    228.6    306.7    368.9    442.2    473.6    446.5
           31       337.2             135.2             257.8             233.3    310.2             442.2             439.4

MEDIA               435.8 8  227.1    142.1    165.8    227.4    280.2    214.8    265.8    345.3    406.3    459.5    478.3 8
MAXIMA ABSOLUTA     513.0 8  345.4    164.5    196.6    265.2    303.1    267.3    312.5    368.9    445.1    476.4    496.2 8
MINIMA MEDIA        337.2    163.8    131.6    131.0    179.5    250.5    182.2    232.4    313.7    370.1    442.2    439.4

                                      ***  VALORES  ANUALES  ***                                           ** ORIGENES DE DATO **

                                     MEDIA                 304.033                                         8 : EST.  OTROS METODOS
                                     MAXIMA ABSOLUTA       513.000
                                     MINIMA MEDIA          131.000

                       I D E A M  -  INSTITUTO DE HIDROLOGIA, METEOROLOGIA Y ESTUDIOS AMBIENTALES
                                                                                                              SISTEMA DE INFORMACION
                                    VALORES MEDIOS  DIARIOS DE CAUDALES (M3/Seg)                                NACIONAL AMBIENTAL

    FECHA DE PROCESO :  2019/05/21                    ANO  1986                              ESTACION : 29037450  STA HELENA 2

    LATITUD    1004 N               TIPO EST    LM                   DEPTO      BOLIVAR                 FECHA-INSTALACION   1978-JUN
    LONGITUD   7526 W               ENTIDAD     01  IDEAM            MUNICIPIO  ARJONA                  FECHA-SUSPENSION
    ELEVACION  0003 m.s.n.m         REGIONAL    02  ATLANTICO        CORRIENTE  CANAL DEL DIQUE

************************************************************************************************************************************
          DIA       ENERO *  FEBRE *  MARZO *  ABRIL *  MAYO  *  JUNIO *  JULIO *  AGOST *  SEPTI *  OCTUB *  NOVIE *  DICIE *
************************************************************************************************************************************

           01       438.0    237.1    186.7    183.1    297.3    350.1    400.7    341.9    247.3    255.7    420.2    493.4 8
           02       430.8    236.2    189.4    175.0    299.6    352.5    398.1    333.7    250.5    255.7    422.8    496.2 8
           03       418.9    224.8    191.2    177.7    299.6    353.7    398.1    333.7    248.4    265.2    425.4    499.0 8
           04       407.2    219.1    193.0    179.5    302.0    353.7    395.5    316.1    253.6    263.1    430.8    497.6 8
           05       403.3    212.4    194.8    179.5    305.5    359.5    396.8    307.8    247.3    271.5    432.3    499.0 8
           06       396.8    203.1    189.4    184.0    309.0    367.8    396.8    302.0    259.9    267.3    436.5    499.0 8
           07       385.1    197.5    194.8    189.4    310.2    372.5    400.7    299.6    262.0    272.5    435.1    499.0 8
           08       363.1    192.1    196.6    194.8    314.9    378.6    396.8    296.1    268.3    277.8    439.4    499.0 8
           09       358.4    193.9    195.7    196.6    318.4    379.9    398.1    289.0    265.2    282.9    443.7    499.0 8
           10       341.9    182.2    197.5    206.7    319.6    383.8    399.4    285.5    263.1    298.4    445.1    499.0 8
           11       336.0    177.7    196.6    216.2    320.8    386.4    400.7    280.9    253.6    299.6    449.4    499.0 8
           12       327.8    175.0    196.6    233.3    316.1    390.3    399.4    276.7    257.8    302.0    453.6    499.0 8
           13       319.6    169.2    198.4    229.5    320.8    394.2    399.4    273.6    248.4    311.4    455.1    496.2 8
           14       311.4    163.8    198.4    233.3    334.9    394.2    399.4    258.9    246.3    320.8    456.5    493.4 8
           15       304.3    160.9    194.8    237.1    333.7    396.8    396.8    252.6    240.0    338.4    460.8    493.4 8
           16       296.1    162.4    191.2    238.1    337.2    399.4    400.7    244.2    258.9    350.1    466.5    490.6 8
           17       286.7    154.4    185.8    242.2    338.4    399.4    396.8    242.1    242.1    358.4    466.5    487.8 8
           18       277.8    146.4    198.4    239.0    331.3    399.4    390.3    242.1    254.7    360.7    469.3    487.8 8
           19       270.4    155.1    195.7    246.3    332.5    398.1    390.3    240.1    249.4    364.2    470.7    485.0
           20       273.6    155.1    196.6    244.2    330.2    399.4    387.7    238.1    236.2    370.1    473.6    482.1
           21       252.6    160.9    200.2    253.6    330.2    396.8    387.7    243.1    230.5    374.8    476.4    479.3
           22       245.2    156.6    195.7    253.6    332.5    396.8    390.3    247.3    221.9    379.9    476.4    476.4
           23       241.0    163.1    202.0    259.9    337.2    396.8    389.0    247.3    235.2    385.1    480.7    473.6
           24       234.3    168.7    190.3    272.5    340.7    398.1    387.7    248.4    226.7    394.2    483.6    465.0
           25       224.8    171.4    189.4    274.6    340.7    399.4    382.5    249.4    226.7    391.6    486.4 8  459.3
           26       228.6    175.9    187.6    282.1    341.9    399.4    378.6    250.5    227.6    399.4    486.4 8  447.9
           27       229.5    177.7    196.6    289.0    345.4    398.1    374.8    250.5    230.5    402.0    490.6 8  438.0
           28       232.4    179.5    184.0    289.0    344.3    399.4    368.9    250.5    230.5    411.1    493.4 8  426.8
           29       230.5             183.1    299.6    347.8    399.4    358.4    252.6    239.0    415.0    493.4 8  413.7
           30       231.4             181.3    299.6    347.8    399.4    360.7    245.2    242.1    416.3    493.4 8  400.7
           31       235.2             172.3             350.1             347.8    241.0             417.6             390.3

MEDIA               307.5    181.2    192.4    233.3    326.8    386.4    389.3    270.3    245.5    337.8    460.5 8  476.3 8
MAXIMA ABSOLUTA     439.4    238.1    203.9    300.8    350.1    402.0    402.0    345.4    277.8    417.6    493.4 8  499.0 8
MINIMA MEDIA        224.8    146.4    172.3    175.0    297.3    350.1    347.8    238.1    221.9    255.7    420.2    390.3

                                      ***  VALORES  ANUALES  ***                                           ** ORIGENES DE DATO **

                                     MEDIA                 317.275                                         8 : EST.  OTROS METODOS
                                     MAXIMA ABSOLUTA       499.000
                                     MINIMA MEDIA          146.400

                       I D E A M  -  INSTITUTO DE HIDROLOGIA, METEOROLOGIA Y ESTUDIOS AMBIENTALES
                                                                                                              SISTEMA DE INFORMACION
                                    VALORES MEDIOS  DIARIOS DE CAUDALES (M3/Seg)                                NACIONAL AMBIENTAL

    FECHA DE PROCESO :  2019/05/21                    ANO  1987                              ESTACION : 29037450  STA HELENA 2

    LATITUD    1004 N               TIPO EST    LM                   DEPTO      BOLIVAR                 FECHA-INSTALACION   1978-JUN
    LONGITUD   7526 W               ENTIDAD     01  IDEAM            MUNICIPIO  ARJONA                  FECHA-SUSPENSION
    ELEVACION  0003 m.s.n.m         REGIONAL    02  ATLANTICO        CORRIENTE  CANAL DEL DIQUE

************************************************************************************************************************************
          DIA       ENERO *  FEBRE *  MARZO *  ABRIL *  MAYO  *  JUNIO *  JULIO *  AGOST *  SEPTI *  OCTUB *  NOVIE *  DICIE *
************************************************************************************************************************************

           01       407.0    128.0    86.00    69.00    157.3    317.0    295.4    306.2    368.0    401.0    515.0    597.2 8
           02       399.5    146.9    85.00    79.00    174.5    318.4    298.1    306.2    366.5    396.5    509.9    597.2 8
           03       392.0    139.4    98.00    74.00    194.8    315.7    295.4    310.3    366.5    404.0    509.9    604.0 8
           04       372.5    134.3    83.00    69.00    193.5    317.0    290.0    313.0    369.5    407.0    518.4    602.3 8
           05       365.0    129.1    88.00    69.00    214.8    317.0    286.0    307.5    372.5    410.0    521.8    600.6 8
           06       350.0    118.0    70.30    102.0    198.5    319.7    281.9    321.0    375.5    413.0    521.8    604.0 8
           07       337.3    112.0    93.00    105.0    209.8    321.0    276.5    322.4    377.0    419.0    525.2    598.9 8
           08       331.8    104.0    59.80    109.0    211.0    327.8    268.4    327.8    377.0    425.0    525.2    602.4 8
           09       311.6    103.0    58.50    126.0    213.5    325.1    272.5    337.3    381.5    425.0    526.9    609.4 8
           10       306.2    94.00    74.00    133.0    219.8    326.5    269.8    342.6    386.0    435.5    528.6    607.7 8
           11       296.8    87.00    71.00    132.0    229.8    327.8    267.0    347.0    384.5    435.5    530.3    616.6 8
           12       279.2    75.00    67.00    138.0    233.5    327.8    269.8    350.0    384.5    440.0    532.0    614.8 8
           13       273.8    86.00    63.00    137.0    232.3    330.5    269.8    357.5    386.0    441.5    532.0    613.0 8
           14       259.0    96.00    67.00    134.3    234.8    330.5    273.8    359.0    383.0    444.5    535.8 8  611.2 8
           15       253.5    101.0    78.00    128.0    252.2    330.5    279.2    362.0    383.0    450.5    535.8 8  614.8 8
           16       249.5    100.0    72.00    128.0    254.9    335.9    276.5    366.5    387.5    456.5    543.4 8  618.4 8
           17       241.4    100.0    75.00    129.0    259.0    329.1    269.8    368.0    386.0    459.5    547.2 8  613.0 8
           18       240.1    112.0    78.00    131.0    264.3    329.1    265.7    371.0    389.0    477.6    551.0 8  607.6 8
           19       222.3    108.0    86.00    131.0    269.8    325.1    267.0    368.0    387.5    477.6    554.8 8  613.0 8
           20       212.3    107.0    95.00    131.0    265.7    321.0    267.0    369.5    393.5    481.0    556.7 8  609.4 8
           21       202.3    118.0    93.00    116.0    265.7    319.7    267.0    368.0    393.5    484.4    558.6 8  604.0 8
           22       191.0    107.0    94.00    125.0    277.9    319.7    267.0    368.0    393.5    486.1    564.3 8  609.4 8
           23       185.1    102.0    93.00    125.0    279.2    318.4    272.5    368.0    390.5    487.8    564.3 8  609.4 8
           24       175.6    96.00    89.00    129.0    277.9    318.4    273.8    366.5    392.0    489.5    562.4 8  598.9 8
           25       169.9    90.00    90.00    135.0    277.9    317.0    281.9    372.5    393.5    487.8    571.5 8  598.9 8
           26       151.5    94.00    92.00    135.0    287.3    311.6    280.5    372.5    398.0    492.9    585.3 8  607.7 8
           27       144.6    84.00    66.00    130.0    290.0    314.3    290.0    369.5    398.0    492.9    595.5 8  602.5 8
           28       149.2    89.00    83.00    130.0    303.5    310.3    292.7    369.5    396.5    499.7    597.2 8  592.1 8
           29       132.0             63.00    139.0    310.3    310.3    306.2    371.0    401.0    508.2    598.9 8  588.7 8
           30       140.8             67.00    145.8    314.3    307.5    299.5    371.0    401.0    516.7    600.6 8  570.0 8
           31       143.9             71.00             315.6             300.8    368.0             518.4             564.3 8

MEDIA               254.4    105.7    79.00    118.8    247.8    321.3    279.7    350.9    385.4    456.9    547.3 8  603.3 8
MAXIMA ABSOLUTA     410.0    146.9    104.0    146.9    317.0    335.9    308.9    374.0    404.0    518.4    600.6 8  618.4 8
MINIMA MEDIA        132.0    75.00    58.50    69.00    157.3    307.5    265.7    306.2    366.5    396.5    509.9    564.3 8

                                      ***  VALORES  ANUALES  ***                                           ** ORIGENES DE DATO **

                                     MEDIA                 312.542                                         8 : EST.  OTROS METODOS
                                     MAXIMA ABSOLUTA       618.400
                                     MINIMA MEDIA           58.500

                       I D E A M  -  INSTITUTO DE HIDROLOGIA, METEOROLOGIA Y ESTUDIOS AMBIENTALES
                                                                                                              SISTEMA DE INFORMACION
                                    VALORES MEDIOS  DIARIOS DE CAUDALES (M3/Seg)                                NACIONAL AMBIENTAL

    FECHA DE PROCESO :  2019/05/21                    ANO  1988                              ESTACION : 29037450  STA HELENA 2

    LATITUD    1004 N               TIPO EST    LM                   DEPTO      BOLIVAR                 FECHA-INSTALACION   1978-JUN
    LONGITUD   7526 W               ENTIDAD     01  IDEAM            MUNICIPIO  ARJONA                  FECHA-SUSPENSION
    ELEVACION  0003 m.s.n.m         REGIONAL    02  ATLANTICO        CORRIENTE  CANAL DEL DIQUE

************************************************************************************************************************************
          DIA       ENERO *  FEBRE *  MARZO *  ABRIL *  MAYO  *  JUNIO *  JULIO *  AGOST *  SEPTI *  OCTUB *  NOVIE *  DICIE *
************************************************************************************************************************************

           01       531.2    259.6    133.2    111.8    222.4    312.5    417.0    509.5    602.0 8  643.6 8  701.2 8  669.2 8
           02       525.0    238.0    143.2    104.1    234.4    319.0    419.9    508.0    603.6 8  646.8 8  698.0 8  669.2 8
           03       518.8    246.4    153.5    106.1    240.4    324.2    427.1    511.1    603.6 8  648.4 8  693.2 8  669.2 8
           04       517.3    239.2    169.3    99.60    248.8    317.7    430.0    512.6    605.2 8  653.2 8  688.4 8  669.2 8
           05       515.7    221.2    160.9    110.8    248.8    319.0    428.6    521.9    606.8 8  654.8 8  685.2 8  669.2 8
           06       511.1    215.2    156.7    116.7    254.8    322.9    441.6    523.5    608.4 8  653.2 8  672.4 8  666.0 8
           07       508.0    216.4    152.5    120.5    258.4    322.9    447.5    532.8    608.4 8  659.6 8  666.0 8  666.0 8
           08       501.8    210.4    149.3    119.6    270.4    325.5    452.2    540.5    608.4 8  662.8 8  672.4 8  662.8 8
           09       498.7    208.0    138.3    119.6    275.2    324.2    455.3    539.0    610.0 8  662.8 8  672.4 8  664.4 8
           10       495.6    210.4    135.4    142.5    278.8    324.2    461.5    542.1    613.2 8  662.8 8  672.4 8  666.0 8
           11       490.9    200.8    134.8    145.3    280.2    322.9    466.1    545.2    614.8 8  666.0 8  672.4 8  667.6 8
           12       487.8    197.2    132.5    134.3    283.9    324.2    467.7    545.2    618.0 8  666.0 8  672.4 8  669.2 8
           13       484.7    192.4    117.6    151.4    282.6    322.9    473.9    546.7    618.0 8  670.8 8  672.4 8  670.8 8
           14       480.1    193.6    117.6    149.3    283.9    329.4    480.1    546.7    618.0 8  672.4 8  672.4 8  670.8 8
           15       472.3    186.4    108.9    159.8    291.7    329.4    480.1    548.3    618.0 8  675.6 8  672.4 8  672.4 8
           16       466.1    185.2    105.1    171.4    291.7    332.1    483.2    548.3    622.8 8  678.8 8  674.0 8  672.4 8
           17       455.3    186.4    106.0    181.9    300.8    336.3    481.6    556.0    626.0 8  678.8 8  675.6 8  672.4 8
           18       449.1    190.0    106.3    212.8    303.4    344.6    484.7    559.1    629.2 8  693.2 8  675.6 8  677.2 8
           19       441.6    191.2    96.90    216.4    299.5    350.2    487.8    573.2 8  632.4 8  704.4 8  675.6 8  675.6 8
           20       434.4    191.2    96.90    247.6    307.3    350.2    489.4    574.8 8  635.6 8  733.2 8  675.6 8  675.6 8
           21       424.2    191.2    104.4    241.6    307.3    353.0    492.5    581.2 8  640.4 8  746.0 8  677.2 8  674.0 8
           22       387.1    194.8    119.6    244.0    308.6    357.2    497.1    582.8 8  640.4 8  746.0 8  678.8 8  675.6 8
           23       380.0    180.8    109.8    238.0    307.3    362.8    497.1    581.2 8  640.4 8  698.0 8  678.8 8  674.0 8
           24       371.4    157.7    104.1    241.6    317.7    369.8    498.7    579.6 8  640.4 8  693.2 8  678.8 8  672.4 8
           25       385.6    148.7    128.3    230.8    312.5    390.9    498.7    581.2 8  640.4 8  699.6 8  678.8 8  669.2 8
           26       364.5    132.2    110.5    230.8    315.1    396.7    498.7    582.8 8  640.4 8  702.8 8  675.6 8  670.8 8
           27       342.1    129.3    99.70    227.2    309.9    403.9    503.3    582.8 8  640.4 8  706.0 8  675.6 8  672.4 8
           28       331.2    133.2    112.7    227.2    311.2    402.5    504.9    584.4 8  643.6 8  704.4 8  672.4 8  666.0 8
           29       316.4    128.3    105.9    226.0    309.9    408.3    501.8    584.4 8  643.6 8  704.4 8  669.2 8  666.0 8
           30       258.4             111.8    221.2    307.3    411.2    504.9    589.2 8  643.6 8  704.4 8  669.2 8  667.6 8
           31       244.0             108.9             311.2             508.0    600.4 8           701.2 8           667.6 8

MEDIA               438.4    192.3    123.6    175.0    286.3    347.0    473.6    555.3 8  623.9 8  683.7 8  677.1 8  670.0 8
MAXIMA ABSOLUTA     532.8    270.4    175.6    251.2    329.4    411.2    508.0    602.0 8  643.6 8  749.2 8  701.2 8  678.8 8
MINIMA MEDIA        244.0    128.3    96.90    99.60    222.4    312.5    417.0    508.0    602.0 8  643.6 8  666.0 8  662.8 8

                                      ***  VALORES  ANUALES  ***                                           ** ORIGENES DE DATO **

                                     MEDIA                 437.183                                         8 : EST.  OTROS METODOS
                                     MAXIMA ABSOLUTA       749.200
                                     MINIMA MEDIA           96.900

                       I D E A M  -  INSTITUTO DE HIDROLOGIA, METEOROLOGIA Y ESTUDIOS AMBIENTALES
                                                                                                              SISTEMA DE INFORMACION
                                    VALORES MEDIOS  DIARIOS DE CAUDALES (M3/Seg)                                NACIONAL AMBIENTAL

    FECHA DE PROCESO :  2019/05/21                    ANO  1989                              ESTACION : 29037450  STA HELENA 2

    LATITUD    1004 N               TIPO EST    LM                   DEPTO      BOLIVAR                 FECHA-INSTALACION   1978-JUN
    LONGITUD   7526 W               ENTIDAD     01  IDEAM            MUNICIPIO  ARJONA                  FECHA-SUSPENSION
    ELEVACION  0003 m.s.n.m         REGIONAL    02  ATLANTICO        CORRIENTE  CANAL DEL DIQUE

************************************************************************************************************************************
          DIA       ENERO *  FEBRE *  MARZO *  ABRIL *  MAYO  *  JUNIO *  JULIO *  AGOST *  SEPTI *  OCTUB *  NOVIE *  DICIE *
************************************************************************************************************************************

           01       605.9 8  472.7    286.8    259.1    167.6    290.8    324.6    308.4    309.7    408.1    493.9    537.0 8
           02       601.2 8  466.2    285.4    256.5    173.3    296.2    327.3    312.4    317.8    408.1    500.4    541.8 8
           03       596.6 8  458.1    278.7    256.5    178.5    293.5    324.6    312.4    320.5    414.3    506.9    544.9 8
           04       593.5 8  454.9    273.4    255.2    181.1    300.3    327.3    311.1    323.2    408.1    511.7    549.6 8
           05       595.0 8  432.9    260.4    247.4    185.0    297.6    327.3    311.1    328.7    425.2    508.5    565.4 8
           06       590.4 8  440.7    261.7    251.3    188.9    298.9    328.6    312.4    331.5    428.3    518.1 8  565.4 8
           07       585.7 8  428.3    253.9    246.1    190.2    305.7    330.0    312.4    328.6    431.4    514.9 8  563.8 8
           08       579.5 8  417.4    247.4    246.1    195.4    308.4    328.6    311.1    331.4    431.4    513.4    560.7 8
           09       573.3 8  419.0    242.2    246.1    199.3    311.1    327.3    309.7    337.2    434.5    527.6 8  555.9 8
           10       567.0 8  409.7    244.8    244.8    203.2    308.4    328.6    307.0    335.8    437.6    529.2 8  546.5 8
           11       565.4 8  401.9    239.6    244.8    216.2    311.1    327.3    301.6    340.1    443.8    530.7 8  540.2 8
           12       562.2 8  398.8    234.4    246.1    230.5    311.1    328.6    303.0    344.5    451.6    530.7 8  537.0 8
           13       555.9 8  389.6    230.5    244.8    238.3    311.1    328.6    304.3    348.8    454.9    535.5 8  533.9 8
           14       551.2 8  385.1    240.9    240.9    243.5    312.4    321.9    304.3    357.5    454.9    538.6 8  532.3 8
           15       551.2 8  376.4    238.3    239.6    246.1    315.1    325.9    301.6    360.4    458.1    538.6 8  527.6 8
           16       548.1 8  376.4    251.3    227.9    248.7    312.4    324.6    307.0    359.0    459.7    538.6 8  527.6 8
           17       544.9 8  345.9    250.0    222.7    256.5    313.8    316.5    304.3    361.9    461.4    537.0 8  527.6 8
           18       543.3 8  338.7    252.6    217.5    259.1    315.1    311.1    304.3    366.2    466.2    538.6 8  524.4 8
           19       544.9 8  335.8    251.3    212.3    263.0    312.4    307.0    307.0    366.2    464.6    537.0 8  521.3 8
           20       540.2 8  330.1    255.2    205.8    265.6    316.5    305.7    309.7    370.6    467.9    537.0 8  518.1 8
           21       530.7 8  320.5    253.9    200.6    266.9    319.2    308.4    305.7    372.0    469.5    537.0 8  513.4
           22       522.9 8  319.2    256.5    196.7    269.5    319.2    305.7    303.0    372.0    472.7    538.6 8  511.7
           23       518.1 8  308.4    257.8    186.3    273.4    320.5    307.0    301.6    373.5    474.4    538.6 8  510.1
           24       516.6 8  292.2    256.5    178.5    272.1    325.9    315.1    301.6    376.4    474.4    541.8 8  502.0
           25       511.7    292.2    256.5    175.9    273.4    325.9    308.4    297.6    383.6    472.7    541.8 8  493.9
           26       503.6    288.1    256.5    167.6    270.8    327.3    308.4    296.2    389.5    474.4    543.3 8  490.6
           27       500.4    290.8    256.5    166.5    273.4    328.6    313.8    301.6    394.2    474.4    543.3 8  482.5
           28       497.1    281.4    256.5    171.5    277.4    327.3    304.3    301.6    395.7    477.6    537.0 8  479.2
           29       493.9             255.2    169.3    281.4    327.3    304.3    301.6    398.8    485.7    537.0 8  474.4
           30       484.1             257.8    165.8    280.0    327.3    307.0    305.7    401.9    485.7    535.5 8  458.1
           31       480.9             260.4             286.8             309.7    305.7             490.6             456.5

MEDIA               546.9 8  374.0    254.9    219.7    237.3    313.0    318.2    305.7    356.6    453.6    529.4 8  522.4 8
MAXIMA ABSOLUTA     605.9 8  476.0    286.8    263.0    289.5    330.0    330.0    313.8    403.5    492.2    543.3 8  565.4 8
MINIMA MEDIA        480.9    281.4    230.5    165.8    167.6    290.8    304.3    296.2    309.7    408.1    493.9    456.5

** DATOS PRELIMINARES **              ***  VALORES  ANUALES  ***                                           ** ORIGENES DE DATO **

                                     MEDIA                 369.308                                         8 : EST.  OTROS METODOS
                                     MAXIMA ABSOLUTA       605.900
                                     MINIMA MEDIA          165.800

                       I D E A M  -  INSTITUTO DE HIDROLOGIA, METEOROLOGIA Y ESTUDIOS AMBIENTALES
                                                                                                              SISTEMA DE INFORMACION
                                    VALORES MEDIOS  DIARIOS DE CAUDALES (M3/Seg)                                NACIONAL AMBIENTAL

    FECHA DE PROCESO :  2019/05/21                    ANO  1990                              ESTACION : 29037450  STA HELENA 2

    LATITUD    1004 N               TIPO EST    LM                   DEPTO      BOLIVAR                 FECHA-INSTALACION   1978-JUN
    LONGITUD   7526 W               ENTIDAD     01  IDEAM            MUNICIPIO  ARJONA                  FECHA-SUSPENSION
    ELEVACION  0003 m.s.n.m         REGIONAL    02  ATLANTICO        CORRIENTE  CANAL DEL DIQUE

************************************************************************************************************************************
          DIA       ENERO *  FEBRE *  MARZO *  ABRIL *  MAYO  *  JUNIO *  JULIO *  AGOST *  SEPTI *  OCTUB *  NOVIE *  DICIE *
************************************************************************************************************************************

           01       407.9    238.6    195.1    208.2    241.1    331.5    338.0    324.0    274.6    316.6    407.8    479.0
           02       411.5    234.5    188.9    207.0    244.4    334.2    335.1    325.9    289.5    319.4    420.1    477.5
           03       415.2    222.3    193.9    197.0    267.0    334.2    331.5    318.5    284.2    322.2    429.5    480.5
           04       412.8    210.2    194.5    197.6    269.4    334.2    327.7    315.7    282.5    323.1    431.0    477.5
           05       393.2    209.5    188.2    195.7    274.6    333.3    327.7    312.0    293.0    325.0    431.0    483.5
           06       387.0    203.6    181.4    195.1    281.6    331.5    325.9    308.3    293.9    324.0    435.5    488.4
           07       379.7    198.2    181.4    195.7    289.5    333.3    325.0    309.2    293.0    326.8    437.0    491.8
           08       381.6    195.7    182.6    194.5    294.7    329.6    322.2    304.6    299.1    327.7    435.5    493.5
           09       362.3    208.8    180.1    197.0    296.5    332.4    320.3    301.0    298.2    325.9    440.0    502.0
           10       355.5    214.8    176.4    200.3    300.0    330.5    321.3    295.6    301.9    342.8    440.0    502.0
           11       345.8    220.7    183.9    198.9    303.7    330.5    320.3    291.2    305.5    348.7    440.0    500.3
           12       342.9    226.0    177.6    194.6    308.3    332.4    320.3    290.4    310.2    351.6    440.0    500.3
           13       342.8    224.5    179.5    197.6    311.1    330.5    321.3    290.4    310.2    353.6    440.0    493.5
           14       336.1    224.5    180.7    201.1    313.0    332.4    325.9    291.2    303.7    362.3    443.0    491.8
           15       334.2    223.0    180.1    200.3    317.6    338.0    326.8    289.5    303.7    368.2    447.5    485.0
           16       326.8    218.5    177.6    197.6    317.6    337.0    322.2    292.1    306.5    373.1    449.0    480.5
           17       324.0    215.5    185.7    200.5    319.4    338.0    323.1    291.2    306.5    379.7    458.0    482.0
           18       320.3    213.2    184.5    199.6    318.5    337.0    322.2    294.7    309.2    383.3    471.5    476.0
           19       318.5    203.5    177.2    198.2    321.3    337.0    323.1    288.6    311.1    385.8    483.5    474.5
           20       315.7    209.5    180.2    201.0    319.4    337.0    322.2    294.7    312.0    385.8    488.4    468.5
           21       307.4    205.0    175.9    198.9    322.2    337.0    320.3    295.6    312.9    391.9    470.0    465.5
           22       301.0    191.4    174.6    195.7    323.1    337.0    323.1    293.9    311.1    390.7    480.5    465.5
           23       295.6    185.7    181.4    205.9    324.0    335.1    324.0    291.2    313.9    395.6    482.0    461.0
           24       288.6    186.4    178.9    206.5    324.0    320.3    324.0    293.0    312.0    399.3    476.0    468.5
           25       279.9    193.2    173.4    217.0    325.9    340.9    325.9    288.6    311.1    391.9    477.5    468.5
           26       271.1    192.0    184.5    221.5    327.7    340.9    327.7    279.9    312.0    398.0    479.0    470.0
           27       271.1    195.1    185.7    220.7    330.5    340.9    327.7    283.4    312.9    401.7    480.5    467.0
           28       264.2    186.4    186.4    221.5    331.5    342.9    327.7    273.7    312.9    402.9    482.0    468.5
           29       253.5             187.0    226.1    330.5    342.9    325.9    268.5    318.5    402.9    479.0    473.0
           30       245.2             196.4    238.6    333.3    342.9    325.9    268.5    317.6    404.2    477.5    459.5
           31       242.7             214.0             332.4             323.1    274.6             407.8             456.5

MEDIA               330.1    208.9    184.1    204.3    306.9    335.2    325.1    294.8    304.1    365.6    455.1    479.1
MAXIMA ABSOLUTA     417.7    243.6    215.5    240.2    335.1    342.9    340.9    327.7    318.5    407.8    491.8    502.0
MINIMA MEDIA        242.7    185.7    173.4    194.5    241.1    320.3    320.3    268.5    274.6    316.6    407.8    456.5

** DATOS PRELIMINARES **              ***  VALORES  ANUALES  ***

                                     MEDIA                 316.108
                                     MAXIMA ABSOLUTA       502.000
                                     MINIMA MEDIA          173.400

                       I D E A M  -  INSTITUTO DE HIDROLOGIA, METEOROLOGIA Y ESTUDIOS AMBIENTALES
                                                                                                              SISTEMA DE INFORMACION
                                    VALORES MEDIOS  DIARIOS DE CAUDALES (M3/Seg)                                NACIONAL AMBIENTAL

    FECHA DE PROCESO :  2019/05/21                    ANO  1991                              ESTACION : 29037450  STA HELENA 2

    LATITUD    1004 N               TIPO EST    LM                   DEPTO      BOLIVAR                 FECHA-INSTALACION   1978-JUN
    LONGITUD   7526 W               ENTIDAD     01  IDEAM            MUNICIPIO  ARJONA                  FECHA-SUSPENSION
    ELEVACION  0003 m.s.n.m         REGIONAL    02  ATLANTICO        CORRIENTE  CANAL DEL DIQUE

************************************************************************************************************************************
          DIA       ENERO *  FEBRE *  MARZO *  ABRIL *  MAYO  *  JUNIO *  JULIO *  AGOST *  SEPTI *  OCTUB *  NOVIE *  DICIE *
************************************************************************************************************************************

           01       349.7    193.5    146.1    145.6    197.3    266.1    271.3    240.1    221.3    250.9    301.2    320.2
           02       347.1    194.1    147.1    149.0    194.7    270.6    269.0    247.4    217.9    256.7    302.0    320.1
           03       343.6    190.9    144.6    157.0    195.4    272.9    272.9    241.5    211.4    260.3    298.9    321.0
           04       346.2    180.4    142.4    156.5    197.3    272.1    270.6    246.6    215.3    263.3    301.3    324.3
           05       341.0    179.8    146.1    158.5    197.3    269.8    270.6    248.8    206.2    263.3    302.9    321.0
           06       326.8    170.0    145.1    159.5    200.5    269.0    269.0    251.6    203.0    268.3    301.3    321.8
           07       324.3    163.7    144.2    160.5    201.8    271.3    269.8    254.6    201.8    270.7    303.6    321.0
           08       325.1    159.0    143.8    158.5    210.0    269.8    267.6    255.3    201.8    274.4    305.3    322.6
           09       323.5    156.0    142.4    155.5    213.9    270.6    264.7    257.5    203.7    281.5    304.5    318.5
           10       311.9    150.5    148.3    157.5    219.9    268.3    270.6    256.7    205.6    282.3    302.9    317.7
           11       309.4    148.5    148.3    157.5    221.9    266.9    270.6    261.1    203.7    287.8    307.0    316.9
           12       298.1    148.5    150.1    156.5    223.3    268.3    269.8    259.6    204.3    290.2    311.1    311.9
           13       300.4    148.5    156.0    154.0    227.3    268.3    274.4    264.0    203.7    293.3    306.1    306.2
           14       295.7    151.0    160.0    156.0    226.0    270.6    260.4    264.7    202.4    294.9    313.5    313.5
           15       289.4    153.5    162.5    160.5    229.4    270.5    276.0    266.1    201.1    299.6    317.7    313.5
           16       285.5    152.5    165.7    166.8    231.4    270.6    276.8    265.4    197.3    300.5    316.0    311.9
           17       276.8    152.0    171.8    170.6    236.1    268.3    276.0    262.5    192.8    302.1    315.2    311.9
           18       269.3    152.5    180.4    174.1    245.1    266.2    269.8    258.9    194.7    302.0    318.5    311.9
           19       270.8    149.5    183.8    181.5    243.7    264.7    272.9    254.6    191.6    302.8    317.7    307.8
           20       270.0    151.0    183.8    184.0    246.6    266.9    269.8    253.8    196.6    305.3    317.7    306.1
           21       267.0    150.5    186.2    190.3    248.0    266.1    269.9    250.2    206.9    302.8    316.0    303.6
           22       261.8    151.0    183.3    187.4    250.2    266.9    268.3    248.0    210.0    302.8    315.2    306.1
           23       245.9    144.6    173.5    187.9    250.9    266.9    266.9    250.9    215.9    308.6    316.8    306.1
           24       236.1    143.9    173.5    189.8    251.6    269.0    266.9    248.0    223.3    307.0    316.0    307.0
           25       232.7    145.1    164.9    194.1    257.5    269.0    266.9    247.3    224.6    305.3    313.5    306.1
           26       230.7    143.8    154.0    196.6    258.2    268.3    262.5    242.2    231.4    312.7    318.5    306.1
           27       227.3    144.6    152.0    197.3    261.1    269.8    260.4    238.8    232.7    307.8    320.2    302.8
           28       219.9    144.6    151.0    199.2    264.0    267.6    254.5    234.8    243.9    307.8    318.5    299.6
           29       208.8             148.6    197.3    265.4    268.3    249.5    232.7    243.2    305.3    318.5    297.3
           30       208.1             143.3    196.6    265.4    270.6    256.7    232.0    253.8    305.3    325.1    298.8
           31       207.5             145.1             265.4             245.1    228.7             302.9             293.3

MEDIA               282.3    157.6    157.7    171.9    232.1    268.8    267.1    250.5    212.1    290.9    311.4    311.2
MAXIMA ABSOLUTA     350.5    197.9    190.3    200.5    269.0    275.2    278.4    267.6    254.6    316.9    326.8    326.8
MINIMA MEDIA        207.5    143.8    142.4    145.6    194.7    264.7    245.1    228.7    191.6    250.9    298.9    293.3

** DATOS PRELIMINARES **              ***  VALORES  ANUALES  ***

                                     MEDIA                 242.800
                                     MAXIMA ABSOLUTA       350.500
                                     MINIMA MEDIA          142.400

                       I D E A M  -  INSTITUTO DE HIDROLOGIA, METEOROLOGIA Y ESTUDIOS AMBIENTALES
                                                                                                              SISTEMA DE INFORMACION
                                    VALORES MEDIOS  DIARIOS DE CAUDALES (M3/Seg)                                NACIONAL AMBIENTAL

    FECHA DE PROCESO :  2019/05/21                    ANO  1992                              ESTACION : 29037450  STA HELENA 2

    LATITUD    1004 N               TIPO EST    LM                   DEPTO      BOLIVAR                 FECHA-INSTALACION   1978-JUN
    LONGITUD   7526 W               ENTIDAD     01  IDEAM            MUNICIPIO  ARJONA                  FECHA-SUSPENSION
    ELEVACION  0003 m.s.n.m         REGIONAL    02  ATLANTICO        CORRIENTE  CANAL DEL DIQUE

************************************************************************************************************************************
          DIA       ENERO *  FEBRE *  MARZO *  ABRIL *  MAYO  *  JUNIO *  JULIO *  AGOST *  SEPTI *  OCTUB *  NOVIE *  DICIE *
************************************************************************************************************************************

           01       330.5    149.7    129.4    115.6    153.9    256.8    235.0    240.4    282.9    343.5    375.8    337.8
           02       324.2    148.3    130.0    110.0    156.0    255.7    232.3    243.1    284.8    348.3    375.8    336.8
           03       329.4    148.3    128.8    121.3    163.8    258.5    238.6    243.1    281.0    352.0    373.3    339.9
           04       324.1    145.5    126.3    111.3    165.4    267.7    237.7    241.3    284.8    368.3    368.3    342.0
           05       308.4    139.9    126.9    113.8    171.3    270.5    235.0    246.7    285.8    367.0    365.8    342.2
           06       302.1    143.4    126.9    115.6    176.5    274.3    217.8    246.7    290.5    388.3    364.5    347.0
           07       293.3    146.2    130.0    125.6    180.3    278.2    203.7    252.1    290.5    417.2 8  360.8    349.5
           08       283.9    149.7    135.4    126.3    170.5    280.0    201.3    253.0    295.3    400.0 8  362.0    349.5
           09       284.8    146.9    136.0    129.1    184.0    279.1    199.6    257.5    290.5    397.3 8  359.5    350.8
           10       282.0    146.9    130.7    127.9    184.0    279.1    196.3    253.9    296.2    398.6 8  355.8    350.8
           11       278.2    149.0    136.4    123.9    193.1    277.2    199.6    270.5    298.1    397.3 8  353.3    355.8
           12       272.5    136.9    134.3    130.0    190.8    276.3    207.0    273.4    297.2    397.3 8  349.5    353.3
           13       264.0    136.1    137.6    132.3    193.8    280.0    214.5    280.0    297.1    398.6 8  352.0    359.5
           14       253.9    137.5    133.6    132.8    195.5    276.3    218.6    281.0    299.0    393.3 8  342.0    362.0
           15       253.9    137.4    130.0    136.6    200.4    277.2    221.9    282.9    300.2    390.8    348.3    362.0
           16       245.8    128.1    134.1    135.4    201.3    276.3    223.5    284.8    300.1    389.5    348.3    362.0
           17       226.9    136.4    126.3    125.6    197.1    274.3    228.7    286.7    304.2    390.8    345.8    363.3
           18       217.8    137.8    125.0    127.5    205.4    268.6    234.1    289.5    299.2    388.3    339.9    363.3
           19       211.1    145.5    122.5    123.8    205.4    267.7    238.6    293.3    299.0    390.8    342.0    358.3
           20       204.6    141.3    121.9    130.0    206.2    261.1    238.6    294.3    305.3    389.5    341.0    358.3
           21       199.6    138.6    126.3    133.3    204.6    253.0    238.6    290.5    306.3    389.5    339.9    355.8
           22       191.5    139.2    128.8    138.9    209.5    253.0    238.6    288.6    312.6    385.8    339.9    354.5
           23       187.8    136.7    126.3    139.0    215.3    250.3    235.9    286.7    314.7    382.0    339.9    354.5
           24       186.3    137.6    132.3    140.9    217.8    251.2    234.1    286.7    325.2    383.3    339.9    352.0
           25       174.3    138.1    130.9    136.9    223.5    249.4    234.1    284.8    327.3    385.8    339.9    345.8
           26       175.8    131.3    132.3    135.4    225.3    247.6    229.6    282.0    327.3    385.8    341.0    344.5
           27       164.8    130.0    130.7    144.1    229.6    244.9    226.0    284.8    331.5    384.5    342.0    348.3
           28       157.4    129.4    123.8    146.9    235.9    241.3    226.1    284.8    337.8    384.5    333.6    335.7
           29       157.4    130.6    121.3    146.9    239.5    239.5    222.7    287.6    337.8    384.5    341.0    328.3
           30       148.3             119.4    151.8    240.4    227.8    228.7    283.9    339.9    384.5    336.8    317.9
           31       150.4             123.1             243.1             235.0    285.8             378.3             309.5

MEDIA               238.2    140.1    128.9    130.3    199.3    263.1    224.9    272.9    304.7    385.0 8  350.6    348.1
MAXIMA ABSOLUTA     331.5    156.0    149.0    151.8    244.0    286.7    244.0    298.1    342.0    418.5 8  377.0    364.5
MINIMA MEDIA        148.3    128.1    119.4    110.0    153.9    227.8    196.3    240.4    281.0    343.5    333.6    309.5

** DATOS PRELIMINARES **              ***  VALORES  ANUALES  ***                                           ** ORIGENES DE DATO **

                                     MEDIA                 248.842                                         8 : EST.  OTROS METODOS
                                     MAXIMA ABSOLUTA       418.500
                                     MINIMA MEDIA          110.000

                       I D E A M  -  INSTITUTO DE HIDROLOGIA, METEOROLOGIA Y ESTUDIOS AMBIENTALES
                                                                                                              SISTEMA DE INFORMACION
                                    VALORES MEDIOS  DIARIOS DE CAUDALES (M3/Seg)                                NACIONAL AMBIENTAL

    FECHA DE PROCESO :  2019/05/21                    ANO  1993                              ESTACION : 29037450  STA HELENA 2

    LATITUD    1004 N               TIPO EST    LM                   DEPTO      BOLIVAR                 FECHA-INSTALACION   1978-JUN
    LONGITUD   7526 W               ENTIDAD     01  IDEAM            MUNICIPIO  ARJONA                  FECHA-SUSPENSION
    ELEVACION  0003 m.s.n.m         REGIONAL    02  ATLANTICO        CORRIENTE  CANAL DEL DIQUE

************************************************************************************************************************************
          DIA       ENERO *  FEBRE *  MARZO *  ABRIL *  MAYO  *  JUNIO *  JULIO *  AGOST *  SEPTI *  OCTUB *  NOVIE *  DICIE *
************************************************************************************************************************************

           01       305.2    190.9    131.9    195.5    284.8    389.5    393.3 8  365.7    323.1    393.3 8  421.2 8  446.3 8
           02       307.4    187.1    131.2    199.6    285.7    389.5    396.0 8  374.5    324.2    390.7    421.2 8  449.0 8
           03       292.4    187.0    128.1    199.6    289.5    393.3 8  392.0    370.7    325.2    392.1 8  423.8 8  449.0 8
           04       285.7    178.8    130.0    197.1    284.8    392.0    394.6 8  348.3    323.1    392.0    422.5 8  454.3 8
           05       280.0    174.2    123.7    198.8    289.5    396.0 8  396.0 8  339.0    321.0    396.0 8  423.8 8  454.3 8
           06       270.5    184.0    128.7    196.3    299.0    392.0    393.3 8  349.5    322.0    396.0 8  425.1 8  454.3 8
           07       269.6    190.0    129.4    193.1    303.2    398.6 8  394.6 8  347.0    329.4    394.6 8  425.1 8  454.3 8
           08       273.4    188.5    118.7    194.0    309.5    397.3 8  393.3 8  343.2    328.3    394.6 8  426.5 8  453.0 8
           09       269.6    187.0    120.0    202.9    315.7    396.0 8  393.3 8  336.8    328.3    394.6 8  426.5 8  453.0 8
           10       275.3    186.2    127.5    202.9    318.9    397.3 8  392.1 8  328.3    332.5    401.3 8  426.5 8  453.0 8
           11       274.3    181.0    131.9    200.4    326.3    398.6 8  389.5    318.9    330.5    405.2 8  426.5 8  453.0 8
           12       276.3    184.7    138.7    200.4    330.5    396.0 8  387.0    308.4    335.7    405.2 8  429.1 8  454.3 8
           13       275.3    179.5    150.4    212.0    330.5    398.6 8  389.5    306.3    341.1    403.9 8  429.1 8  453.0 8
           14       271.5    184.0    154.6    212.0    342.0    401.3 8  387.0    309.5    344.5    406.6 8  434.4 8  455.6 8
           15       268.6    185.5    156.7    216.1    344.5    400.0 8  387.0    317.9    348.3    407.9 8  434.4 8  456.9 8
           16       257.5    179.5    150.4    216.9    343.2    398.6 8  383.2    317.8    348.3    410.5 8  434.4 8  458.3 8
           17       247.6    165.4    149.0    220.2    344.5    400.0 8  384.5    315.7    357.0    410.5 8  431.8 8  458.3 8
           18       244.9    162.3    149.0    224.3    347.0    398.6 8  388.2    316.8    353.2    414.5 8  431.8 8  458.3 8
           19       235.0    162.4    150.4    224.3    352.0    400.0 8  388.2    320.0    360.8    413.2 8  431.8 8  459.6 8
           20       234.1    156.7    149.0    228.7    358.2    400.0 8  385.7    323.1    370.7    419.8 8  431.8 8  458.3 8
           21       235.0    154.6    142.7    232.3    358.2    400.0 8  383.2    330.5    374.5    418.5 8  431.8 8  459.6 8
           22       237.7    149.7    144.1    239.5    363.2    400.0 8  382.0    324.1    377.0    419.8 8  433.1 8  460.9 8
           23       237.7    148.3    142.0    240.4    364.5    400.0 8  383.2    323.1    378.2    417.2 8  434.4 8  459.6 8
           24       232.3    146.2    148.3    244.9    374.5    400.0 8  383.2    323.1    378.2    415.9 8  438.4 8  460.9 8
           25       226.9    142.7    145.5    255.7    373.3    400.0 8  382.0    318.9    379.5    414.5 8  439.7 8  460.9 8
           26       218.6    139.9    145.2    260.2    379.5    398.6 8  378.2    320.0    380.7    414.5 8  445.0 8  462.2 8
           27       216.9    134.7    158.8    271.5    387.0    398.6 8  378.2    315.7    378.2    414.5 8  445.0 8  459.6 8
           28       211.1    135.3    155.3    276.3    385.7    398.6 8  375.7    316.8    380.7    415.9 8  446.3 8  459.6 8
           29       204.6             153.9    276.3    388.2    398.6 8  370.7    317.8    388.2    419.8 8  445.0 8  459.6 8
           30       200.4             187.0    282.0    389.5    394.6 8  370.7    320.0    389.5    421.2 8  447.7 8  460.9 8
           31       193.8             190.1             389.5             365.7    321.0             419.8 8           460.9 8

MEDIA               252.6    169.5    143.9    223.8    340.4    397.4 8  385.8 8  328.7    351.7    407.6 8  432.1 8  456.5 8
MAXIMA ABSOLUTA     310.5    196.3    194.6    282.9    389.5    402.6 8  397.3 8  387.0    389.5    423.8 8  447.7 8  463.6 8
MINIMA MEDIA        193.8    134.7    118.7    193.1    284.8    389.5    365.7    306.3    321.0    390.7    421.2 8  446.3 8

** DATOS PRELIMINARES **              ***  VALORES  ANUALES  ***                                           ** ORIGENES DE DATO **

                                     MEDIA                 324.167                                         8 : EST.  OTROS METODOS
                                     MAXIMA ABSOLUTA       463.600
                                     MINIMA MEDIA          118.700

                       I D E A M  -  INSTITUTO DE HIDROLOGIA, METEOROLOGIA Y ESTUDIOS AMBIENTALES
                                                                                                              SISTEMA DE INFORMACION
                                    VALORES MEDIOS  DIARIOS DE CAUDALES (M3/Seg)                                NACIONAL AMBIENTAL

    FECHA DE PROCESO :  2019/05/21                    ANO  1994                              ESTACION : 29037450  STA HELENA 2

    LATITUD    1004 N               TIPO EST    LM                   DEPTO      BOLIVAR                 FECHA-INSTALACION   1978-JUN
    LONGITUD   7526 W               ENTIDAD     01  IDEAM            MUNICIPIO  ARJONA                  FECHA-SUSPENSION
    ELEVACION  0003 m.s.n.m         REGIONAL    02  ATLANTICO        CORRIENTE  CANAL DEL DIQUE

************************************************************************************************************************************
          DIA       ENERO *  FEBRE *  MARZO *  ABRIL *  MAYO  *  JUNIO *  JULIO *  AGOST *  SEPTI *  OCTUB *  NOVIE *  DICIE *
************************************************************************************************************************************

           01       489.4 8  343.2    214.5    253.0    336.3    421.5    456.1    401.9    358.0    374.8    452.8    489.4 8
           02       489.4 8  330.8    214.4    524.5 8  342.9    421.5    456.1    395.8    363.6    383.2    452.8    487.5 8
           03       489.4 8  331.9    216.9    253.0    345.4    421.5    456.1    391.6    360.8    387.4    456.1    487.5 8
           04       489.4 8  323.1    220.2    264.9    351.0    426.4    457.8    388.8    359.4    383.2    457.8    487.5 8
           05       489.4 8  313.2    224.5    271.5    352.4    431.4    456.1    383.2    360.8    383.2    462.7    487.5 8
           06       489.4 8  309.9    221.9    273.4    352.4    431.4    466.0    374.8    360.8    387.4    466.3 8  489.4 8
           07       485.5 8  308.8    228.3    275.3    356.6    433.0    468.0 8  374.8    359.4    388.8    466.0    489.4 8
           08       485.5 8  301.1    217.8    278.2    359.4    436.3    469.9 8  376.2    358.0    388.8    462.7    489.4 8
           09       481.6 8  296.2    229.8    282.9    366.4    438.0    466.0    379.0    359.4    386.0    469.9 8  487.5 8
           10       473.8 8  295.3    237.7    287.7    366.4    439.6    464.4    380.4    359.4    386.0    468.0 8  487.5 8
           11       468.0 8  294.3    236.8    288.6    369.2    442.9    462.7    384.6    352.4    391.6    468.0 8  489.4 8
           12       464.4    291.5    234.1    289.5    372.0    442.9    462.7    380.4    355.2    395.8    469.9 8  489.4 8
           13       456.1    286.7    235.0    293.3    376.2    449.5    459.4    379.0    352.4    403.3    469.9 8  487.5 8
           14       459.4    277.2    235.0    293.4    377.6    449.5    457.8    373.4    348.2    405.0    473.8 8  487.5 8
           15       457.8    271.5    233.2    296.2    380.4    449.5    459.4    374.8    344.3    405.0    475.8 8  487.5 8
           16       452.8    264.9    231.4    298.1    384.6    449.5    456.1    374.8    346.8    403.3    471.8 8  489.4 8
           17       451.1    258.4    234.1    297.3    386.0    449.5    449.5    372.0    342.9    406.6    479.7 8  489.4 8
           18       441.3    249.4    233.2    295.4    386.0    447.9    446.2    373.4    339.6    413.2    477.7 8  487.5 8
           19       439.6    239.5    233.2    299.0    387.4    452.8    442.9    373.4    338.5    424.8    477.7 8  489.4 8
           20       438.0    233.2    238.6    308.8    390.2    456.1    441.3    379.0    336.3    431.4    477.7 8  489.4 8
           21       434.6    229.7    233.2    315.4    391.6    452.8    441.3    380.4    335.2    433.0    475.8 8  489.4 8
           22       429.7    227.8    227.8    315.4    393.0    447.9    436.3    373.4    335.2    433.0    473.8 8  485.5 8
           23       419.8    221.1    227.8    315.4    397.2    451.1    433.0    374.8    334.1    433.0    477.7 8  485.5 8
           24       413.2    214.4    227.8    315.4    397.2    452.8    431.4    376.2    337.4    433.0    481.6 8  485.5 8
           25       406.6    211.1    230.5    316.5    397.2    452.8    426.4    373.4    342.9    444.5    489.4 8  485.5 8
           26       395.8    213.6    245.8    316.5    398.6    456.1    426.4    369.2    344.3    446.2    489.4 8  477.7 8
           27       391.6    212.0    245.8    322.0    401.6    457.8    426.4    370.6    345.4    446.2    491.3 8  477.7 8
           28       384.6    212.8    245.8    325.3    408.3    457.8    421.5    366.4    355.2    449.5    489.4 8  473.8 8
           29       376.2             245.8    327.5    413.2    456.1    416.5    367.8    358.0    449.5    489.4 8  471.8 8
           30       366.4             248.5    333.0    416.5    456.1    411.5    367.8    365.0    452.8    489.4 8  471.8 8
           31       351.0             252.1             416.5             408.3    362.2             452.8             468.0 8

MEDIA               443.9 8  270.1    232.3    304.2 8  379.7    444.4    446.2 8  377.2    350.3    413.0    473.5 8  485.2 8
MAXIMA ABSOLUTA     489.4 8  346.8    253.0    532.3 8  416.5    459.4    473.8 8  406.6    366.4    452.8    493.3 8  489.4 8
MINIMA MEDIA        351.0    211.1    214.4    253.0    336.3    421.5    408.3    362.2    334.1    374.8    452.8    468.0 8

** DATOS PRELIMINARES **              ***  VALORES  ANUALES  ***                                           ** ORIGENES DE DATO **

                                     MEDIA                 385.000                                         8 : EST.  OTROS METODOS
                                     MAXIMA ABSOLUTA       532.300
                                     MINIMA MEDIA          211.100

                       I D E A M  -  INSTITUTO DE HIDROLOGIA, METEOROLOGIA Y ESTUDIOS AMBIENTALES
                                                                                                              SISTEMA DE INFORMACION
                                    VALORES MEDIOS  DIARIOS DE CAUDALES (M3/Seg)                                NACIONAL AMBIENTAL

    FECHA DE PROCESO :  2019/05/21                    ANO  1995                              ESTACION : 29037450  STA HELENA 2

    LATITUD    1004 N               TIPO EST    LM                   DEPTO      BOLIVAR                 FECHA-INSTALACION   1978-JUN
    LONGITUD   7526 W               ENTIDAD     01  IDEAM            MUNICIPIO  ARJONA                  FECHA-SUSPENSION
    ELEVACION  0003 m.s.n.m         REGIONAL    02  ATLANTICO        CORRIENTE  CANAL DEL DIQUE

************************************************************************************************************************************
          DIA       ENERO *  FEBRE *  MARZO *  ABRIL *  MAYO  *  JUNIO *  JULIO *  AGOST *  SEPTI *  OCTUB *  NOVIE *  DICIE *
************************************************************************************************************************************

           01       503.6    192.3    125.6    158.1    247.6    321.9    408.7    523.5    593.5    583.0    562.0    576.0
           02       496.6    192.3    125.6    164.6    252.1    323.0    410.4    501.3    593.5    579.5    562.0    576.0
           03       487.2    185.5    126.9    169.0    255.7    327.6    405.4    501.3    593.5    576.0    562.0    576.0
           04       484.9    181.0    122.5    169.0    261.1    331.0    412.7    494.3    579.5    576.0    562.0    576.0
           05       480.1    181.8    121.9    178.0    271.5    334.5    416.7    494.3    576.0    572.5    562.0    576.0
           06       468.4    179.5    133.5    174.3    272.5    336.8    430.8    487.2    576.0    569.0    562.0    569.0
           07       456.6    172.0    130.9    175.8    272.5    340.3    428.5    489.5    572.5    569.0    562.0    569.0
           08       444.9    170.5    119.5    171.3    274.3    339.1    430.8    484.9    569.0    562.0    569.0    569.0
           09       430.8    161.6    121.9    165.3    277.2    346.5    426.1    480.1    576.0    562.0    569.0    569.0
           10       411.0    151.1    139.9    169.8    275.3    351.0    428.5    482.5    576.0    562.0    576.0    569.0
           11       398.8    149.0    131.9    163.1    279.1    352.6    421.4    484.9    572.5    558.5    576.0    569.0
           12       385.6    149.7    130.0    160.2    282.0    357.5    423.8    489.5    576.0    562.0    576.0    569.0
           13       365.8    140.0    124.4    159.5    281.0    355.9    419.0    494.3    576.0    562.0    576.0    569.0
           14       349.8    135.4    131.3    160.2    284.8    359.2    416.7    513.0    579.5    555.0    576.0    562.0
           15       331.0    142.7    131.3    165.3    289.5    372.4    421.4    513.0    576.0    555.0    576.0    562.0
           16       318.4    145.5    136.6    164.6    293.3    375.7    419.0    530.5    579.5    555.0    569.0    558.5
           17       308.0    137.1    134.8    162.3    294.3    382.3    426.1    530.5    576.0    551.5    569.0    551.5
           18       292.4    127.5    130.0    164.6    294.3    384.0    433.1    534.0    576.0    565.5    569.0    544.5
           19       282.0    125.6    144.8    171.3    298.1    387.3    430.8    548.0    576.0    562.0    569.0    541.0
           20       275.3    126.3    157.4    187.0    300.2    393.9    430.8    541.0    565.5    569.0    569.0    534.0
           21       273.4    121.9    155.3    190.8    305.8    397.1    433.1    558.5    576.0    569.0    576.0    520.0
           22       271.5    126.9    151.8    202.9    308.0    400.5    435.5    548.0    572.5    569.0    569.0    520.0
           23       267.7    131.9    145.5    197.9    312.6    402.1    433.1    562.0    576.0    569.0    576.0    516.5
           24       263.0    130.0    147.7    206.2    304.6    402.1    437.9    558.5    576.0    562.0    576.0    513.0
           25       258.4    127.5    136.6    208.7    316.1    407.0    442.5    565.5    579.5    562.0    572.5    506.0
           26       254.8    125.0    143.6    215.3    311.5    405.4    447.3    565.5    576.0    562.0    576.0    506.0
           27       248.5    126.9    137.5    217.8    312.7    407.0    480.1    572.5    576.0    562.0    583.0    503.6
           28       241.3    123.8    126.3    221.9    312.6    405.4    513.0    579.5    583.0    562.0    583.0    501.3
           29       221.9             141.7    226.1    316.1    407.0    527.0    583.0    583.0    565.5    583.0    501.3
           30       210.3             138.7    230.5    311.5    405.4    530.5    590.0    576.0    569.0    576.0    496.6
           31       202.9             144.3             318.4             516.5    593.5             562.0             491.9

MEDIA               344.7    148.6    135.2    182.4    289.9    370.4    439.9    528.8    577.8    565.2    571.5    543.9
MAXIMA ABSOLUTA     506.0    194.6    161.6    231.4    318.4    408.7    534.0    597.0    597.0    590.0    583.0    576.0
MINIMA MEDIA        202.9    121.9    119.5    158.1    247.6    321.9    405.4    480.1    565.5    551.5    562.0    491.9

** DATOS PRELIMINARES **              ***  VALORES  ANUALES  ***

                                     MEDIA                 391.525
                                     MAXIMA ABSOLUTA       597.000
                                     MINIMA MEDIA          119.500

                       I D E A M  -  INSTITUTO DE HIDROLOGIA, METEOROLOGIA Y ESTUDIOS AMBIENTALES
                                                                                                              SISTEMA DE INFORMACION
                                    VALORES MEDIOS  DIARIOS DE CAUDALES (M3/Seg)                                NACIONAL AMBIENTAL

    FECHA DE PROCESO :  2019/05/21                    ANO  1996                              ESTACION : 29037450  STA HELENA 2

    LATITUD    1004 N               TIPO EST    LM                   DEPTO      BOLIVAR                 FECHA-INSTALACION   1978-JUN
    LONGITUD   7526 W               ENTIDAD     01  IDEAM            MUNICIPIO  ARJONA                  FECHA-SUSPENSION
    ELEVACION  0003 m.s.n.m         REGIONAL    02  ATLANTICO        CORRIENTE  CANAL DEL DIQUE

************************************************************************************************************************************
          DIA       ENERO *  FEBRE *  MARZO *  ABRIL *  MAYO  *  JUNIO *  JULIO *  AGOST *  SEPTI *  OCTUB *  NOVIE *  DICIE *
************************************************************************************************************************************

           01       426.0    321.6    273.9    344.6    337.1    397.2    455.3    479.0    463.2    454.0    454.0    457.9
           02       423.6    299.5    274.8    355.4    339.2    402.0    455.3    477.7    463.2    450.0    456.6    457.9
           03       423.6    322.6    270.4    351.1    340.3    406.8    455.3    479.0    465.8    445.2    455.3    457.9
           04       421.2    311.0    273.0    347.9    341.4    412.8    455.3    487.0    465.8    448.8    460.6    463.2
           05       418.8    300.5    277.4    350.0    349.0    410.4    456.6    484.3    469.8    451.3    455.3    460.6
           06       415.2    294.7    278.3    351.1    345.7    412.8    457.9    487.0    471.1    448.8    455.3    459.2
           07       410.4    290.9    281.8    354.4    350.0    418.8    457.9    487.0    465.8    448.8    452.6    456.6
           08       404.4    291.8    283.6    353.3    355.4    421.2    455.3    484.3    463.2    450.0    452.6    454.0
           09       399.6    297.6    289.0    355.4    355.4    421.2    451.4    483.0    465.8    451.3    452.6    452.6
           10       396.0    299.5    292.8    355.4    357.6    421.2    451.3    483.0    467.2    448.8    452.6    450.0
           11       394.8    302.4    295.7    356.5    360.8    420.0    456.6    484.3    461.9    446.4    452.6    447.6
           12       392.4    307.2    301.4    352.2    361.9    421.2    459.2    484.3    463.2    464.5    452.6    445.2
           13       387.8    305.3    307.2    351.1    364.1    421.2    460.6    483.0    463.2    463.2    452.6    445.2
           14       386.8    302.4    310.1    352.2    361.9    423.6    460.6    484.3    463.2    460.6    452.6    444.0
           15       385.7    298.6    313.0    352.2    363.0    424.8    463.2    483.0    461.9    460.6    455.3    442.8
           16       383.5    297.6    315.8    353.3    367.3    426.0    464.5    479.0    461.9    460.6    457.9    442.8
           17       381.4    298.6    321.6    353.3    368.4    426.0    463.2    479.0    459.2    461.9    461.9    442.8
           18       371.6    297.6    321.6    353.3    369.5    428.4    463.2    480.4    456.6    455.3    464.5    441.6
           19       367.3    301.4    325.4    352.2    370.6    430.8    463.2    479.0    460.6    454.0    461.9    440.4
           20       366.2    296.6    331.2    352.2    379.2    434.4    463.2    479.0    457.9    451.3    461.9    436.8
           21       364.1    298.6    337.1    354.4    379.2    435.6    463.2    476.4    455.3    451.3    460.6    432.0
           22       360.8    295.7    337.1    353.3    381.4    440.4    465.8    476.4    454.0    454.0    460.6    430.8
           23       360.8    298.6    337.1    351.1    384.6    440.4    465.8    477.7    454.0    451.3    457.9    429.6
           24       356.5    295.7    342.5    344.8    385.7    440.4    465.8    476.4    452.6    448.8    457.9    426.0
           25       355.4    291.8    344.6    335.0    386.8    445.2    467.2    471.1    452.6    454.0    456.6    421.2
           26       351.1    289.9    344.6    334.1    391.2    446.4    471.1    469.8    452.6    451.3    455.3    417.6
           27       347.9    286.2    346.8    336.0    392.4    452.6    485.6    471.1    456.6    451.3    456.6    416.4
           28       341.4    279.2    346.8    340.3    392.4    455.3    485.6    469.8    455.3    450.0    454.0    411.6
           29       340.3    275.7    345.7    340.3    396.0    455.3    483.0    465.8    451.3    448.8    454.0    410.4
           30       337.1             346.8    339.2    398.4    455.3    481.7    465.8    454.0    451.3    457.9    405.6
           31       328.3             346.8             399.6             481.7    465.8             452.6             397.2

MEDIA               380.6    298.2    313.4    349.2    368.6    428.3    464.1    478.5    460.3    452.9    456.4    438.6
MAXIMA ABSOLUTA     426.0    322.6    349.0    359.8    399.6    455.3    487.0    489.6    473.8    465.8    465.8    463.2
MINIMA MEDIA        328.3    275.7    270.4    334.1    337.1    397.2    451.3    465.8    451.3    445.2    452.6    397.2

** DATOS PRELIMINARES **              ***  VALORES  ANUALES  ***

                                     MEDIA                 407.425
                                     MAXIMA ABSOLUTA       489.600
                                     MINIMA MEDIA          270.400

                       I D E A M  -  INSTITUTO DE HIDROLOGIA, METEOROLOGIA Y ESTUDIOS AMBIENTALES
                                                                                                              SISTEMA DE INFORMACION
                                    VALORES MEDIOS  DIARIOS DE CAUDALES (M3/Seg)                                NACIONAL AMBIENTAL

    FECHA DE PROCESO :  2019/05/21                    ANO  1997                              ESTACION : 29037450  STA HELENA 2

    LATITUD    1004 N               TIPO EST    LM                   DEPTO      BOLIVAR                 FECHA-INSTALACION   1978-JUN
    LONGITUD   7526 W               ENTIDAD     01  IDEAM            MUNICIPIO  ARJONA                  FECHA-SUSPENSION
    ELEVACION  0003 m.s.n.m         REGIONAL    02  ATLANTICO        CORRIENTE  CANAL DEL DIQUE

************************************************************************************************************************************
          DIA       ENERO *  FEBRE *  MARZO *  ABRIL *  MAYO  *  JUNIO *  JULIO *  AGOST *  SEPTI *  OCTUB *  NOVIE *  DICIE *
************************************************************************************************************************************

           01       392.4    239.4    189.7 8  117.0 8  181.5 8  170.8 8  265.1    197.2 8  182.2 8  240.2    257.2    310.1
           02       383.5    236.4    184.2 8  127.0 8  188.3 8  172.0 8  265.1    200.6 8  178.1 8  245.8    256.3    314.9
           03       377.0    234.9    174.7 8  115.2 8  181.5 8  176.1 8  263.4    199.9 8  169.0 8  247.5    254.6    309.1
           04       364.1    231.8    164.8 8  113.3 8  178.8 8  180.2 8  263.4    200.6 8  170.2 8  245.9    249.8    308.2
           05       351.1    227.3    157.6 8  112.4 8  178.8 8  182.9 8  270.4    199.2 8  166.0 8  240.2    242.7    308.2
           06       342.5    224.2    148.0 8  107.8 8  173.4 8  187.0 8  277.4    200.6 8  170.8 8  241.1    241.2    311.0
           07       336.0    221.2    142.0 8  109.6 8  174.7 8  188.3 8  273.9    199.9 8  170.8 8  243.8    241.0    310.1
           08       332.2    218.2    135.0 8  111.5 8  176.1 8  189.7 8  271.3    201.9 8  178.8 8  244.4    242.7    305.3
           09       326.4    213.6    127.0 8  115.2 8  174.7 8  191.0 8  263.4    201.9 8  180.2 8  245.9    243.2    302.4
           10       322.6    212.1    124.0 8  121.0 8  174.7 8  192.4 8  258.1    197.2 8  180.2 8  244.5    248.4    299.5
           11       314.9    213.6    117.0 8  121.0 8  170.8 8  195.1 8  258.1    191.0 8  173.4 8  248.4    252.8    294.7
           12       309.1    212.1    114.2 8  126.0 8  170.8 8  199.2 8  258.1    188.3 8  182.2 8  245.8    259.0    287.1
           13       301.4    210.6    110.6 8  126.0 8  169.6 8  206.0    258.1    184.2 8  193.1 8  239.4    265.1    278.3
           14       289.9    216.6    108.7 8  125.0 8  170.8 8  216.6    259.8    182.2 8  193.1 8  234.9    273.9    272.2
           15       284.5    219.7    107.8 8  127.0 8  170.8 8  222.7    266.9    178.1 8  199.2 8  236.4    282.7    265.1
           16       273.9    222.7    109.6 8  127.0 8  172.0 8  231.8    262.5    174.7 8  198.5 8  242.5    288.4    256.3
           17       270.4    225.8    110.6 8  130.0 8  174.7 8  236.4    264.2    168.4 8  197.2 8  248.4    292.8    246.8
           18       266.9    224.2    117.0 8  128.0 8  172.0 8  237.9    260.7    174.7 8  203.4 8  249.3    298.6    237.9
           19       259.8    219.7    116.1 8  128.0 8  172.0 8  241.0    254.6    182.2 8  199.2 8  251.9    306.2    234.9
           20       254.6    218.2    118.0 8  127.0 8  174.7 8  242.5    252.8    189.7 8  192.4 8  250.2    311.0    224.2
           21       245.8    215.1    120.0 8  127.0 8  174.7 8  244.0    252.8    188.3 8  193.8 8  253.7    307.2    218.2
           22       244.0    213.6    117.0 8  130.0 8  176.1 8  247.5    251.0    189.0 8  189.0 8  256.3    307.2    215.1
           23       237.9    212.1    120.0 8  138.0 8  174.7 8  249.3    250.2    187.6 8  183.6 8  258.1    308.2    203.3 8
           24       237.9    212.1    125.0 8  137.0 8  173.4 8  251.0    245.9    187.6 8  181.5 8  260.7    309.1    201.2 8
           25       236.4    207.5    137.0 8  146.8 8  169.6 8  252.8    247.6    187.0 8  176.8 8  267.8    309.1    202.6 8
           26       233.4    206.0    137.0 8  160.0 8  162.4 8  254.6    244.2    187.6 8  182.2 8  266.0    315.8    195.1 8
           27       228.8    201.9 8  139.0 8  170.8 8  167.2 8  256.3    228.0    184.9 8  197.8 8  267.8    312.0    191.0 8
           28       224.2    196.5 8  138.0 8  177.4 8  167.2 8  256.3    204.6 8  184.9 8  216.6    269.5    313.0    172.0 8
           29       230.3             138.0 8  176.1 8  169.6 8  258.1    197.8 8  178.8 8  228.0    268.6    312.0    172.7 8
           30       234.9             139.0 8  176.1 8  170.8 8  258.1    199.9 8  180.2 8  235.6    263.4    308.2    169.6 8
           31       239.4             128.0 8           170.8 8           199.2 8  184.2 8           261.6             164.2 8

MEDIA               288.6    218.1 8  132.7 8  131.8 8  173.5 8  219.6 8  251.2 8  188.8 8  188.8 8  251.0    280.3    251.0 8
MAXIMA ABSOLUTA     392.4    239.4    189.7 8  177.4 8  188.3 8  258.1    277.4    203.3 8  236.4    270.4    316.8    320.6
MINIMA MEDIA        224.2    196.5 8  107.8 8  107.8 8  162.4 8  170.8 8  197.8 8  168.4 8  166.0 8  234.9    241.0    164.2 8

** DATOS PRELIMINARES **              ***  VALORES  ANUALES  ***                                           ** ORIGENES DE DATO **

                                     MEDIA                 214.617                                         8 : EST.  OTROS METODOS
                                     MAXIMA ABSOLUTA       392.400
                                     MINIMA MEDIA          107.800

                       I D E A M  -  INSTITUTO DE HIDROLOGIA, METEOROLOGIA Y ESTUDIOS AMBIENTALES
                                                                                                              SISTEMA DE INFORMACION
                                    VALORES MEDIOS  DIARIOS DE CAUDALES (M3/Seg)                                NACIONAL AMBIENTAL

    FECHA DE PROCESO :  2019/05/21                    ANO  1998                              ESTACION : 29037450  STA HELENA 2

    LATITUD    1004 N               TIPO EST    LM                   DEPTO      BOLIVAR                 FECHA-INSTALACION   1978-JUN
    LONGITUD   7526 W               ENTIDAD     01  IDEAM            MUNICIPIO  ARJONA                  FECHA-SUSPENSION
    ELEVACION  0003 m.s.n.m         REGIONAL    02  ATLANTICO        CORRIENTE  CANAL DEL DIQUE

************************************************************************************************************************************
          DIA       ENERO *  FEBRE *  MARZO *  ABRIL *  MAYO  *  JUNIO *  JULIO *  AGOST *  SEPTI *  OCTUB *  NOVIE *  DICIE *
************************************************************************************************************************************

           01       158.8 8  147.1 8  129.5 8  158.8 8  266.0    368.4    430.8    471.1    468.5    493.6             526.2
           02       156.4 8  152.8 8  134.5 8  164.8 8  266.0    374.9    429.6    475.1    469.8    492.2             527.7
           03       160.0 8  151.6 8  134.5 8  161.2 8  269.5    378.1    428.4    472.4    471.1    494.9             529.1
           04       163.6 8  146.8 8  132.0 8  166.0 8  270.4    378.1    428.4    471.1    469.8    494.9             526.2
           05       167.8 8  139.3 8  130.5 8  169.0 8  272.2    379.2    426.0    471.1    471.1    498.8             530.6
           06       170.4 8  132.0 8  128.5 8  173.1 8  271.3    384.6    432.0    471.1    471.1    502.8             530.6
           07       161.2 8  139.3 8  139.2 8  176.8 8  279.2    387.8    433.2    471.1    472.4    498.8             536.4
           08       159.4 8  131.0 8  137.2 8  173.4 8  287.2    388.9    433.2    471.1    475.1    496.2             536.4
           09       142.6 8  133.0 8  130.5 8  175.4 8  291.8    388.9    434.4    471.1    475.1    497.5             536.4
           10       142.0 8  124.5 8  141.0 8  178.8 8  297.6    392.4    436.8    475.1    476.4    497.5    521.8    537.9
           11       142.0 8  127.0 8  141.5 8  178.8 8  301.4    392.4    439.2    467.2    475.1    497.5    521.8    539.4
           12       137.5 8  127.0 8  142.6 8  185.6 8  307.2    393.6    442.8    469.8    473.8    497.5    516.0    539.4
           13       133.0 8  128.0 8  143.2 8  189.0 8  308.2    396.0    446.4    468.5    473.8    497.5    517.5    539.4
           14       136.0 8  124.5 8  142.0 8  193.8 8  312.0    399.6    448.8    465.8    475.1    498.8    518.9    539.4
           15       130.5 8  121.5 8  142.0 8  195.8 8  316.8    404.4    451.3    461.9    475.1    500.2    518.9    539.4
           16       134.5 8  125.0 8  142.0 8  199.2 8  314.9    409.2    448.8    457.9    472.4    498.8    518.9    539.4
           17       134.5 8  122.5 8  148.0 8  214.4    315.8    414.0    452.6    457.9    475.1    501.5    518.9    542.3
           18       142.0 8  122.5 8  142.0 8  217.4    333.1    412.8    451.3    457.9    475.1    502.8    520.4    542.3
           19       142.0 8  128.5 8  134.5 8  220.4    341.4    414.0    456.6    457.9    476.4    506.8    520.4    542.3
           20       140.0 8  130.5 8  154.0 8  223.5    345.7    414.0    454.0    457.9    477.7    510.7    520.4    542.3
           21       141.0 8  134.0 8  152.2 8  226.5    351.1    415.2    457.9    457.9    479.0    509.4    520.4    542.3
           22       147.4 8  141.5 8  152.2 8  227.3    355.4    418.8    456.6    456.6    481.7             521.8    542.3
           23       140.5 8  142.0 8  152.2 8  229.6    356.5    416.4    457.9    457.9    483.0             523.3    543.7
           24       135.5 8  142.6 8  154.0 8  234.1    356.5    416.4    464.5    457.9    484.3             524.8    545.2
           25       142.0 8  143.8 8  141.0 8  236.4    354.4    418.8    465.8    459.2    485.6             523.3    546.7
           26       132.0 8  149.2 8  149.2 8  241.0    358.7    422.4    465.8    461.9    485.6             524.8    545.2
           27       137.0 8  151.0 8  133.5 8  247.5    355.4    423.6    467.2    463.2    488.3             524.8    549.6
           28       139.5 8  142.5 8  141.0 8  252.8    354.4    424.8    469.8    464.5    489.6             523.3    549.6
           29       124.5 8           152.2 8  259.8    355.4    427.2    471.1    461.9    492.2             523.3    546.7
           30       127.0 8           150.4 8  265.1    360.8    428.4    471.1    464.5    492.2             523.3    549.6
           31       124.5 8           157.6 8           363.0             473.8    467.2                               549.6

MEDIA               143.4 8  135.8 8  142.1 8  204.5 8  319.0    402.8    449.2    465.0    477.7    499.5 3  521.3 3  539.8
MAXIMA ABSOLUTA     174.7 8  155.2 8  164.8 8  266.9    366.2    430.8    476.4    476.4    494.9    510.7 3  524.8 3  551.0
MINIMA MEDIA        124.5 8  121.5 8  128.5 8  158.8 8  266.0    368.4    426.0    456.6    468.5    492.2 3  516.0 3  526.2

** DATOS PRELIMINARES **              ***  VALORES  ANUALES  ***                                           ** ORIGENES DE DATO **

                                     MEDIA                 358.342                                         3 : INCOMPLETOS
                                     MAXIMA ABSOLUTA       551.000                                         8 : EST.  OTROS METODOS
                                     MINIMA MEDIA          121.500

                       I D E A M  -  INSTITUTO DE HIDROLOGIA, METEOROLOGIA Y ESTUDIOS AMBIENTALES
                                                                                                              SISTEMA DE INFORMACION
                                    VALORES MEDIOS  DIARIOS DE CAUDALES (M3/Seg)                                NACIONAL AMBIENTAL

    FECHA DE PROCESO :  2019/05/21                    ANO  1999                              ESTACION : 29037450  STA HELENA 2

    LATITUD    1004 N               TIPO EST    LM                   DEPTO      BOLIVAR                 FECHA-INSTALACION   1978-JUN
    LONGITUD   7526 W               ENTIDAD     01  IDEAM            MUNICIPIO  ARJONA                  FECHA-SUSPENSION
    ELEVACION  0003 m.s.n.m         REGIONAL    02  ATLANTICO        CORRIENTE  CANAL DEL DIQUE

************************************************************************************************************************************
          DIA       ENERO *  FEBRE *  MARZO *  ABRIL *  MAYO  *  JUNIO *  JULIO *  AGOST *  SEPTI *  OCTUB *  NOVIE *  DICIE *
************************************************************************************************************************************

           01       549.6    497.5    459.2    461.9    489.6    523.3    537.9    551.0    554.0    551.0    605.2 8  627.9 8
           02       549.6    497.5    460.6    460.6    490.9    523.3    542.3    551.0    551.0    551.0    608.4 8  627.9 8
           03       549.6    493.6    456.6    460.6    492.2    523.3    542.3    551.0    548.1    548.1    606.8 8  627.9 8
           04       546.7    488.3    460.6    460.6    490.9    521.8    546.7    551.0    548.1    548.1    608.4 8  627.9 8
           05       545.2    485.6    460.6    459.2    496.2    533.5    546.7    551.0    548.1    554.0    598.7 8  627.9 8
           06       545.2    480.4    459.2    459.2    500.2    530.6    548.1    551.0    548.1    554.0    598.7 8  631.1 8
           07       545.2    473.8    461.9    459.2    494.9    532.1    549.6    551.0    548.1    554.0    598.7 8  629.5 8
           08       545.2    475.1    465.8    460.6    496.2    532.1    546.7    551.0    548.1    554.0    598.7 8  627.9 8
           09       545.2    469.8    465.8    464.5    496.2    530.6    546.7    551.0    548.1    554.0    598.7 8  627.9 8
           10       545.2    460.6    464.5    463.2    527.7    535.0    546.7    551.0    545.2    554.0    598.7 8  627.9 8
           11       545.2    459.2    463.2    461.9    527.7    530.6    548.1    551.0    545.2    559.8    598.7 8  627.9 8
           12       545.2    460.6    464.5    465.8    526.2    530.6    549.6    551.0    545.2    568.6    598.7 8  627.9 8
           13       545.2    456.6    461.9    469.8    524.8    530.6    549.6    551.0    545.2    568.6    605.2 8  629.5 8
           14       542.3    454.0    457.9    473.8    521.8    530.6    548.1    551.0    548.1    574.4    608.4 8  634.4 8
           15       542.3    454.0    460.6    473.8    517.5    535.0    548.1    546.7    551.0    574.4    611.7 8  637.6 8
           16       542.3    451.3    463.2    476.4    517.5    532.1    548.1    545.2    551.0    574.4    618.2 8  637.6 8
           17       540.8    455.3    461.9    475.1    518.9    536.4    548.1    546.7    551.0    574.4    650.6 8  637.6 8
           18       539.4    447.6    464.5    476.4    518.9    536.4    549.6    546.7    551.0    574.4    660.3 8  637.6 8
           19       535.0    452.6    465.8    479.0    517.5    536.4    551.0    548.1    551.0    580.2    658.7 8  637.6 8
           20       532.1    450.1    465.8    479.0    518.9    536.4    551.0    548.1    551.0    581.7    653.8 8  631.1 8
           21       530.6    450.1    467.2    477.7    521.8    536.4    551.0    548.1    551.0    583.2    647.3 8  631.1 8
           22       529.1    456.6    469.8    479.0    521.8    537.9    551.0    551.0    554.0    586.1    644.1 8  631.1 8
           23       526.2    456.6    469.8    479.0    523.3    536.4    551.0    549.6    568.6    586.1    637.6 8  627.9 8
           24       524.8    460.6    471.1    480.4    520.4    536.4    551.0    545.2    568.6    589.0    631.1 8  627.9 8
           25       518.9    461.9    468.5    479.0    520.4    536.4    551.0    545.2    568.6    589.0    631.1 8  627.9 8
           26       517.5    463.2    468.5    481.7    517.5    536.4    551.0    545.2    568.6    589.0    631.1 8  627.9 8
           27       512.0    457.9    465.8    484.3    516.0    536.4    551.0    545.2    568.6    589.0    631.1 8  624.6 8
           28       509.4    459.2    460.6    483.0    517.5    539.4    555.4    551.0    554.0    589.0    631.1 8  618.2 8
           29       508.1             460.6    484.3    517.5    539.4    551.0    548.1    554.0    600.3 8  627.9 8  618.2 8
           30       502.8             461.9    484.3    520.4    542.3    549.6    545.2    554.0    602.0 8  627.9 8  618.2 8
           31       502.8             460.6             523.3             548.1    545.2             602.0 8           614.9 8

MEDIA               534.2    465.3    463.5    471.8    513.1    533.3    548.6    548.9    552.9    572.8 8  620.9 8  628.7 8
MAXIMA ABSOLUTA     551.0    500.2    471.1    484.3    527.7    542.3    556.9    551.0    568.6    602.0 8  660.3 8  637.6 8
MINIMA MEDIA        502.8    447.6    456.6    459.2    489.6    521.8    537.9    545.2    545.2    548.1    598.7 8  614.9 8

** DATOS PRELIMINARES **              ***  VALORES  ANUALES  ***                                           ** ORIGENES DE DATO **

                                     MEDIA                 537.833                                         8 : EST.  OTROS METODOS
                                     MAXIMA ABSOLUTA       660.300
                                     MINIMA MEDIA          447.600

                       I D E A M  -  INSTITUTO DE HIDROLOGIA, METEOROLOGIA Y ESTUDIOS AMBIENTALES
                                                                                                              SISTEMA DE INFORMACION
                                    VALORES MEDIOS  DIARIOS DE CAUDALES (M3/Seg)                                NACIONAL AMBIENTAL

    FECHA DE PROCESO :  2019/05/21                    ANO  2000                              ESTACION : 29037450  STA HELENA 2

    LATITUD    1004 N               TIPO EST    LM                   DEPTO      BOLIVAR                 FECHA-INSTALACION   1978-JUN
    LONGITUD   7526 W               ENTIDAD     01  IDEAM            MUNICIPIO  ARJONA                  FECHA-SUSPENSION
    ELEVACION  0003 m.s.n.m         REGIONAL    02  ATLANTICO        CORRIENTE  CANAL DEL DIQUE

************************************************************************************************************************************
          DIA       ENERO *  FEBRE *  MARZO *  ABRIL *  MAYO  *  JUNIO *  JULIO *  AGOST *  SEPTI *  OCTUB *  NOVIE *  DICIE *
************************************************************************************************************************************

           01       609.9 8  548.6    402.6    365.7    379.4    469.8    561.3    565.5    517.6    537.3    591.4 8  585.2
           02       609.9 8  544.4    409.6    365.7    379.4    471.0    561.3    565.5    517.6    537.3    592.9 8  585.2
           03       606.8 8  540.1    410.8    361.4    381.5    471.0    564.1    565.5    517.6    540.1    592.9 8  585.2
           04       603.7 8  531.7    409.6    357.2    383.6    478.8    566.9    564.1    517.6    540.1    592.9 8  594.5 8
           05       609.9 8  526.0    410.8    356.2    383.6    481.3    572.6    565.5    517.6    545.8    592.9 8  594.5 8
           06       609.9 8  521.8    410.8    353.0    383.6    483.9    575.4    565.5    517.6    554.2    594.5 8  591.4 8
           07       609.9 8  516.2    413.1    355.1    387.9    489.0    582.4    565.5    517.6    557.0    594.5 8  591.4 8
           08       606.8 8  510.9    415.4    356.2    390.0    492.9    582.4    562.7    520.4    562.7    591.4 8  591.4 8
           09       606.8 8  507.0    416.6    357.2    395.6    496.8    582.4    562.7    520.4    569.7    591.4 8  591.4 8
           10       606.8 8  501.9    418.9    355.1    406.1    496.8    579.6    562.7    520.4    571.1    591.4 8  588.3 8
           11       600.6 8  498.0    418.9    350.9    411.9    498.0    578.2    562.7    520.4    574.0    592.9 8  585.2
           12       600.6 8  492.9    418.9    360.4    414.3    499.3    576.8    562.7    520.4    576.8    594.5 8  585.2
           13       600.6 8  487.8    420.1    358.3    410.8    504.5    576.8    562.7    520.4    579.6    594.5 8  582.4
           14       600.6 8  482.6    414.3    355.1    413.1    507.0    576.8    562.7    520.4    582.4    594.5 8  576.8
           15       600.6 8  477.5    409.6    355.1    414.3    507.0    575.4    559.9    523.2    582.4    592.9 8  574.0
           16       597.6 8  472.3    403.8    355.1    416.6    509.6    575.4    559.9    523.2    586.8 8  591.4 8  569.7
           17       597.6 8  467.2    396.8    355.1    417.8    513.5    575.4    559.9    528.8    588.3 8  591.4 8  565.5
           18       591.4 8  462.0    394.4    358.3    424.8    517.6    576.8    559.9    528.8    591.4 8  591.4 8  564.1
           19       591.4 8  456.9    386.8    358.3    429.5    520.4    575.4    559.9    528.8    591.4 8  591.4 8  561.3
           20       588.3 8  451.8    383.6    360.4    430.6    523.2    575.4    554.2    531.7    591.4 8  591.4 8  555.6
           21       585.2    447.0    384.7    362.5    433.0    526.0    575.4    554.2    534.5    562.7    591.4 8  550.0
           22       582.4    442.3    381.5    360.4    436.5    528.8    575.4    554.2    534.5    562.7    591.4 8  544.4
           23       582.4    437.6    380.5    364.6    441.1    534.5    574.0    551.4    534.5    562.7    591.4 8  538.7
           24       579.6    433.0    376.2    366.7    450.7    537.3    574.0    551.4    534.5    562.7    591.4 8  533.1
           25       579.6    428.3    374.1    367.8    456.9    547.2    574.0    551.4    534.5    562.7    591.4 8  527.4
           26       576.8    422.5    369.9    374.1    462.0    559.9    571.1    551.4    534.5    591.4 8  588.3 8  520.4
           27       574.0    413.1    366.7    376.2    462.0    557.0    568.3    548.6    534.5    591.4 8  588.3 8  513.5
           28       569.7    407.3    365.7    375.2    463.3    554.2    568.3    548.6    534.5    591.4 8  588.3 8  505.8
           29       562.7    403.8    367.8    375.2    463.3    558.5    565.5    548.6    534.5    592.9 8  585.2    504.5
           30       557.0             365.7    379.4    463.3    562.7    565.5    548.6    534.5    594.5 8  585.2    503.2
           31       551.4             365.7             463.3             565.5    548.6             594.5 8           498.0

MEDIA               592.0 8  477.0    395.6    361.7    421.0    513.3    573.2    558.3    525.9    571.9 8  591.5 8  559.9 8
MAXIMA ABSOLUTA     609.9 8  548.6    422.5    379.4    463.3    562.7    582.4    565.5    534.5    594.5 8  594.5 8  594.5 8
MINIMA MEDIA        551.4    403.8    365.7    350.9    379.4    469.8    561.3    548.6    517.6    537.3    585.2    498.0

** DATOS PRELIMINARES **              ***  VALORES  ANUALES  ***                                           ** ORIGENES DE DATO **

                                     MEDIA                 511.775                                         8 : EST.  OTROS METODOS
                                     MAXIMA ABSOLUTA       609.900
                                     MINIMA MEDIA          350.900

                       I D E A M  -  INSTITUTO DE HIDROLOGIA, METEOROLOGIA Y ESTUDIOS AMBIENTALES
                                                                                                              SISTEMA DE INFORMACION
                                    VALORES MEDIOS  DIARIOS DE CAUDALES (M3/Seg)                                NACIONAL AMBIENTAL

    FECHA DE PROCESO :  2019/05/21                    ANO  2001                              ESTACION : 29037450  STA HELENA 2

    LATITUD    1004 N               TIPO EST    LM                   DEPTO      BOLIVAR                 FECHA-INSTALACION   1978-JUN
    LONGITUD   7526 W               ENTIDAD     01  IDEAM            MUNICIPIO  ARJONA                  FECHA-SUSPENSION
    ELEVACION  0003 m.s.n.m         REGIONAL    02  ATLANTICO        CORRIENTE  CANAL DEL DIQUE

************************************************************************************************************************************
          DIA       ENERO *  FEBRE *  MARZO *  ABRIL *  MAYO  *  JUNIO *  JULIO *  AGOST *  SEPTI *  OCTUB *  NOVIE *  DICIE *
************************************************************************************************************************************

           01       483.0    250.2    167.2 8  203.3 8  180.2 8  282.7    300.5    292.8    200.6 8  290.9    377.0    414.0
           02       473.8    247.5    162.4 8  201.9 8  176.8 8  282.7    298.6    294.7    200.6 8  294.7    379.2    410.4
           03       464.5    242.5    164.8 8  203.3 8  176.8 8  289.9    295.7    292.8    208.3    292.8    382.4    414.0
           04       456.6    234.1    171.7 8  197.8 8  175.4 8  297.6    295.7    298.6    218.9    294.7    381.4    414.0
           05       446.4    223.5    169.1 8  197.8 8  178.1 8  303.4    294.7    298.6    244.1    291.8    381.4    418.8
           06       442.8    211.3    167.8 8  191.7 8  176.8 8  305.3    290.9    301.4    253.7    300.5    380.3    420.0
           07       435.6    201.9 8  161.2 8  201.9 8  176.8 8  301.4    287.1    304.3    258.1    302.4    379.2    423.6
           08       432.0    195.1 8  159.4 8  178.1 8  181.5 8  307.2    282.7    305.3    263.4    302.4    372.7    423.6
           09       410.4    190.4 8  159.4 8  170.8 8  181.5 8  309.1    284.5    306.2    263.4    311.0    378.1    423.6
           10       388.9    187.6 8  161.2 8  168.4 8  178.8 8  313.9    283.6    302.4    275.7    311.0    379.2    430.8
           11       384.6    191.0 8  169.7 8  174.7 8  187.0 8  314.9    286.2    297.6    281.8    320.6    382.4    432.0
           12       370.6    193.8 8  179.5 8  172.1 8  191.0 8  315.8    289.0    292.8    285.4    321.6    382.4    433.2
           13       365.2    188.3 8  187.0 8  172.1 8  197.8 8  318.7    289.0    284.5    289.0    322.6    382.4    433.2
           14       343.6    183.6 8  187.0 8  177.4 8  206.3 8  320.6    291.8    275.7    294.7    327.4    382.4    435.6
           15       333.2    180.2 8  193.8 8  174.7 8  228.8    321.6    295.7    269.5    299.5    327.4    381.4    438.0
           16       325.4    176.1 8  193.1 8  171.4 8  233.4    322.6    291.8    264.2    299.5    327.4    389.0    434.4
           17       321.6    174.7 8  192.4 8  174.7 8  237.9    318.7    296.6    253.7    304.3    329.3    388.2    439.2
           18       316.8    170.2 8  191.0 8  176.1 8  241.0    318.7    288.0    244.0    304.3    329.3    389.3    436.8
           19       303.4    167.8 8  187.0 8  174.7 8  244.1    317.8    286.2    241.0    277.4    332.2    394.8    439.2
           20       291.8    165.4 8  184.2 8  183.6 8  247.5    315.8    284.5    238.7    288.2    343.6    394.8    438.0
           21       289.9    161.2 8  180.4 8  185.6 8  250.2    315.8    285.4    237.9    288.2    345.7    397.2    439.2
           22       288.0    156.4 8  173.8 8  188.3 8  251.9    318.7    286.2    236.4    290.9    347.9    399.6    439.2
           23       285.4    154.0 8  175.0 8  194.4 8  253.7    320.6    289.9    228.8    290.9    352.2    404.4    439.2
           24       281.8    154.0 8  178.8 8  195.1 8  254.6    321.6    294.7    221.2    291.8    350.0    403.2    439.2
           25       281.8    157.0 8  192.4 8  195.1 8  254.6    321.6    294.7    221.2    294.7    357.6    404.4    442.8
           26       283.6    160.6 8  201.9 8  193.8 8  261.6    322.6    296.6    218.9    290.9    358.7    405.6    442.8
           27       281.8    164.2 8  209.0    180.2 8  265.1    321.6    296.6    215.1    290.9    368.4    408.0    441.6
           28       281.0    166.0 8  218.2    173.4 8  277.4    317.8    291.8    216.6    290.9    371.6    408.0    438.0
           29       279.2             213.6    172.0 8  281.0    313.9    291.8    209.0    290.9    370.6    410.4    438.0
           30       272.2             207.5    172.0 8  282.7    308.2    291.8    205.3 8  291.8    373.8    411.6    438.0
           31       261.6             203.3 8           282.7             291.8    201.2 8           372.7             440.4

MEDIA               350.9    187.5 8  182.7 8  183.9 8  223.0 8  312.0    291.1    260.3 8  274.1 8  330.4    390.3    432.0
MAXIMA ABSOLUTA     484.3    251.0    218.2    204.6 8  288.0    326.4    301.4    307.2    305.3    374.9    411.6    447.6
MINIMA MEDIA        261.6    154.0 8  159.4 8  168.4 8  175.4 8  282.7    282.7    201.2 8  200.6 8  290.9    372.7    410.4

** DATOS PRELIMINARES **              ***  VALORES  ANUALES  ***                                           ** ORIGENES DE DATO **

                                     MEDIA                 284.850                                         8 : EST.  OTROS METODOS
                                     MAXIMA ABSOLUTA       484.300
                                     MINIMA MEDIA          154.000

                       I D E A M  -  INSTITUTO DE HIDROLOGIA, METEOROLOGIA Y ESTUDIOS AMBIENTALES
                                                                                                              SISTEMA DE INFORMACION
                                    VALORES MEDIOS  DIARIOS DE CAUDALES (M3/Seg)                                NACIONAL AMBIENTAL

    FECHA DE PROCESO :  2019/05/21                    ANO  2002                              ESTACION : 29037450  STA HELENA 2

    LATITUD    1004 N               TIPO EST    LM                   DEPTO      BOLIVAR                 FECHA-INSTALACION   1978-JUN
    LONGITUD   7526 W               ENTIDAD     01  IDEAM            MUNICIPIO  ARJONA                  FECHA-SUSPENSION
    ELEVACION  0003 m.s.n.m         REGIONAL    02  ATLANTICO        CORRIENTE  CANAL DEL DIQUE

************************************************************************************************************************************
          DIA       ENERO *  FEBRE *  MARZO *  ABRIL *  MAYO  *  JUNIO *  JULIO *  AGOST *  SEPTI *  OCTUB *  NOVIE *  DICIE *
************************************************************************************************************************************

           01       442.3    293.6    198.8 8  245.9    395.6    421.3    448.1    401.4    331.6    375.2    442.3    431.8
           02       442.3    286.5    197.4 8  260.9    401.4    426.0    444.6    394.4    335.5    386.8    445.8    429.5
           03       440.0    278.0    197.4 8  267.8    404.9    429.5    443.5    387.9    345.6    399.1    448.1    424.8
           04       440.0    266.9    202.2 8  266.1    409.6    434.1    443.5    381.5    354.1    401.4    447.0    423.6
           05       440.0    260.1    198.1 8  264.4    410.8    441.1    444.6    374.1    360.4    397.9    445.8    428.3
           06       437.6    255.8    198.8 8  265.2    407.3    442.3    443.5    369.9    360.4    394.4    448.1    424.8
           07       435.3    247.7    194.0 8  260.1    406.1    445.8    441.1    366.7    362.5    394.4    447.0    427.1
           08       433.0    233.8    192.0 8  255.8    403.8    447.0    443.5    365.7    362.5    392.2    454.6    426.0
           09       431.8    232.2    183.9 8  255.0    403.8    448.1    442.3    362.5    359.3    385.8    477.5    422.5
           10       431.8    230.7    181.3 8  254.1    402.6    453.1    440.0    360.4    355.1    385.8    490.3    420.1
           11       430.6    222.3    173.6 8  260.9    399.1    454.3    445.8    351.9    350.9    388.0    499.3    413.1
           12       428.3    219.3    176.0 8  267.8    397.9    448.1    444.6    345.6    345.6    388.0    505.8    406.1
           13       426.0    212.5    185.3 8  275.5    397.9    444.6    442.3    344.5    342.4    395.6    513.5    399.1
           14       426.0    204.2 8  185.3 8  284.8    399.1    447.0    441.1    340.3    339.3    386.8    500.6    387.9
           15       418.9    200.1 8  185.3 8  290.8    397.9    447.0    438.8    335.5    337.4    404.9    486.5    380.5
           16       416.6    198.1 8  187.3 8  301.2    394.4    449.3    438.8    327.8    334.5    382.6    473.6    365.7
           17       407.3    195.4 8  188.0 8  305.9    391.0    450.6    435.3    319.3    332.6    392.4    459.5    354.1
           18       395.6    196.8 8  187.3 8  309.8    387.9    447.0    434.1    314.5    330.7    387.1    460.8    348.8
           19       391.0    194.7 8  186.6 8  313.6    382.6    451.8    433.0    307.9    332.6    378.4    467.2    355.1
           20       384.7    198.1 8  193.4 8  316.4    381.5    449.3    431.8    304.0    337.4    377.3    473.6    364.6
           21       374.1    196.1 8  205.5 8  318.3    378.4    444.6    429.5    300.2    343.5    376.2    471.0    371.0
           22       368.8    200.8 8  204.6 8  322.1    377.3    444.6    424.8    298.3    344.5    377.3    469.8    377.3
           23       358.3    206.5 8  212.9 8  325.9    387.9    447.0    422.5    301.2    351.9    378.4    467.2    380.5
           24       347.7    206.5 8  219.0 8  331.6    396.8    451.8    420.1    306.9    357.2    382.6    464.6    386.9
           25       342.4    204.4 8  219.0 8  341.4    401.4    445.8    417.8    316.4    361.4    388.0    463.3    391.0
           26       337.4    198.8 8  229.2    351.9    408.4    449.3    417.8    324.0    363.6    395.8    460.8    390.0
           27       325.0    193.4 8  236.0    359.3    413.1    449.4    416.6    325.9    360.4    402.6    456.9    386.8
           28       318.3    193.4 8  235.3    372.0    418.9    444.6    414.3    320.2    357.2    411.9    450.5    381.5
           29       310.7             235.3    376.2    420.1    448.1    410.8    324.0    355.1    422.5    441.1    390.1
           30       305.9             238.3    384.7    421.3    447.0    407.3    324.0    365.7    430.6    434.1    382.6
           31       301.2             243.7             428.3             409.6    325.9             438.8             365.7

MEDIA               393.2    222.4 8  202.3 8  300.2    400.9    445.0    432.6    339.4    349.0    393.5    465.5    394.7
MAXIMA ABSOLUTA     443.5    295.5    244.4    387.9    429.5    458.2    448.1    403.8    368.8    441.1    514.8    431.8
MINIMA MEDIA        301.2    193.4 8  173.6 8  245.9    377.3    421.3    407.3    298.3    330.7    375.2    434.1    348.8

** DATOS PRELIMINARES **              ***  VALORES  ANUALES  ***                                           ** ORIGENES DE DATO **

                                     MEDIA                 361.558                                         8 : EST.  OTROS METODOS
                                     MAXIMA ABSOLUTA       514.800
                                     MINIMA MEDIA          173.600

                       I D E A M  -  INSTITUTO DE HIDROLOGIA, METEOROLOGIA Y ESTUDIOS AMBIENTALES
                                                                                                              SISTEMA DE INFORMACION
                                    VALORES MEDIOS  DIARIOS DE CAUDALES (M3/Seg)                                NACIONAL AMBIENTAL

    FECHA DE PROCESO :  2019/05/21                    ANO  2003                              ESTACION : 29037450  STA HELENA 2

    LATITUD    1004 N               TIPO EST    LM                   DEPTO      BOLIVAR                 FECHA-INSTALACION   1978-JUN
    LONGITUD   7526 W               ENTIDAD     01  IDEAM            MUNICIPIO  ARJONA                  FECHA-SUSPENSION
    ELEVACION  0003 m.s.n.m         REGIONAL    02  ATLANTICO        CORRIENTE  CANAL DEL DIQUE

************************************************************************************************************************************
          DIA       ENERO *  FEBRE *  MARZO *  ABRIL *  MAYO  *  JUNIO *  JULIO *  AGOST *  SEPTI *  OCTUB *  NOVIE *  DICIE *
************************************************************************************************************************************

           01       363.6    176.9 8  173.9 8           312.6    344.5    438.8    448.1    424.8    420.1    509.6    552.8
           02       359.3    172.6 8  162.3 8           317.4    345.6    438.8    448.1    424.8    421.3    505.8    554.2
           03       355.1    175.1 8  160.5 8           321.2    350.9    442.3    450.5    423.6    422.5    503.2    554.2
           04       338.4    177.3 8  161.7 8           319.3    353.0    442.3    451.8    420.1    424.8    501.9    555.6
           05       342.7    176.1 8  165.3 8           316.4    356.2    443.5    450.5    411.9    430.6    504.5    559.9
           06       334.6    176.0 8  170.0 8           314.5    358.3    443.5    450.6    404.9    435.3    504.5    571.1
           07       319.3    178.5 8  166.5 8           313.6    363.6    443.5    449.4    397.9    438.8    507.0    588.3 8
           08       300.2    179.2 8  169.4 8           314.5    365.7    443.5    450.6    392.1    440.0    507.0    586.8 8
           09       287.4    180.5 8  174.9 8           314.5    366.7    443.5    449.3    390.0    444.6    507.0    581.0
           10       269.5    179.9 8  177.8 8           313.6    365.7    443.5    450.6    387.9    449.3    507.0    576.8
           11       252.4    181.9 8  176.6 8           310.7    364.6    443.5    453.1    387.9    453.1    508.3    571.1
           12       237.6    183.9 8  176.3 8           311.7    371.0    444.6    451.8    388.9    454.3    512.2    571.1
           13       226.9    178.8 8  168.3 8           312.6    371.0    448.1    450.5    392.2    455.6    514.8    571.1
           14       223.1    167.6 8  158.7 8           314.5    373.1    450.5    450.5    392.1    458.2    514.8    568.3
           15       216.3    165.3 8  167.8 8           318.3    376.2    454.3    450.5    392.1    471.0    514.8    565.5
           16       211.0 8  167.1 8  165.3 8           322.1    383.6    458.2    450.5    392.1    478.8    514.8    562.7
           17       205.5 8  171.4 8  169.4 8           322.1    385.8    458.2    448.1    393.3    480.0    517.6    559.9
           18       196.1 8  172.0 8  163.5 8           319.3    401.4    460.8    448.1    394.4    485.2    520.4    561.3
           19       194.0 8  174.4 8  169.4 8           327.8    417.8    460.8    447.0    390.0    490.3    519.0    562.7
           20       197.4 8  176.3 8  170.0 8           328.8    422.5    459.5    443.5    390.0    494.2    517.6    562.7
           21       198.8 8  178.5 8  173.8 8           329.7    424.8    456.9    442.3    392.1    494.2    517.6    565.5
           22       201.5 8  180.4 8  173.8 8           334.5    429.5    455.6    441.1    393.3    492.9    519.0    565.5
           23       202.9 8  179.0 8  183.5 8           335.5    431.8    454.3    438.8    396.8    490.3    523.2    565.5
           24       199.5 8  177.8 8  190.8 8           337.5    433.0    454.3    430.6    396.8    489.0    526.0    565.5
           25       200.1 8  176.5 8  186.3 8           335.5    433.0    451.8    428.3    396.8    489.0    531.7    565.5
           26       198.8 8  174.9 8  184.8 8           336.5    434.1    448.1    430.6    399.1    490.3    537.3    565.5
           27       190.7 8  172.6 8  189.4 8           337.4    436.5    450.6    430.6    406.1    492.9    540.1    565.5
           28       189.3 8  173.1 8  178.5 8           338.4    436.5    450.5    428.3    411.9    496.8    542.9    565.5
           29       183.9 8           181.2 8           339.4    436.5    448.1    426.0    415.4    504.5    542.9    565.5
           30       185.9 8           179.4 8           342.4    438.8    449.3    427.1    423.6    505.8    548.6    565.5
           31       177.3 8           172.4 8           344.5             449.3    428.3             505.8             565.5

MEDIA               243.8 8  175.8 8  173.0 8    *      324.4    392.4    449.4    443.4    400.8    467.7    518.0    566.4 8
MAXIMA ABSOLUTA     364.6    190.7 8  206.9 8    *      347.7    438.8    460.8    453.1    431.8    507.0    548.6    588.3 8
MINIMA MEDIA        177.3 8  165.3 8  158.7 8    *      310.7    344.5    438.8    426.0    387.9    420.1    501.9    552.8

** DATOS PRELIMINARES **              ***  VALORES  ANUALES  ***                                           ** ORIGENES DE DATO **

                                     MEDIA                 377.736                                         8 : EST.  OTROS METODOS
                                     MAXIMA ABSOLUTA       588.300
                                     MINIMA MEDIA          158.700

                       I D E A M  -  INSTITUTO DE HIDROLOGIA, METEOROLOGIA Y ESTUDIOS AMBIENTALES
                                                                                                              SISTEMA DE INFORMACION
                                    VALORES MEDIOS  DIARIOS DE CAUDALES (M3/Seg)                                NACIONAL AMBIENTAL

    FECHA DE PROCESO :  2019/05/21                    ANO  2004                              ESTACION : 29037450  STA HELENA 2

    LATITUD    1004 N               TIPO EST    LM                   DEPTO      BOLIVAR                 FECHA-INSTALACION   1978-JUN
    LONGITUD   7526 W               ENTIDAD     01  IDEAM            MUNICIPIO  ARJONA                  FECHA-SUSPENSION
    ELEVACION  0003 m.s.n.m         REGIONAL    02  ATLANTICO        CORRIENTE  CANAL DEL DIQUE

************************************************************************************************************************************
          DIA       ENERO *  FEBRE *  MARZO *  ABRIL *  MAYO  *  JUNIO *  JULIO *  AGOST *  SEPTI *  OCTUB *  NOVIE *  DICIE *
************************************************************************************************************************************

           01       549.3    367.3    141.5    114.4 8  294.4    406.2    403.6    398.3    367.3    441.7    503.6    540.1
           02       547.5    357.1    142.0    114.1 8  302.8    409.0    397.0    398.3    367.3    441.7    506.8    540.1
           03       545.6    346.4    137.5    115.8 8  301.7    411.9    394.4    398.3    367.3    441.7    519.3    536.5
           04       542.0    333.6    142.0    120.2    305.9    410.5    393.1    401.0    366.0    440.3    519.3    536.5
           05       534.7    319.7    138.7    122.5    308.2    413.3    393.1    399.7    367.3    440.3    522.4    536.5
           06       534.7    305.9    137.5    122.0    318.5    417.6    385.2    398.3    368.6    441.7    525.8    536.5
           07       532.8    291.2    136.4    126.0    323.1    420.4    385.2    395.7    367.3    438.9    527.3    534.7
           08       531.0    274.4    135.2    128.3    326.6    423.2    381.3    393.1    367.3    438.9    527.3    532.8
           09       531.0    264.1    135.8    132.3    333.6    426.1    374.9    391.8    371.1    440.3    538.3    532.8
           10       525.5    256.6    136.4    137.0    338.3    427.5    372.4    391.8    378.7    438.9    558.5    532.8
           11       517.7    245.3    134.1    130.8    341.8    441.7    368.6    391.8    389.2    441.7    573.1    532.8
           12       511.4    235.0    134.2    129.6    341.8    437.4    364.8    387.9    393.1    444.5    573.1    532.8
           13       498.9    226.7    134.4    126.0    344.1    441.7    367.3    383.9    399.7    446.0    565.8    532.8
           14       478.6    215.8    135.1    122.5    344.1    447.4    363.5    380.0    402.3    446.0    562.1    532.8
           15       461.6    198.3    131.8    123.3 8  341.8    450.2    366.0    381.3    410.5    448.8    554.8    532.8
           16       455.9    183.4    128.3    123.1    343.0    450.2    367.3    381.3    417.6    450.2    549.3    529.2
           17       450.2    172.3    121.4    121.4    347.6    448.8    367.3    377.5    419.0    451.6    545.6    525.5
           18       448.8    166.5    117.9    124.3    344.1    446.0    367.3    374.9    420.4    460.3    545.6    522.4
           19       446.0    168.0    116.8 8  132.3    352.4    444.5    371.1    374.9    420.4    458.7    543.8    522.4
           20       443.1    161.8    115.1 8  142.7    354.8    441.7    373.6    372.4    420.4    458.7    543.8    522.4
           21       440.3    151.9    113.6 8  158.5    358.4    440.3    376.2    371.1    421.8    458.7    542.0    522.4
           22       437.4    149.3    114.6 8  172.3    362.2    441.7    377.5    372.4    421.8    463.1    543.8    522.4
           23       431.8    145.3    115.6    181.0    368.6    444.5    381.3    373.6    419.0    467.7    543.8    522.4
           24       431.8    142.0    112.1 8  196.8    372.4    441.7    382.6    373.6    419.0    472.4    543.8    522.4
           25       428.9    137.5    112.7 8  232.2    381.3    438.9    382.6    373.6    417.6    477.1    542.0    522.4
           26       428.9    144.6    108.1 8  245.3    389.2    434.6    385.2    369.8    423.2    481.8    540.1    522.4
           27       426.1    142.0    111.6 8  252.8    395.7    428.9    386.5    366.0    424.7    486.4    540.1    519.3
           28       421.8    140.3    113.1 8  260.4    395.7    421.8    386.5    361.0    428.9    491.1    540.1    517.7
           29       406.4    140.2    113.2 8  278.6    401.0    414.7    386.5    357.1    433.2    495.8    540.1    514.6
           30       393.1             113.1 8  291.2    406.2    410.5    387.9    362.2    438.9    500.5    540.1    513.0
           31       381.3             114.6 8           406.2             389.2    362.2             502.1             513.0

MEDIA               474.6    220.1    125.6 8  159.3 8  349.9    431.1    380.0    381.1    401.0    458.3    540.7    527.7
MAXIMA ABSOLUTA     551.1    369.8    146.6    293.3    406.2    451.6    406.2    401.0    443.1    503.6    573.1    540.1
MINIMA MEDIA        381.3    137.5    108.1 8  114.1 8  294.4    406.2    363.5    357.1    366.0    438.9    503.6    513.0

** DATOS PRELIMINARES **              ***  VALORES  ANUALES  ***                                           ** ORIGENES DE DATO **

                                     MEDIA                 370.783                                         8 : EST.  OTROS METODOS
                                     MAXIMA ABSOLUTA       573.100
                                     MINIMA MEDIA          108.100

                       I D E A M  -  INSTITUTO DE HIDROLOGIA, METEOROLOGIA Y ESTUDIOS AMBIENTALES
                                                                                                              SISTEMA DE INFORMACION
                                    VALORES MEDIOS  DIARIOS DE CAUDALES (M3/Seg)                                NACIONAL AMBIENTAL

    FECHA DE PROCESO :  2019/05/21                    ANO  2005                              ESTACION : 29037450  STA HELENA 2

    LATITUD    1004 N               TIPO EST    LM                   DEPTO      BOLIVAR                 FECHA-INSTALACION   1978-JUN
    LONGITUD   7526 W               ENTIDAD     01  IDEAM            MUNICIPIO  ARJONA                  FECHA-SUSPENSION
    ELEVACION  0003 m.s.n.m         REGIONAL    02  ATLANTICO        CORRIENTE  CANAL DEL DIQUE

************************************************************************************************************************************
          DIA       ENERO *  FEBRE *  MARZO *  ABRIL *  MAYO  *  JUNIO *  JULIO *  AGOST *  SEPTI *  OCTUB *  NOVIE *  DICIE *
************************************************************************************************************************************

           01       511.4    330.1    269.5    187.4    308.9    437.4    484.9    431.8    386.5    406.2    486.4    554.8
           02       506.8    319.6    257.6    191.3    318.5    436.0    484.9    424.7    386.5    413.3    486.4    551.1
           03       503.6    312.7    244.4    190.4    322.0    437.4    481.8    421.8    389.2    417.6    486.4    551.1
           04       500.5    307.1    231.0    191.0    326.6    438.9    480.2    416.1    389.2    421.8    488.0    551.1
           05       492.7    300.6    223.4    195.7    325.5    443.1    477.1    413.3    389.2    423.2    488.0    549.3
           06       491.1    293.3    220.0    201.6    330.1    444.5    473.9    410.5    389.2    423.2    486.4    553.0
           07       483.3    286.0    221.7    210.8    332.5    447.4    473.9    404.9    390.5    421.8    486.4    554.8
           08       475.5    278.6    223.4    219.2    343.0    450.2    472.4    401.0    390.5    421.8    486.4    554.8
           09       475.5    273.4    225.9    224.2    349.9    451.6    470.8    398.3    391.8    426.1    489.6    558.5
           10       460.3    270.2    227.6    223.8    359.7    453.1    470.8    395.7    391.8    430.3    489.6    562.1
           11       457.3    264.1    235.0    233.5    366.0    455.9    466.1    394.4    390.5    433.2    492.7    565.8
           12       451.6    256.6    236.9    244.4    373.6    457.3    469.3    391.8    391.8    433.2    495.8    565.8
           13       447.4    256.6    233.2    254.7    374.9    458.7    472.4    393.1    390.5    433.2    498.9    567.6
           14       444.5    255.7    231.3    262.2    374.9    463.0    469.3    391.8    387.9    434.6    502.1    571.3
           15       443.1    274.4    230.5    268.1    377.5    464.6    469.3    387.9    386.5    438.9    508.3    571.3
           16       440.3    289.1    234.2    270.2    378.8    464.6    467.7    385.2    382.6    441.7    511.4    571.3
           17       430.3    305.9    226.3    272.3    389.2    466.1    464.6    382.6    382.6    441.7    516.1    571.3
           18       424.7    311.5    216.7    274.4    395.7    469.3    466.1    386.5    382.6    446.0    522.4    571.3
           19       420.4    309.2    209.1    277.5    397.0    470.8    464.6    385.2    380.0    444.5    532.8    573.1
           20       417.6    305.9    203.3    281.8    398.3    472.4    463.0    389.2    385.2    447.4    534.7    573.1
           21       413.3    302.8    196.6    283.8    401.0    475.5    461.6    395.7    387.9    450.2    532.8    573.1
           22       407.6    300.6    196.6    286.0    405.0    477.1    461.6    399.7    389.2    451.6    545.6    573.1
           23       401.0    297.5    194.1    288.0    410.5    478.6    464.6    398.3    393.1    453.1    554.8    571.3
           24       393.1    292.3    197.4    292.3    416.1    483.3    464.6    395.7    397.0    453.1    571.3    567.6
           25       383.9    292.3    203.3    296.5    423.2    484.9    463.1    395.7    399.7    454.5    574.9    565.8
           26       376.2    295.4    211.6    300.7    424.7    486.4    458.7    393.1    397.0    457.3    578.6    564.0
           27       368.6    290.1    214.2    303.8    428.9    484.9    457.3    391.8    393.1    463.0    562.1    562.1
           28       359.7    282.8    209.1    310.6    431.8    483.3    453.1    387.9    394.4    467.7    564.0    562.1
           29       351.1             201.0    318.5    433.2    484.9    447.4    386.5    394.4    478.6    560.3    556.6
           30       343.0             196.2    318.5    434.6    486.4    444.5    385.2    395.7    484.9    556.6    554.8
           31       338.3             192.2             436.0             437.4    383.9             492.7             554.8

MEDIA               432.7    291.2    219.8    255.8    380.2    463.6    466.4    397.4    389.9    442.1    519.7    562.8
MAXIMA ABSOLUTA     513.0    331.3    278.6    329.0    437.4    488.0    488.0    431.8    403.6    494.3    580.4    573.1
MINIMA MEDIA        338.3    255.7    192.2    187.4    308.9    436.0    437.4    382.6    380.0    406.2    486.4    549.3

** DATOS PRELIMINARES **              ***  VALORES  ANUALES  ***

                                     MEDIA                 401.800
                                     MAXIMA ABSOLUTA       580.400
                                     MINIMA MEDIA          187.400

                       I D E A M  -  INSTITUTO DE HIDROLOGIA, METEOROLOGIA Y ESTUDIOS AMBIENTALES
                                                                                                              SISTEMA DE INFORMACION
                                    VALORES MEDIOS  DIARIOS DE CAUDALES (M3/Seg)                                NACIONAL AMBIENTAL

    FECHA DE PROCESO :  2019/05/21                    ANO  2006                              ESTACION : 29037450  STA HELENA 2

    LATITUD    1004 N               TIPO EST    LM                   DEPTO      BOLIVAR                 FECHA-INSTALACION   1978-JUN
    LONGITUD   7526 W               ENTIDAD     01  IDEAM            MUNICIPIO  ARJONA                  FECHA-SUSPENSION
    ELEVACION  0003 m.s.n.m         REGIONAL    02  ATLANTICO        CORRIENTE  CANAL DEL DIQUE

************************************************************************************************************************************
          DIA       ENERO *  FEBRE *  MARZO *  ABRIL *  MAYO  *  JUNIO *  JULIO *  AGOST *  SEPTI *  OCTUB *  NOVIE *  DICIE *
************************************************************************************************************************************

           01       551.1    446.0    278.6    340.6    441.7    565.8    600.6    534.7    470.8    473.9    486.4    580.4
           02       549.3    446.0    276.5    348.8    443.1    564.0    600.6    527.3    469.3    469.3    486.4    580.4
           03       545.6    446.0    266.0    349.9    444.5    564.0    598.7    520.8    466.1    470.8    489.6    580.4
           04       542.0    441.7    260.4    367.3    448.8    567.6    600.6    519.3    463.0    472.4    491.1    580.4
           05       542.0    438.9    254.7    353.5    454.5    578.6    598.7    514.6    463.1    472.4    491.1    582.3
           06       538.3    434.6    249.1    354.7    460.2    584.1    596.9    514.6    463.0    473.9    494.3    582.3
           07       538.3    428.9    242.5    353.5    466.1    585.9    596.9    508.3    467.7    472.4    491.1    582.3
           08       536.5    426.1    234.0    357.1    470.8    587.8    598.7    502.1    470.8    469.3    494.3    584.1
           09       532.8    430.3    231.2    357.1    480.2    591.4    595.1    498.9    475.5    469.3    497.4    584.1
           10       527.3    427.5    232.2    362.2    488.0    591.4    595.1    497.4    477.1    467.7    503.6    589.6
           11       525.5    426.1    236.9    367.3    495.8    591.4    596.9    497.4    477.1    467.7    503.6    591.4
           12       523.9    420.4    248.1    371.1    497.4    593.2    596.9    497.4    478.6    464.7    506.8    591.4
           13       520.8    417.6    259.4    371.1    506.8    595.1    593.2    495.8    478.6    463.3    509.9    595.1
           14       519.3    411.9    273.4    373.7    505.2    596.9    587.8    492.7    477.1    461.9    513.0    595.1
           15       516.1    407.6    281.8    377.5    505.2    596.9    585.9    483.3    475.5    472.4    525.8    595.1
           16       513.0    397.0    287.0    382.6    508.3    598.7    584.1    477.1    475.5    469.3    536.5    595.1
           17       511.4    389.2    287.0    386.5    516.1    598.7    584.1    475.5    475.5    470.8    542.0    595.1
           18       509.9    383.9    284.9    390.5    534.7    598.7    580.4    464.6    477.1    475.5    545.6    595.1
           19       508.3    363.6    282.8    394.4    534.7    598.7    576.8    461.6    477.1    477.1    547.5    593.2
           20       505.2    359.8    281.8    399.7    534.7    598.7    574.9    458.7    478.6    477.1    545.6    591.4
           21       497.4    349.9    286.0    403.8    542.0    602.4    574.9    458.7    480.2    473.9    547.5    591.4
           22       492.7    346.4    287.0    402.3    549.3    604.2    571.3    457.3    480.2    473.9    549.3    589.6
           23       489.6    339.5    289.1    406.2    551.1    602.4    571.3    455.9    481.8    475.5    549.3    589.6
           24       488.0    322.0    290.1    406.2    547.5    606.1    565.8    455.9    478.6    472.4    549.3    591.4
           25       481.8    305.9    290.1    409.0    543.8    606.1    562.1    455.9    478.6    469.3    556.6    591.4
           26       473.9    293.3    297.5    411.9    545.6    604.2    556.6    458.7    480.2    477.1    564.0    591.4
           27       464.6    286.0    307.1    416.1    553.0    604.2    553.0    461.6    477.1    475.5    571.3    591.4
           28       460.2    280.7    317.3    421.8    560.3    604.2    549.3    464.6    477.1    480.2    574.9    589.6
           29       455.9             325.5    427.5    560.3    604.2    545.6    467.7    477.1    478.6    578.6    587.8
           30       453.1             333.6    437.4    562.1    600.6    543.8    469.3    473.9    484.9    580.4    585.9
           31       450.2             337.1             565.8             540.1    473.9             486.4             584.1

MEDIA               508.5    388.1    277.7    383.4    510.2    592.9    579.9    484.6    474.7    472.9    527.4    588.6
MAXIMA ABSOLUTA     551.1    448.8    343.0    440.3    565.8    606.1    602.4    536.5    484.9    491.1    580.4    595.1
MINIMA MEDIA        450.2    280.7    231.2    340.6    441.7    564.0    540.1    455.9    463.0    461.9    486.4    580.4

** DATOS PRELIMINARES **              ***  VALORES  ANUALES  ***

                                     MEDIA                 482.408
                                     MAXIMA ABSOLUTA       606.100
                                     MINIMA MEDIA          231.200

                       I D E A M  -  INSTITUTO DE HIDROLOGIA, METEOROLOGIA Y ESTUDIOS AMBIENTALES
                                                                                                              SISTEMA DE INFORMACION
                                    VALORES MEDIOS  DIARIOS DE CAUDALES (M3/Seg)                                NACIONAL AMBIENTAL

    FECHA DE PROCESO :  2019/05/21                    ANO  2007                              ESTACION : 29037450  STA HELENA 2

    LATITUD    1004 N               TIPO EST    LM                   DEPTO      BOLIVAR                 FECHA-INSTALACION   1978-JUN
    LONGITUD   7526 W               ENTIDAD     01  IDEAM            MUNICIPIO  ARJONA                  FECHA-SUSPENSION
    ELEVACION  0003 m.s.n.m         REGIONAL    02  ATLANTICO        CORRIENTE  CANAL DEL DIQUE

************************************************************************************************************************************
          DIA       ENERO *  FEBRE *  MARZO *  ABRIL *  MAYO  *  JUNIO *  JULIO *  AGOST *  SEPTI *  OCTUB *  NOVIE *  DICIE *
************************************************************************************************************************************

           01       582.3             202.4    252.8    419.0    553.0    606.1    580.4    578.6    598.7    624.4    657.3
           02       580.4             202.4    264.1    421.8    553.0    606.1    576.8    578.6    598.7    628.0    657.3
           03       578.6             194.9    270.2    424.7    558.5    609.7    576.8    582.3    598.7    624.4    657.3
           04       576.8             186.4    278.6    426.1    567.6    609.7    574.9    584.1    598.7    624.4    653.7
           05       569.4             173.7    293.3    428.9    569.4    609.7    573.1    589.6    598.7    624.4    653.7
           06       571.3             178.8    298.5    437.4    576.8    609.7    573.1    591.4    600.6    622.5    650.0
           07       567.6             180.4    305.1    438.9    576.8    609.7    569.4    589.6    600.6    622.5    650.0
           08       564.0             178.3    307.4    443.1    576.8    609.7    565.8    591.4    600.6    628.0    646.3
           09       558.5             181.2    317.3    444.5    576.8    609.7    564.0    587.8    600.6    626.2    646.3
           10       554.8             179.9    327.8    448.8    576.8    609.7    558.5    589.6    600.6    629.9    646.3
           11       551.1             178.4    339.5    453.1    576.8    611.6    560.3    593.2    600.6    631.7    642.7
           12       547.5             177.6    344.1    457.3    576.8    613.4    560.3    595.1    602.4    631.7    642.7
           13       540.1             178.4    349.9    457.3    576.8    611.6    558.5    598.7    602.4    628.0    639.0
           14       532.8             179.9    353.4    463.0    576.8    609.7    560.3    598.7    602.4    628.0    639.0
           15       522.4    240.6    184.1    355.9    463.0    580.4    609.7    564.0    598.7    602.4    631.7    639.0
           16       517.7    235.9    179.5    354.6    466.1    580.4    609.7    565.8    598.7    602.4    631.7    639.0
           17       511.4    234.0    178.8    354.6    473.9    584.1    606.1    564.0    598.7    602.4    635.4    635.4
           18       506.8    228.5    180.3    357.1    483.3    585.9    604.2    567.6    602.4    602.4    637.2    635.4
           19       498.9    225.0    181.0    361.0    489.6    589.6    604.2    569.4    602.4    602.4    639.0    635.4
           20       488.0    225.9    179.7    364.8    495.8    587.8    600.6    567.6    602.4    602.4    642.7    633.5
           21       483.3    225.9    183.5    372.4    502.1    591.4    598.7    565.8    602.4    602.4    642.7    629.9
           22       481.8    221.7    185.0    376.2    508.3    591.4    596.9    569.4    602.4    604.2    642.7    628.0
           23                216.7    193.1    380.1    519.3    591.4    593.2    571.3    598.7    604.2    646.3    626.2
           24                211.6    198.8    382.7    523.9    591.4    593.2    573.1    604.2    602.4    648.2    628.0
           25                208.3    194.4    391.8    519.3    595.1    589.6    573.1    604.2    604.2    650.0    624.4
           26                204.1    198.4    402.3    525.5    595.1    589.6    573.1    602.4    604.2    650.0    624.4
           27                202.4    200.8    406.2    527.3    598.7    587.8    574.9    602.4    611.6    650.0    624.4
           28                200.8    207.5    411.9    529.2    598.7    584.1    576.8    602.4    617.0    650.0    624.4
           29                         210.8    414.7    536.5    598.7    578.6    576.8    598.7    618.9    650.0    624.4
           30                         224.2    417.6    543.8    602.4    576.8    580.4    598.7    620.7    653.7    620.7
           31                         241.6             549.3             574.9    580.4             628.0             620.7

MEDIA               540.3 3    *      190.1    346.9    478.1    581.8    601.1    569.9    595.6    604.4    635.8    637.9
MAXIMA ABSOLUTA     584.1 3    *      247.2    417.6    551.1    602.4    613.4    580.4    606.1    628.0    653.7    657.3
MINIMA MEDIA        481.8 3    *      173.7    252.8    419.0    553.0    574.9    558.5    578.6    598.7    622.5    620.7

** DATOS PRELIMINARES **              ***  VALORES  ANUALES  ***                                           ** ORIGENES DE DATO **

                                     MEDIA                 525.627                                         3 : INCOMPLETOS
                                     MAXIMA ABSOLUTA       657.300
                                     MINIMA MEDIA          173.700

                       I D E A M  -  INSTITUTO DE HIDROLOGIA, METEOROLOGIA Y ESTUDIOS AMBIENTALES
                                                                                                              SISTEMA DE INFORMACION
                                    VALORES MEDIOS  DIARIOS DE CAUDALES (M3/Seg)                                NACIONAL AMBIENTAL

    FECHA DE PROCESO :  2019/05/21                    ANO  2008                              ESTACION : 29037450  STA HELENA 2

    LATITUD    1004 N               TIPO EST    LM                   DEPTO      BOLIVAR                 FECHA-INSTALACION   1978-JUN
    LONGITUD   7526 W               ENTIDAD     01  IDEAM            MUNICIPIO  ARJONA                  FECHA-SUSPENSION
    ELEVACION  0003 m.s.n.m         REGIONAL    02  ATLANTICO        CORRIENTE  CANAL DEL DIQUE

************************************************************************************************************************************
          DIA       ENERO *  FEBRE *  MARZO *  ABRIL *  MAYO  *  JUNIO *  JULIO *  AGOST *  SEPTI *  OCTUB *  NOVIE *  DICIE *
************************************************************************************************************************************

           01       617.0    500.5    411.9    364.8    414.7    536.5    622.5    639.0    644.5    657.3             704.9
           02       613.4    497.4    407.6    362.2    423.2    540.1    622.5    639.0    642.7    659.2             701.3
           03       609.7    494.3    406.2    359.7    427.5    540.1    626.2    639.0    646.3    657.3             697.6
           04       606.1    491.1    401.0    361.0    430.3    545.6    628.0    639.0    644.5    661.0             694.0
           05       598.7    488.0    395.7    364.8    436.0    547.5    628.0    639.0    642.7    662.8             690.3
           06       595.1    488.0    383.9    367.3    441.7    554.8    629.9    639.0    642.7    657.3             686.6
           07       591.4    480.2    378.7    369.8    450.2    558.5    628.0    639.0    640.9    657.3             683.0
           08       584.1    470.8    377.5    371.1    455.9    562.1    628.0    639.0    640.9    653.7             679.3
           09       580.4    464.6    377.5    366.0    457.3    565.8    629.9    639.0    640.9    650.0             675.6
           10       576.8    460.2    376.2    369.8    460.2    569.4    629.9    639.0    642.7    655.5             672.0
           11       573.1    444.5    376.2    366.0    463.1    569.4    629.9    639.0    644.5    661.0             672.0
           12       569.4    437.4    376.2    366.0    466.1    569.4    629.9    639.0    642.7    659.2             672.0
           13       565.8    433.2    378.8    363.5    469.3    569.4    629.9    639.0    644.5    655.5             672.0
           14       562.1    424.7    376.2    363.5    467.7    569.4    629.9    640.9    646.3    653.7    651.8    672.0
           15       558.5    408.0    376.2    364.8    463.0    574.9    633.5    642.7    648.2    650.0    653.7    672.0
           16       554.8    405.0    374.9    367.3    463.0    576.8    637.2    642.7    646.3    650.0    657.3    672.0
           17       551.1    398.3    373.7    371.1    463.0    578.6    637.2    642.7    650.0    646.3    664.7    672.0
           18       547.5    386.5    374.9    376.2    464.0    582.3    640.9    642.7    653.7    646.3    661.0    672.0
           19       543.8    381.3    380.0    376.2    473.9    585.9    642.7    639.0    657.3    642.7    661.0    672.0
           20       540.1    381.3    380.0    380.0    480.2    591.4    644.5    639.0    659.2    642.7    668.3    668.3
           21       536.5    383.9    380.0    382.6    494.3    591.4    640.9    642.7    657.3    642.7    672.0    664.7
           22       532.8    390.5    377.5    382.6    497.4    598.7    639.0    642.7    657.3             679.3    661.0
           23       529.2    398.3    377.5    378.8    503.6    602.4    635.4    640.9    661.0             683.0    657.3
           24       525.5    403.6    378.7    381.3    509.9    606.1    635.4    640.9    662.8             684.8    653.7
           25       522.4    417.6    374.9    382.6    516.1    607.9    635.4    642.7    662.8             695.8    650.0
           26       519.3    417.6    374.9    387.9    516.1    609.7    635.4    646.3    661.0             706.8    646.3
           27       516.1    417.6    372.4    389.2    517.7    611.6    639.0    646.3    655.5             704.9    642.7
           28       513.0    414.7    371.1    394.4    520.8    613.4    639.0    644.5    651.8             704.9    639.0
           29       509.9    414.7    371.1    398.3    522.4    615.2    639.0    642.7    651.8             704.9    635.4
           30       506.8             369.8    406.2    534.7    617.0    639.0    642.7    651.8             704.9    631.7
           31       503.6             368.6             534.7             639.0    640.9                               628.0

MEDIA               556.6    434.3    380.6    374.5    475.4    578.7    633.7    641.0    649.8    653.4 3  679.9 3  668.1
MAXIMA ABSOLUTA     617.0    500.5    417.6    406.2    536.5    620.7    646.3    646.3    664.7    664.7 3  708.6 3  704.9
MINIMA MEDIA        503.6    381.3    368.6    359.7    414.7    536.5    622.5    639.0    640.9    642.7 3  651.8 3  628.0

** DATOS PRELIMINARES **              ***  VALORES  ANUALES  ***                                           ** ORIGENES DE DATO **

                                     MEDIA                 560.500                                         3 : INCOMPLETOS
                                     MAXIMA ABSOLUTA       708.600
                                     MINIMA MEDIA          359.700

                       I D E A M  -  INSTITUTO DE HIDROLOGIA, METEOROLOGIA Y ESTUDIOS AMBIENTALES
                                                                                                              SISTEMA DE INFORMACION
                                    VALORES MEDIOS  DIARIOS DE CAUDALES (M3/Seg)                                NACIONAL AMBIENTAL

    FECHA DE PROCESO :  2019/05/21                    ANO  2009                              ESTACION : 29037450  STA HELENA 2

    LATITUD    1004 N               TIPO EST    LM                   DEPTO      BOLIVAR                 FECHA-INSTALACION   1978-JUN
    LONGITUD   7526 W               ENTIDAD     01  IDEAM            MUNICIPIO  ARJONA                  FECHA-SUSPENSION
    ELEVACION  0003 m.s.n.m         REGIONAL    02  ATLANTICO        CORRIENTE  CANAL DEL DIQUE

************************************************************************************************************************************
          DIA       ENERO *  FEBRE *  MARZO *  ABRIL *  MAYO  *  JUNIO *  JULIO *  AGOST *  SEPTI *  OCTUB *  NOVIE *  DICIE *
************************************************************************************************************************************

           01       628.0    567.6    401.0    364.8    414.7    481.8    491.1    381.3    386.5    334.8    358.4    433.2
           02       633.5    558.5    399.7    364.8    413.3    478.6    491.1    378.7    386.5    330.1    359.7    428.9
           03       633.5    549.3    398.3    364.8    417.6    472.4    489.6    377.5    387.9    323.1    362.2    423.2
           04       626.2    542.0    393.1    368.6    421.8    467.7    488.0    372.4    387.9    313.8    366.0    419.0
           05       620.7    534.7    389.2    369.8    427.5    463.0    488.0    364.8    387.9    304.8    371.1    414.7
           06       615.2    527.3    382.7    372.4    428.9    464.6    486.4    352.3    385.2    302.8    375.0    409.0
           07       609.7    520.8    378.7    376.2    430.3    460.2    486.4    351.1    382.6    319.6    386.5    407.6
           08       606.1    514.6    374.9    381.3    434.6    457.3    491.1    347.6    383.9    313.9    389.2    404.9
           09       602.4    508.3    382.8    381.3    438.9    460.2    489.6    348.8    382.6    315.0    395.7    399.7
           10       598.7    502.1    378.9    383.9    438.9    460.2    489.6    352.3    378.8    309.4    409.0    387.9
           11       595.1    495.8    376.4    394.4    438.9    461.6    489.6    355.9    372.4    302.8    413.3    381.3
           12       593.2    489.6    371.2    389.2    438.9    463.1    488.0    357.1    366.0    297.5    417.6    371.1
           13       589.6    480.2    368.8    390.5    444.5    464.6    484.9    355.9    363.5    294.4    419.0    357.1
           14       585.9    480.2    367.6    393.1    458.7    469.3    481.8    354.7    359.7    293.3    427.5    347.6
           15       582.3    477.1    349.9    395.7    460.2    478.6    478.6    357.1    354.7    299.6    431.8    334.8
           16       578.6    469.3    345.3    401.0    460.2    475.5    478.6    353.4    361.0    307.2    433.2    322.0
           17       574.9    461.6    333.6    403.6    464.6    480.2    469.3    354.6    363.5    315.0    437.4    309.2
           18       573.1    455.9    332.5    404.9    467.7    481.8    460.2    354.6    364.8    322.0    443.1    299.6
           19       569.4    450.2    330.1    406.2    466.1    481.8    454.5    361.0    364.8    325.5    450.2    291.2
           20       567.6    444.5    329.0    409.0    464.6    478.6    446.0    366.0    366.0    327.8    448.8    278.6
           21       565.8    438.9    330.1    413.3    464.6    480.2    443.1    371.1    367.3    327.8    448.8    268.1
           22       562.1    434.6    330.1    411.9    467.7    483.3    438.9    376.2    367.3    338.3    450.2    237.4
           23       562.1    431.8    330.1    411.9    472.4    486.4    437.4    377.5    366.0    336.0    444.5    269.2
           24       554.8    431.8    333.6    413.3    473.9    488.0    440.3    383.9    362.2    340.6    444.5    269.2
           25       585.9    424.7    337.1    413.3    475.5    491.1    436.0    387.9    361.0    343.0    444.5    274.4
           26       580.4    420.4    339.5    410.5    478.6    494.3    433.2    390.5    359.7    343.0    446.0    276.5
           27       576.8    411.9    343.0    410.5    481.8    497.4    424.7    393.1    359.7    345.3    446.0    274.4
           28       582.3    406.2    347.6    410.5    484.9    497.4    413.3    395.7    354.6    351.1    444.5    272.3
           29       574.9             352.3    410.5    488.0    494.3    410.5    393.1    349.9    351.1    440.3    274.4
           30       574.9             358.5    414.7    488.0    494.3    395.7    390.5    343.0    352.3    438.9    279.6
           31       573.1             363.5             484.9             390.5    390.5             353.4             276.5

MEDIA               589.6    479.6    359.6    394.5    454.6    476.9    460.8    369.3    369.2    323.7    418.1    335.2
MAXIMA ABSOLUTA     635.4    569.4    401.0    417.6    491.1    497.4    494.3    398.3    387.9    354.6    454.5    434.6
MINIMA MEDIA        554.8    406.2    329.0    364.8    413.3    457.3    390.5    347.6    343.0    293.3    358.4    237.4

** DATOS PRELIMINARES **              ***  VALORES  ANUALES  ***

                                     MEDIA                 419.258
                                     MAXIMA ABSOLUTA       635.400
                                     MINIMA MEDIA          237.400

                       I D E A M  -  INSTITUTO DE HIDROLOGIA, METEOROLOGIA Y ESTUDIOS AMBIENTALES
                                                                                                              SISTEMA DE INFORMACION
                                    VALORES MEDIOS  DIARIOS DE CAUDALES (M3/Seg)                                NACIONAL AMBIENTAL

    FECHA DE PROCESO :  2019/05/21                    ANO  2010                              ESTACION : 29037450  STA HELENA 2

    LATITUD    1004 N               TIPO EST    LM                   DEPTO      BOLIVAR                 FECHA-INSTALACION   1978-JUN
    LONGITUD   7526 W               ENTIDAD     01  IDEAM            MUNICIPIO  ARJONA                  FECHA-SUSPENSION
    ELEVACION  0003 m.s.n.m         REGIONAL    02  ATLANTICO        CORRIENTE  CANAL DEL DIQUE

************************************************************************************************************************************
          DIA       ENERO *  FEBRE *  MARZO *  ABRIL *  MAYO  *  JUNIO *  JULIO *  AGOST *  SEPTI *  OCTUB *  NOVIE *  DICIE *
************************************************************************************************************************************

           01       271.3    151.2    146.0    157.2    268.5    394.4    547.5    620.7    639.0    639.0    673.8    735.7
           02       272.3    153.2    153.9    160.7    272.4    399.7    564.0    622.5    639.0    640.9    699.4    751.5
           03       272.3    156.5    156.5    164.2    278.6    402.3    562.1    624.4    635.4    642.7    706.8    760.5
           04       267.2    163.8    158.5    167.7    284.9    410.5    562.1    629.9    631.7    651.8    709.0    756.0
           05       255.7    150.1    161.1    165.6    287.0    420.4    564.0    631.7    628.0    657.3    699.4    744.7
           06       242.5    143.8    163.9    164.9    292.3    426.1    565.8    631.7    626.2    661.0    695.8    728.9
           07       230.6    142.5    156.0    166.7    298.5    427.5    565.8    631.7    624.4    675.6    697.6    707.2
           08       215.0    140.5    155.9    164.5    308.0    428.9    567.6    633.5    626.2    683.0    703.1    692.1
           09       199.9    132.3    161.4    168.0    319.7    433.2    569.4    639.0    628.0    681.1    699.4    681.1
           10       187.2    133.5    159.2    171.6    325.5    438.9    573.1    639.0    628.0    677.5    694.0    677.5
           11       178.8    131.8    159.2    178.9    331.3    443.1    576.8    640.9    628.0    672.0    688.5    677.5
           12       173.7    134.1    161.8    181.9    334.8    446.0    580.4    642.7    629.9    673.8    683.0    684.8
           13       165.9    134.7    162.5    191.0    340.6    454.5    584.1    644.5    628.0    670.1    690.3    699.4
           14       162.6    135.8    163.8    203.3    346.4    455.9    585.9    646.3    628.0    670.1    706.8    756.0
           15       169.6    138.1    161.8    206.6    352.4    461.6    589.6    646.3    626.2    670.1    726.7    823.8
           16       173.7    141.3    163.1    215.0    356.0    467.7    591.4    650.0    633.5    666.5    728.9    878.0
           17       172.3    143.3    164.6    226.0    362.2    472.4    595.1    653.7    637.2    668.3    731.2    909.6
           18       168.1    146.0    161.2    235.1    368.6    475.5    596.9    661.0    633.5    670.1    699.4    934.4
           19       165.2    148.6    166.1    239.7    374.9    473.9    595.1    662.8    633.5    670.1    692.1    948.1 8
           20       165.8    150.6    166.9    244.4    371.1    502.1    596.9    655.5    633.5    668.3    690.3    961.9 8
           21       163.9    150.9    169.9    249.1    369.8    506.8    600.6    650.0    635.4    664.7    684.8    961.9 8
           22       168.7    153.2    169.9    251.0    368.6    511.4    602.4    646.3    637.2    664.7    684.8    970.1 8
           23       164.1    160.3    176.9    252.8    369.8    513.0    604.2    642.7    639.0    664.7    684.8    964.6 8
           24       157.8    153.3    181.4    255.7    369.8    511.4    606.1    642.7    639.0    679.3    686.6    956.4 8
           25       160.1    141.3    179.1    257.5    371.1    523.9    606.1    642.7    639.0    681.1    690.3    956.4 8
           26       154.7    141.8    175.2    261.3    369.8    531.0    606.1    639.0    639.0    681.1    694.0    950.9 8
           27       143.3    142.2    173.0    261.3    372.4    540.1    606.1    640.9    640.9    679.3    695.8    945.4 8
           28       142.0    135.8    170.9    258.5    374.9    545.6    609.7    642.7    640.9    677.5    704.9    932.1
           29       144.6             165.3    260.4    381.3    547.5    613.4    642.7    639.0    675.6    715.4    923.1
           30       137.3             158.5    265.4    386.5    547.5    613.4    640.9    639.0    672.0    722.1    914.1
           31       135.8             156.5             390.5             617.0    639.0             672.0             905.0

MEDIA               186.5    144.7    163.9    211.5    341.9    470.4    587.7    641.2    633.5    668.4    699.3    835.1 8
MAXIMA ABSOLUTA     278.6    181.0    194.9    272.3    393.1    547.5    617.0    664.7    642.7    683.0    740.2    972.8 8
MINIMA MEDIA        135.8    131.8    146.0    157.2    268.5    394.4    547.5    620.7    624.4    639.0    673.8    677.5

** DATOS PRELIMINARES **              ***  VALORES  ANUALES  ***                                           ** ORIGENES DE DATO **

                                     MEDIA                 465.342                                         8 : EST.  OTROS METODOS
                                     MAXIMA ABSOLUTA       972.800
                                     MINIMA MEDIA          131.800

                       I D E A M  -  INSTITUTO DE HIDROLOGIA, METEOROLOGIA Y ESTUDIOS AMBIENTALES
                                                                                                              SISTEMA DE INFORMACION
                                    VALORES MEDIOS  DIARIOS DE CAUDALES (M3/Seg)                                NACIONAL AMBIENTAL

    FECHA DE PROCESO :  2019/05/21                    ANO  2011                              ESTACION : 29037450  STA HELENA 2

    LATITUD    1004 N               TIPO EST    LM                   DEPTO      BOLIVAR                 FECHA-INSTALACION   1978-JUN
    LONGITUD   7526 W               ENTIDAD     01  IDEAM            MUNICIPIO  ARJONA                  FECHA-SUSPENSION
    ELEVACION  0003 m.s.n.m         REGIONAL    02  ATLANTICO        CORRIENTE  CANAL DEL DIQUE

************************************************************************************************************************************
          DIA       ENERO *  FEBRE *  MARZO *  ABRIL *  MAYO  *  JUNIO *  JULIO *  AGOST *  SEPTI *  OCTUB *  NOVIE *  DICIE *
************************************************************************************************************************************

           01       896.0    556.6    333.6    340.6    514.6    635.4    589.6    511.4    455.9    423.2    511.4    565.8
           02       884.7    549.3    333.6    341.8    522.4    635.4    587.8    511.4    461.7    419.0    509.9    580.4
           03       875.7    542.0    332.5    341.8    527.3    639.0    585.9    509.9    461.7    417.6    508.3    585.9
           04       866.7    534.7    330.1    344.1    536.5    644.5    582.3    509.9    460.2    419.0    506.8    587.8
           05       850.9    522.4    337.1    343.0    542.0    646.3    578.6    508.3    457.3    417.6    508.3    584.1
           06       839.6    509.9    334.8    344.1    551.1    646.3    573.1    508.3    454.5    416.1    506.8    584.1
           07       828.3    497.4    340.6    347.6    558.5    644.5    574.9    506.8    448.8    414.7    506.8    584.1
           08       817.0    484.9    344.1    349.9    565.8    642.7    571.3    503.6    446.0    414.7    509.9    587.8
           09       803.4    469.3    341.8    354.8    573.1    639.0    567.6    500.5    446.0    421.8    513.0    591.4
           10       789.9    460.2    341.8    357.1    582.3    639.0    562.1    497.4    446.0    423.2    514.6    595.1
           11       776.3    448.8    343.0    362.2    589.6    633.5    558.5    497.4    443.1             514.6    598.7
           12       756.0    437.4    339.5    363.5    595.1    631.7    556.6    502.1    440.3             516.1    598.7
           13       742.5    427.5    339.5    366.0    602.4    631.7    553.0    502.1    437.4             519.3    606.1
           14       733.4    419.0    338.3    369.8    617.0    629.9    551.1    498.9    434.6             519.3    607.9
           15       724.4    414.7    336.0    371.1    620.7    628.0    547.5    495.8    428.9             523.9    611.6
           16       715.4             337.1    376.2    615.2    626.2    549.3    492.7    427.5             523.9    618.9
           17       703.1             337.1    382.6    613.4    628.0    542.0    489.6    430.3             540.1    626.2
           18       692.1    394.4    337.1    387.9    613.4    626.2    540.1    486.4    426.1             549.3    628.0
           19       681.1    393.1    338.3    393.1    613.4    622.5    540.1    483.3    423.2             554.8    628.0
           20       670.1    382.6    336.0    402.3    615.2    620.7    536.5    480.2    421.8             553.0    628.0
           21       659.2    382.6    333.6    417.6    615.2    618.9    532.8    477.1    420.4    523.9    551.1    629.9
           22       648.2    377.5    331.3    427.5    617.0    617.0    529.2    473.9    421.8    514.6    549.3    631.7
           23       637.2    367.3    331.3    436.0    620.7    617.0    525.5    470.8    419.0    508.3    549.3    631.7
           24       626.2    362.2    332.5    447.4    620.7    613.4    522.4    467.7    419.0    505.2    547.5    631.7
           25       615.2    358.5    331.3    457.3    624.4    613.4    519.3    464.6    419.0    503.6    549.3    633.5
           26       604.2    351.1    334.8    467.7    624.4    618.9    519.3    466.1    419.0    506.8    553.0    631.7
           27       596.9    339.5    336.0    478.6    628.0    615.2    516.1    472.4    420.4    505.2    556.6    631.7
           28       589.6    339.5    337.1    488.0    628.0    609.7    516.1    466.1    420.4    506.8    558.5    631.7
           29       582.3             338.3    497.4    631.7    604.2    513.0    463.0    421.8    506.8    564.0    628.0
           30       574.9             338.3    506.8    631.7    595.1    513.0    461.6    423.2    513.0    565.8    628.0
           31       567.6             338.3             635.4             511.4    463.0             514.6             628.0

MEDIA               720.9    435.5 3  336.6    395.5    595.0    627.1    547.3    488.5    435.2    466.5 3  531.8    610.8
MAXIMA ABSOLUTA     898.3    558.5 3  347.6    509.9    635.4    646.3    591.4    513.0    466.1    525.5 3  565.8    635.4
MINIMA MEDIA        567.6    339.5 3  330.1    340.6    514.6    595.1    511.4    461.6    419.0    414.7 3  506.8    565.8

** DATOS PRELIMINARES **              ***  VALORES  ANUALES  ***                                           ** ORIGENES DE DATO **

                                     MEDIA                 515.892                                         3 : INCOMPLETOS
                                     MAXIMA ABSOLUTA       898.300
                                     MINIMA MEDIA          330.100

                       I D E A M  -  INSTITUTO DE HIDROLOGIA, METEOROLOGIA Y ESTUDIOS AMBIENTALES
                                                                                                              SISTEMA DE INFORMACION
                                    VALORES MEDIOS  DIARIOS DE CAUDALES (M3/Seg)                                NACIONAL AMBIENTAL

    FECHA DE PROCESO :  2019/05/21                    ANO  2012                              ESTACION : 29037450  STA HELENA 2

    LATITUD    1004 N               TIPO EST    LM                   DEPTO      BOLIVAR                 FECHA-INSTALACION   1978-JUN
    LONGITUD   7526 W               ENTIDAD     01  IDEAM            MUNICIPIO  ARJONA                  FECHA-SUSPENSION
    ELEVACION  0003 m.s.n.m         REGIONAL    02  ATLANTICO        CORRIENTE  CANAL DEL DIQUE

************************************************************************************************************************************
          DIA       ENERO *  FEBRE *  MARZO *  ABRIL *  MAYO  *  JUNIO *  JULIO *  AGOST *  SEPTI *  OCTUB *  NOVIE *  DICIE *
************************************************************************************************************************************

           01       631.7    481.8    278.6    224.3    330.1    455.9    363.5    263.2    334.8    290.2    361.0    385.2
           02       629.9    475.5    270.2    226.7    327.8    457.3    361.0    262.2    334.8    294.3    364.8    382.6
           03       629.9    469.3    266.3    227.7    332.5    455.9    363.5    266.1    334.8    291.2    364.8    383.9
           04       628.0    460.2    259.4    227.7    337.1    464.6    353.5    272.3    336.0    289.1    369.8    382.6
           05       626.2    454.5    252.8    229.4    345.3    467.7    346.4    271.3    333.6    288.0    373.6    382.6
           06       626.2    450.2    241.6    233.1    358.4    461.7    346.4    273.4    331.3    289.1    376.2    383.9
           07       620.7    446.0    230.3    240.6    366.0    457.3    346.4    272.3    331.3    289.1    376.2    383.9
           08       620.7    441.7    222.5    244.4    381.3    454.5    343.0    281.8    330.1    290.1    383.9    378.7
           09       615.2    437.4    214.2    250.0    389.2    451.6    337.1    281.8    331.3    289.1    380.0    378.7
           10       611.6    431.8    220.0    253.8    404.9    448.8    333.6    280.7    329.0    299.6    377.5    366.0
           11       607.9    426.1    210.0    258.5    421.8    443.1    329.0    284.9    330.1    299.6    376.2    362.2
           12       604.2    420.4    214.2    259.5    428.9    440.3    329.0    286.0    327.8    304.8    376.2    358.4
           13       600.6    416.1    210.8    261.4    434.6    443.1    318.5    283.9    325.5    307.1    376.2    357.1
           14       595.1    409.2    207.5    265.2    440.3    440.3    313.8    277.5    318.5    307.1    374.9    349.9
           15       589.6    401.0    206.6    267.0    444.5    437.4    310.3    279.7    315.0    304.9    377.5    348.8
           16       584.1    395.7    201.6    270.2    447.4    433.2    307.0    283.8    312.7    313.8    376.2    351.1
           17       580.4    386.5    198.3    271.3    450.2    430.3    304.8    287.0    315.0    323.1    377.5    346.4
           18       576.8    391.8    197.4    274.4    453.1    421.8    303.8    291.2    308.1    326.6    377.5    341.8
           19       569.4    373.6    195.7    279.7    455.9    414.7    305.9    290.1    305.0    326.6    376.2    338.3
           20       562.1    363.5    200.8    287.0    469.3    413.3    297.5    305.1    301.8    330.1    378.8    331.3
           21       553.0    361.0    194.9    294.3    469.3    413.3    294.3    307.3    299.7    331.3    382.6    313.8
           22       545.6    354.6    194.1    303.8    473.9    407.6    296.5    307.3    298.5    338.3    383.9    318.5
           23       536.5    347.6    192.6    311.5    475.5    404.9    297.5    310.4    297.5    343.0    382.6    316.2
           24       532.8    340.6    193.4    318.5    478.6    399.8    292.3    310.3    292.3    344.1    382.6    318.5
           25       529.2    331.3    193.4    324.3    478.6    394.4    291.2    313.8    291.2    346.4    385.2    318.5
           26       525.5    320.8    196.8    327.8    481.8    391.8    284.9    319.6    291.2    345.3    383.9    301.7
           27       520.8    313.8    203.3    329.0    484.9    389.2    286.0    317.3    292.3    347.6    385.2    293.3
           28       514.6    292.3    207.5    329.0    486.4    385.2    273.3    318.5    294.3    347.6    385.2    289.1
           29       506.8    284.9    210.0    331.3    473.9    376.2    268.1    320.8    296.5    348.8    385.2    286.0
           30       498.9             220.0    332.5    469.3    366.0    261.3    327.8    294.3    358.4    383.9    274.4
           31       489.6             220.0             461.6             261.3    332.5             358.5             272.3

MEDIA               576.2    395.8    216.9    275.1    427.5    427.4    313.6    292.9    314.5    318.2    377.8    341.8
MAXIMA ABSOLUTA     631.7    488.0    280.7    333.6    488.0    469.3    364.8    333.6    338.3    364.8    387.9    387.9
MINIMA MEDIA        489.6    284.9    192.6    224.3    327.8    366.0    261.3    262.2    291.2    288.0    361.0    272.3

** DATOS PRELIMINARES **              ***  VALORES  ANUALES  ***

                                     MEDIA                 356.475
                                     MAXIMA ABSOLUTA       631.700
                                     MINIMA MEDIA          192.600

                       I D E A M  -  INSTITUTO DE HIDROLOGIA, METEOROLOGIA Y ESTUDIOS AMBIENTALES
                                                                                                              SISTEMA DE INFORMACION
                                    VALORES MEDIOS  DIARIOS DE CAUDALES (M3/Seg)                                NACIONAL AMBIENTAL

    FECHA DE PROCESO :  2019/05/21                    ANO  2013                              ESTACION : 29037450  STA HELENA 2

    LATITUD    1004 N               TIPO EST    LM                   DEPTO      BOLIVAR                 FECHA-INSTALACION   1978-JUN
    LONGITUD   7526 W               ENTIDAD     01  IDEAM            MUNICIPIO  ARJONA                  FECHA-SUSPENSION
    ELEVACION  0003 m.s.n.m         REGIONAL    02  ATLANTICO        CORRIENTE  CANAL DEL DIQUE

************************************************************************************************************************************
          DIA       ENERO *  FEBRE *  MARZO *  ABRIL *  MAYO  *  JUNIO *  JULIO *  AGOST *  SEPTI *  OCTUB *  NOVIE *  DICIE *
************************************************************************************************************************************

           01       264.1    171.6    173.7    190.5    210.0    340.6    351.2    262.2    323.1    381.3    414.7    420.4
           02       260.4    175.3    175.2    192.1    216.7    337.1    349.9    254.7    325.5    387.9    416.1    420.4
           03       254.7    168.8    175.3    189.7    219.2    337.1    344.1    254.7    327.8    391.8    416.1    420.4
           04       248.1    168.7    174.6    189.6    217.5    339.5    343.0    254.7    331.3    394.4    419.0    419.0
           05       240.6    159.2    175.4    186.4    215.0    340.6    343.0    254.7    334.8    398.3    421.8    420.4
           06       237.8    160.7    174.1    184.9    217.5    343.0    343.0    255.7    338.3    399.7    424.7    421.8
           07       235.9    152.6    172.3    184.1    224.2    343.0    339.5    255.7    341.8    398.3    427.5    423.2
           08       224.6    151.2    173.0    182.6    235.0    341.8    340.6    253.8    345.3    398.3    430.3    426.1
           09       210.0    147.9    176.6    181.1    245.3    343.0    339.5    255.7    348.9    399.7    433.2    423.2
           10       209.1    149.3    170.9    180.3    254.7    344.1    338.3    253.8    352.3    399.7    436.0    421.8
           11       186.4    148.6    171.6    178.1    261.3    347.6    340.6    256.6    361.0    401.1    438.9    421.8
           12       180.3    151.2    173.7    176.6    268.3    351.1    339.5    258.5    363.5    402.4    440.3    419.0
           13       179.0    151.9    175.2    178.1    270.2    354.6    339.5    239.7    361.0    399.7    440.3    416.1
           14       176.6    157.8    177.3    178.2    278.6    357.1    337.1    247.2    363.5    391.8    441.7    414.7
           15       175.2    167.4    177.4    179.0    277.5    361.0    334.8    251.0    368.6    394.4    441.7    413.3
           16       171.6    178.1    172.3    179.8    274.4    363.5    336.0    259.4    363.5    399.7    441.7    411.9
           17       170.1    179.5    173.7    179.0    279.6    362.2    339.5    263.2    362.2    409.0    441.7    411.9
           18       164.0    170.9    175.9    178.2    282.8    363.5    319.6    267.0    363.5    420.4    437.4    411.9
           19       161.2    169.5    181.0    175.2    290.2    366.0    309.2    275.5    371.1    417.6    426.1    409.0
           20       161.9    166.5    184.1    171.6    293.3    369.8    300.6    279.7    372.4    417.6    427.5    410.5
           21       162.6    162.5    185.8    172.3    293.3    357.1    297.5    283.8    371.1    417.6    417.6    411.9
           22       168.7    163.1    186.4    170.9    299.6    357.1    292.3    288.0    372.4    414.7    420.4    406.2
           23       155.9    163.8    179.5    169.4    306.0    351.1    291.2    287.0    369.8    411.9    423.2    406.3
           24       153.2    164.4    182.6    170.9    301.7    348.8    293.3    293.3    372.4    413.3    420.4    403.6
           25       153.2    166.5    176.8    172.3    308.1    352.3    293.3    294.4    368.6    413.3    420.4    401.0
           26       153.9    167.3    179.0    181.8    305.9    348.8    284.9    297.5    371.1    411.9    420.4    398.3
           27       155.9    168.7    180.4    182.6    319.6    354.7    277.5    302.8    372.4    409.0    420.4    395.7
           28       161.1    172.3    181.1    191.0    317.3    354.6    280.7    305.0    374.9    410.5    419.0    394.4
           29       162.5             183.4    202.5    333.6    355.9    272.3    309.3    372.4    410.5    420.4    394.4
           30       160.5             192.6    212.5    336.0    357.4    267.3    313.8    376.2    411.9    420.4    389.2
           31       155.2             187.2             340.6             262.2    318.5             411.9             386.5

MEDIA               188.9    163.4    178.0    182.0    274.0    351.5    317.4    272.5    358.0    404.5    427.3    411.1
MAXIMA ABSOLUTA     264.1    185.7    194.9    213.3    340.6    372.4    357.1    319.6    377.5    423.2    446.0    426.1
MINIMA MEDIA        153.2    147.9    170.9    169.4    210.0    337.1    262.2    239.7    323.1    381.3    414.7    386.5

** DATOS PRELIMINARES **              ***  VALORES  ANUALES  ***

                                     MEDIA                 294.050
                                     MAXIMA ABSOLUTA       446.000
                                     MINIMA MEDIA          147.900

                       I D E A M  -  INSTITUTO DE HIDROLOGIA, METEOROLOGIA Y ESTUDIOS AMBIENTALES
                                                                                                              SISTEMA DE INFORMACION
                                    VALORES MEDIOS  DIARIOS DE CAUDALES (M3/Seg)                                NACIONAL AMBIENTAL

    FECHA DE PROCESO :  2019/05/21                    ANO  2014                              ESTACION : 29037450  STA HELENA 2

    LATITUD    1004 N               TIPO EST    LM                   DEPTO      BOLIVAR                 FECHA-INSTALACION   1978-JUN
    LONGITUD   7526 W               ENTIDAD     01  IDEAM            MUNICIPIO  ARJONA                  FECHA-SUSPENSION
    ELEVACION  0003 m.s.n.m         REGIONAL    02  ATLANTICO        CORRIENTE  CANAL DEL DIQUE

************************************************************************************************************************************
          DIA       ENERO *  FEBRE *  MARZO *  ABRIL *  MAYO  *  JUNIO *  JULIO *  AGOST *  SEPTI *  OCTUB *  NOVIE *  DICIE *
************************************************************************************************************************************

           01       444.0    227.0    192.5    209.1    250.5    373.4    354.1    223.0    303.8    376.1    468.5    532.9
           02       439.1    225.0    196.0    209.3    258.8    377.5    351.6    222.0    303.8    376.1    468.4    529.5
           03       432.6    217.0    198.6    206.8    271.3    383.0    350.0    224.0    315.0    369.3    461.9    531.2
           04       434.3    216.0    201.3    206.0    271.3    377.5    343.8    210.3    315.0    365.1    457.0    527.8
           05       429.4    215.0    203.9    202.3    286.3    377.5    338.8    217.6    315.0    365.1    458.6    524.4
           06       422.9    211.3    207.4    202.3    300.0    377.5    336.3    216.9    301.3    362.4    457.0    526.1
           07       416.4    210.1    213.0    196.0    302.5    370.6    330.0    199.5    303.8    363.8    458.6    526.1
           08       398.1    206.6    216.0    193.4    310.0    373.4    326.3    194.3    301.3    373.4    463.6    527.8
           09       387.1    203.9    214.0    188.1    310.0    370.6    318.8    193.4    301.3    372.0    466.8    526.1
           10       373.4    201.3    212.0    183.8    317.5    369.3    308.8    198.6    296.3    377.5    465.1    524.4
           11       363.8    197.8    215.0    182.0    320.0    369.3    303.8    194.3    296.3    387.1    476.8    524.4
           12       358.3    196.0    219.0    180.3    321.3    369.3    297.5    222.0    291.3    389.9    483.6    527.8
           13       347.5    195.1    225.0    179.4    330.0    366.5    287.5    231.0    288.8    397.0    495.5    526.1
           14       342.5    196.9    228.0    179.4    343.8    366.5    282.5    234.0    278.8    410.1    502.3    529.5
           15       328.8    197.8    230.0    178.5    352.8    369.3    283.8    230.0    260.0    413.1    509.1    532.9
           16       338.8    192.5    226.0    179.5    359.6    383.0    278.8    241.0    256.3    418.0    510.8    532.9
           17       340.0    193.4    228.0    184.6    366.5    377.5    268.8    236.0    266.3    422.9    509.1    532.9
           18       330.0    191.6    226.0    184.0    366.5    378.9    263.8    233.0    281.3    427.8    509.1    531.2
           19       326.3    190.8    224.0    189.0    367.9    374.8    255.3    230.0    296.3    434.3    510.8    529.5
           20       323.8    189.0    226.0    191.6    367.9    370.6    247.0    232.0    306.3    435.9    507.4    522.7
           21       320.0    189.0    227.0    193.4    367.9    372.0    249.5    228.0    317.5    437.5    510.8    521.0
           22       312.5    188.1    225.0    194.3    380.3    367.9    244.0    228.0    327.5    437.5    512.5    519.3
           23       291.3    187.3    224.0    198.6    377.5    365.1    241.0    235.0    336.3    440.8    521.0    515.9
           24       268.8    182.0    223.0    198.6    374.8    359.6    237.0    237.0    342.5    442.4    524.4    515.9
           25       268.8    182.0    225.0    196.9    374.8    358.3    234.0    236.0    350.1    444.0    522.7    519.3
           26       256.3    183.8    226.0    203.9    376.1    358.3    229.0    246.0    361.0    445.6    527.8    515.9
           27       249.0    185.5    221.0    212.0    378.9    356.9    229.0    244.0    370.6    452.1    534.6    512.5
           28       248.0    185.5    215.4    221.0    373.4    356.9    232.0    261.3    370.6    458.6    534.6    507.4
           29       241.0             211.5    233.0    374.8    356.9    227.0    270.0    370.6    457.0    538.4    517.6
           30       235.0             205.0    240.0    389.9    351.6    221.0    281.3    370.6    455.4    536.3    509.1
           31       231.0             209.3             380.3             226.0    292.5             458.6             502.3

MEDIA               338.7    198.5    216.6    197.2    339.4    369.3    280.5    230.4    313.2    411.8    496.8    523.3
MAXIMA ABSOLUTA     447.3    232.0    236.0    248.0    394.0    388.5    358.3    297.5    374.8    466.8    542.3    534.6
MINIMA MEDIA        231.0    182.0    192.5    178.5    250.5    351.6    221.0    193.4    256.3    362.4    457.0    502.3

** DATOS PRELIMINARES **              ***  VALORES  ANUALES  ***

                                     MEDIA                 326.308
                                     MAXIMA ABSOLUTA       542.300
                                     MINIMA MEDIA          178.500

                       I D E A M  -  INSTITUTO DE HIDROLOGIA, METEOROLOGIA Y ESTUDIOS AMBIENTALES
                                                                                                              SISTEMA DE INFORMACION
                                    VALORES MEDIOS  DIARIOS DE CAUDALES (M3/Seg)                                NACIONAL AMBIENTAL

    FECHA DE PROCESO :  2019/05/21                    ANO  2015                              ESTACION : 29037450  STA HELENA 2

    LATITUD    1004 N               TIPO EST    LM                   DEPTO      BOLIVAR                 FECHA-INSTALACION   1978-JUN
    LONGITUD   7526 W               ENTIDAD     01  IDEAM            MUNICIPIO  ARJONA                  FECHA-SUSPENSION
    ELEVACION  0003 m.s.n.m         REGIONAL    02  ATLANTICO        CORRIENTE  CANAL DEL DIQUE

************************************************************************************************************************************
          DIA       ENERO *  FEBRE *  MARZO *  ABRIL *  MAYO  *  JUNIO *  JULIO *  AGOST *  SEPTI *  OCTUB *  NOVIE *  DICIE *
************************************************************************************************************************************

           01       485.3    220.0    194.3    203.0    303.8    306.3    265.0    256.3    258.8    228.0    283.8    348.8
           02       460.3    218.0    178.5    203.9    306.3    313.8    260.0    256.3    263.8    224.1    281.3    356.9
           03       448.9    223.0    173.0    206.5    303.8    321.3    261.3    253.8    271.3    218.4    280.0    358.3
           04       426.1    214.1    173.0    216.0    302.5    337.5    258.8    250.0    271.3    211.3    281.3    352.8
           05       409.9    208.5    174.5    222.0    301.3    338.8    258.8    249.5    262.5    207.1    286.3    354.1
           06       394.0    211.4    174.6    228.0    301.3    335.0    257.8    246.5    254.3    207.1    291.3    336.3
           07       380.3    216.0    173.6    234.0    300.0    340.0    250.0    244.5    250.8    214.8    296.3    333.8
           08       355.5    215.0    172.8    238.0    300.0    340.0    238.0    231.0    249.8    199.5    313.8    322.5
           09       338.8    211.0    175.1    242.0    306.3    350.1    230.0    221.0    252.5    198.6    320.0    318.8
           10       325.0    210.3    177.6    244.0    301.3    352.8    220.0    220.0    240.0    200.4    328.8    302.5
           11       306.3    214.0    186.4    247.0    301.3    352.8    218.0    216.0    241.0    203.0    332.5    293.8
           12       293.8    220.0    188.1    255.0    293.8    352.8    212.0    218.0    253.3    207.8    337.5    281.3
           13       282.5    225.0    191.6    256.3    286.3    346.3    210.0    221.0    243.0    207.8    341.4    277.5
           14       272.5    226.0    194.3    255.0    277.5    346.3    209.1    224.0    247.5    225.0    346.8    257.5
           15       262.5    220.0    193.5    256.3    270.0    346.3    206.5    228.0    244.0    221.1    346.6    255.0
           16       250.5    223.0    180.5    250.5    255.3    347.5    204.8    226.0    242.0    225.0    347.9    258.0
           17       240.0    223.0    172.8    252.5    242.0    350.4    206.6    231.0    236.0    234.3    350.6    254.5
           18       226.0    225.0    169.8    248.3    242.0    343.8    212.0    229.0    241.3    240.5    355.6    245.0
           19       223.0    227.0    167.5    245.0    246.3    343.8    223.0    227.0    235.0    252.5    342.5    239.0
           20       221.0    236.0    168.3    265.0    253.3    341.3    225.0    230.0    233.0    261.5    342.5    241.0
           21       222.0    242.0    166.0    267.5    261.3    341.3    234.0    227.0    228.0    266.3    343.8    228.0
           22       222.0    238.0    171.3    273.8    273.8    338.8    242.0    223.0    231.0    267.5    343.8    220.0
           23       221.0    230.0    189.9    283.8    275.0    328.8    246.0    222.1    225.0    255.0    338.8    216.0
           24       231.0    229.0    196.9    285.0    280.0    318.8    255.3    224.0    229.0    266.3    340.0    212.0
           25       234.0    225.0    196.9    288.8    281.3    316.3    268.8    225.0    223.0    266.3    338.8    209.6
           26       238.0    219.0    197.8    297.5    278.8    305.0    266.3    226.0    228.0    263.8    340.0    206.1
           27       241.0    208.8    213.0    298.8    286.3    292.5    265.0    237.0    230.0    266.3    342.5    196.9
           28       240.0    200.4    219.1    300.0    285.0    271.3    265.0    239.0    232.0    267.5    342.5    199.6
           29       243.0             209.5    303.8    288.8    277.5    263.8    245.0    228.0    270.0    341.3    198.6
           30       233.0             208.5    306.3    295.0    268.8    267.5    245.3    228.0    275.0    347.5    196.0
           31       228.0             208.3             300.0             254.3    247.3             282.5             185.5

MEDIA               295.3    220.7    185.7    255.8    283.8    328.8    240.5    233.5    242.4    236.6    327.5    266.3
MAXIMA ABSOLUTA     500.6    242.0    230.0    307.5    320.0    358.3    275.0    262.5    287.5    300.0    363.8    363.8
MINIMA MEDIA        221.0    200.4    166.0    203.0    242.0    268.8    204.8    216.0    223.0    198.6    280.0    185.5

** DATOS PRELIMINARES **              ***  VALORES  ANUALES  ***

                                     MEDIA                 259.742
                                     MAXIMA ABSOLUTA       500.600
                                     MINIMA MEDIA          166.000

                       I D E A M  -  INSTITUTO DE HIDROLOGIA, METEOROLOGIA Y ESTUDIOS AMBIENTALES
                                                                                                              SISTEMA DE INFORMACION
                                    TRANSPORTE DIARIO DE MATERIALES EN SUSPENSION  (K.TON/DIA)                  NACIONAL AMBIENTAL

    FECHA DE PROCESO :  2019/05/21                    ANO  1984                              ESTACION : 29037450  STA HELENA 2

    LATITUD    1004 N               TIPO EST    LM                   DEPTO      BOLIVAR                 FECHA-INSTALACION   1978-JUN
    LONGITUD   7526 W               ENTIDAD     01  IDEAM            MUNICIPIO  ARJONA                  FECHA-SUSPENSION
    ELEVACION  0003 m.s.n.m         REGIONAL    02  ATLANTICO        CORRIENTE  CANAL DEL DIQUE

************************************************************************************************************************************
          DIA       ENERO *  FEBRE *  MARZO *  ABRIL *  MAYO  *  JUNIO *  JULIO *  AGOST *  SEPTI *  OCTUB *  NOVIE *  DICIE *
************************************************************************************************************************************

           01                          8.89     5.22     6.22     11.2     14.4     17.1     17.3     16.7     20.5     25.9
           02                          8.89     5.16     6.37     11.5     14.4     17.1     17.2     16.9     20.4     25.9
           03                          8.89     5.28     7.09     11.2     14.4     17.1     17.3     16.9     20.4     26.5
           04                          9.00     5.37     7.26     11.7     14.3     17.1     17.2     16.9     20.7     26.5
           05                          8.89     5.22     7.82     11.9     14.6     17.1     17.1     16.9     20.7     26.8
           06                          8.86     5.63     8.82     12.1     14.6     17.1     16.9     17.3     20.7     27.1
           07                          9.08     5.71     8.59     12.2     14.6     17.1     16.8     17.3     20.7     27.7
           08                          9.08     5.91     8.74     12.2     14.6     16.9     16.6     17.6     20.4     27.7
           09                 9.41     9.08     5.91     8.89     12.3     14.7     16.9     16.5     17.6     20.7     27.7
           10                 9.52     9.00     5.68     8.82     12.4     14.7     17.3     16.5     17.8     21.0     27.1
           11                 9.67     8.82     5.91     8.93     12.5     14.9     17.3     16.5     17.8     21.0     26.5
           12                 9.67     8.82     5.99     8.97     12.6     15.0     17.3     16.5     17.8     21.0     26.2
           13                 9.74     8.82     5.93     8.97     12.6     14.9     17.2     16.5     18.0     21.0     25.3
           14                 9.82     8.78     6.02     8.97     12.8     15.0     17.1     16.5     18.0     21.0     24.4
           15                 9.67     8.52     5.93     9.04     12.9     15.2     17.1     16.7     18.0     20.8     24.1
           16                 9.71     7.92     5.88     9.19     13.0     15.0     17.1     16.7     18.3     20.7     23.5
           17                 9.67     7.56     5.83     9.37     13.1     15.0     17.1     16.5     18.4     20.7     23.1
           18                 9.67     7.16     5.81     9.52     13.2     15.3     17.0     16.5     18.4     20.7     22.2
           19                 9.63     7.06     5.86     9.63     13.3     15.3     16.9     16.4     18.4     20.7     21.6
           20                 9.60     7.06     5.96     9.78     13.5     15.5     16.9     16.2     18.4     21.0     21.3
           21                 9.52     6.70     5.99     9.85     13.6     15.7     16.9     16.2     18.4     21.3     21.0
           22                 9.34     6.01     5.89     9.93     13.6     15.7     16.5     16.2     18.9     21.6     20.7
           23                 9.26     5.97     6.19     9.96     13.8     15.7     16.7     16.2     19.0     22.5     20.4
           24                 8.97     5.71     6.31     10.1     13.8     16.0     16.6     16.2     19.2     23.1     20.1
           25                 8.74     5.55     6.31     10.1     14.0     16.2     16.7     16.2     18.9     22.8     19.6
           26                 9.00     5.40     6.19     10.1     14.1     16.2     16.7     16.2     18.9     22.8     19.5
           27                 8.93     5.37     6.22     10.6     14.1     16.5     16.8     16.4     18.9     23.8     19.3
           28                 8.97     5.32     6.28     10.7     14.3     16.7     17.3     16.4     18.9     24.7     19.0
           29                 8.89     5.26     6.22     10.8     14.4     16.8     17.3     16.5     19.5     25.0     18.9
           30                 .000     5.32     6.37     11.6     14.4     16.8     17.2     16.5     20.1     25.9     18.6
           31                 .000     5.28     .000     11.2     .000     17.0     17.2     .000     20.4     .000     18.5

MEDIA               13.84 6  9.400 3  7.486    5.873    9.224    12.94    15.35    17.02    16.58    18.21    21.61    23.31
TOTAL                        197.4 3  232.1    176.2    285.9    388.3    475.7    527.7    497.4    564.5    648.3    722.7
MAXIMA                       9.820 3  9.080    6.370    11.60    14.40    17.00    17.30    17.30    20.40    25.90    27.70

                                      ***  VALORES  ANUALES  ***                                           ** ORIGENES DE DATO **

                                     MEDIA                  14.237                                         3 : INCOMPLETOS
                                     TOTAL                4716.200                                         6 : EST.  REGRESION
                                     MAXIMA                 27.700

                       I D E A M  -  INSTITUTO DE HIDROLOGIA, METEOROLOGIA Y ESTUDIOS AMBIENTALES
                                                                                                              SISTEMA DE INFORMACION
                                    TRANSPORTE DIARIO DE MATERIALES EN SUSPENSION  (K.TON/DIA)                  NACIONAL AMBIENTAL

    FECHA DE PROCESO :  2019/05/21                    ANO  1985                              ESTACION : 29037450  STA HELENA 2

    LATITUD    1004 N               TIPO EST    LM                   DEPTO      BOLIVAR                 FECHA-INSTALACION   1978-JUN
    LONGITUD   7526 W               ENTIDAD     01  IDEAM            MUNICIPIO  ARJONA                  FECHA-SUSPENSION
    ELEVACION  0003 m.s.n.m         REGIONAL    02  ATLANTICO        CORRIENTE  CANAL DEL DIQUE

************************************************************************************************************************************
          DIA       ENERO *  FEBRE *  MARZO *  ABRIL *  MAYO  *  JUNIO *  JULIO *  AGOST *  SEPTI *  OCTUB *  NOVIE *  DICIE *
************************************************************************************************************************************

           01       19.47    13.45    7.146    5.870    7.750    10.57    10.11    9.750    12.66    14.64    17.22    18.24
           02       19.28    13.45    7.034    6.012    7.950    10.50    10.11    9.860    13.03    14.72    17.12    18.28
           03       19.14    12.62    7.008    6.114    8.360    10.73    10.12    9.930    12.83    14.85    17.12    18.38
           04       19.05    12.28    6.896    6.446    8.390    10.88    10.23    9.890    12.87    14.89    17.18    18.43
           05       18.90    11.69    6.699    6.950    8.460    10.77    10.47    10.08    12.70    15.03    17.27    18.62
           06       18.76    11.30    6.501    7.540    8.740    11.22    9.400    10.11    13.03    15.16    17.27    18.72
           07       18.62    11.07    6.247    7.643    8.840    11.82    9.120    10.08    13.08    15.30    17.27    18.81
           08       18.43    10.61    5.988    8.154    8.950    11.69    8.950    10.15    13.12    15.25    17.37    18.95
           09       18.28    10.39    5.988    7.950    8.660    11.86    8.840    9.720    13.49    15.30    17.42    18.95
           10       18.19    10.27    6.036    8.052    8.980    11.82    8.660    10.04    13.61    15.34    17.51    18.76
           11       18.14    9.860    6.192    8.086    8.880    11.91    8.420    10.19    13.41    15.39    17.51    18.72
           12       17.95    9.650    6.559    7.950    9.020    11.91    8.560    10.15    13.49    15.43    17.51    18.67
           13       17.76    9.370    6.376    7.950    9.230    12.03    8.320    10.39    13.66    15.48    17.51    18.67
           14       17.61    9.230    6.446    7.882    9.300    12.11    8.190    10.61    13.82    15.57    17.61    18.67
           15       17.46    9.260    6.306    7.745    9.330    11.95    8.090    10.73    13.90    15.70    17.71    18.67
           16       17.42    9.020    6.341    7.540    9.370    12.11    7.850    10.77    13.98    15.79    17.90    18.57
           17       17.08    8.470    6.114    7.643    9.510    11.82    7.980    11.11    14.03    15.93    17.85    18.57
           18       16.88    8.090    6.083    7.574    9.690    11.91    7.950    11.30    14.11    16.06    17.90    18.48
           19       16.64    7.950    6.138    7.203    9.930    11.95    8.050    11.34    14.15    16.06    17.90    18.48
           20       16.42    8.120    6.012    7.092    10.19    11.95    7.880    11.41    14.15    16.24    17.90    18.43
           21       16.10    8.090    5.894    6.950    10.46    11.78    8.220    11.45    14.23    16.37    17.90    18.38
           22       15.75    7.880    6.059    7.034    10.19    11.57    8.810    11.66    14.36    16.42    18.09    18.28
           23       15.48    7.540    6.036    6.726    10.61    11.74    9.120    11.78    14.44    16.51    18.14    18.28
           24       15.61    7.470    5.941    6.613    10.35    11.78    9.820    11.82    14.27    16.55    18.09    18.24
           25       14.98    7.300    6.200    6.532    10.42    11.49    9.860    11.69    14.27    16.64    18.09    18.19
           26       14.68    7.230    6.337    6.275    10.61    11.30    9.930    11.91    14.36    16.79    18.09    18.09
           27       14.52    7.260    6.341    7.092    10.65    10.92    9.510    12.03    14.48    16.88    18.19    17.85
           28       14.15    7.150    6.282    6.950    10.80    10.73    9.540    11.99    14.48    17.03    18.28    17.71
           29       13.86     .000    6.173    7.410    10.61    10.57    9.540    12.16    14.56    17.12    18.19    17.42
           30       13.53     .000    6.059    7.540    10.61    10.39    9.580    12.41    14.60    17.12    18.19    17.27
           31       13.49     .000    6.036     .000    10.65     .000    9.750    12.53     .000    17.12     .000    17.03

MEDIA               16.89    9.503    6.305    7.217    9.532    11.46    9.064    10.94    13.77    15.89    17.71    18.35
TOTAL               523.6    266.1    195.5    216.5    295.5    343.8    281.0    339.0    413.2    492.7    531.3    568.8
MAXIMA              19.47    13.45    7.146    8.154    10.80    12.11    10.47    12.53    14.60    17.12    18.28    18.95

                                      ***  VALORES  ANUALES  ***

                                     MEDIA                  12.219
                                     TOTAL                4467.000
                                     MAXIMA                 19.470

                       I D E A M  -  INSTITUTO DE HIDROLOGIA, METEOROLOGIA Y ESTUDIOS AMBIENTALES
                                                                                                              SISTEMA DE INFORMACION
                                    TRANSPORTE DIARIO DE MATERIALES EN SUSPENSION  (K.TON/DIA)                  NACIONAL AMBIENTAL

    FECHA DE PROCESO :  2019/05/21                    ANO  1986                              ESTACION : 29037450  STA HELENA 2

    LATITUD    1004 N               TIPO EST    LM                   DEPTO      BOLIVAR                 FECHA-INSTALACION   1978-JUN
    LONGITUD   7526 W               ENTIDAD     01  IDEAM            MUNICIPIO  ARJONA                  FECHA-SUSPENSION
    ELEVACION  0003 m.s.n.m         REGIONAL    02  ATLANTICO        CORRIENTE  CANAL DEL DIQUE

************************************************************************************************************************************
          DIA       ENERO *  FEBRE *  MARZO *  ABRIL *  MAYO  *  JUNIO *  JULIO *  AGOST *  SEPTI *  OCTUB *  NOVIE *  DICIE *
************************************************************************************************************************************

           01       16.98    9.895    8.018    7.880    12.07    13.94    15.70    13.66    10.27    10.57    16.37    18.86
           02       16.73    9.862    8.120    7.570    12.16    14.03    15.61    13.37    10.39    10.57    16.46    18.95
           03       16.33    9.442    8.188    7.680    12.16    14.07    15.61    13.37    10.31    10.92    16.55    19.05
           04       15.93    9.231    8.256    7.750    12.24    14.07    15.52    12.74    10.50    10.84    16.73    19.00
           05       15.79    8.982    8.323    7.750    12.37    14.27    15.57    12.45    10.27    11.15    16.79    19.05
           06       15.57    8.635    8.120    7.920    12.49    14.56    15.57    12.24    10.73    11.00    16.93    19.05
           07       15.16    8.425    8.323    8.120    12.53    14.72    15.70    12.16    10.80    11.18    16.88    19.05
           08       14.40    8.222    8.391    8.320    12.70    14.94    15.57    12.03    11.03    11.37    17.03    19.05
           09       14.23    8.290    8.357    8.390    12.83    14.98    15.61    11.78    10.92    11.56    17.18    19.05
           10       13.66    7.848    8.425    8.770    12.87    15.12    15.66    11.65    10.84    12.11    17.22    19.05
           11       13.45    7.677    8.391    9.120    12.91    15.21    15.70    11.49    10.50    12.16    17.37    19.05
           12       13.16    7.574    8.391    9.750    12.74    15.34    15.66    11.34    10.65    12.24    17.51    19.05
           13       12.87    7.353    8.459    9.620    12.91    15.48    15.66    11.22    10.31    12.58    17.56    18.95
           14       12.58    7.146    8.459    9.750    13.41    15.48    15.66    10.69    10.23    12.91    17.61    18.86
           15       12.32    7.034    8.323    9.890    13.37    15.57    15.57    10.46    10.00    13.53    17.76    18.86
           16       12.03    7.092    8.188    9.930    13.49    15.66    15.70    10.15    10.69    13.94    17.95    18.76
           17       11.69    6.784    7.984    10.08    13.53    15.66    15.57    10.08    10.08    14.23    17.95    18.67
           18       11.37    6.473    8.459    9.960    13.28    15.66    15.34    10.08    10.54    14.31    18.04    18.67
           19       11.11    6.811    8.357    10.23    13.32    15.61    15.34    10.00    10.35    14.44    18.09    18.57
           20       11.22    6.811    8.391    10.15    13.24    15.66    15.25    9.930    9.860    14.64    18.19    18.48
           21       10.46    7.034    8.526    10.50    13.24    15.57    15.25    10.11    9.650    14.80    18.28    18.38
           22       10.19    6.869    8.357    10.50    13.32    15.57    15.34    10.27    9.330    14.98    18.28    18.28
           23       10.04    7.119    8.594    10.73    13.49    15.57    15.30    10.27    9.820    15.16    18.43    18.19
           24       9.790    7.334    8.154    11.18    13.61    15.61    15.25    10.31    9.510    15.48    18.53    17.90
           25       9.440    7.437    8.120    11.26    13.61    15.66    15.07    10.35    9.510    15.39    18.62    17.71
           26       9.580    7.608    8.052    11.53    13.66    15.66    14.94    10.39    9.540    15.66    18.62    17.32
           27       9.620    7.677    8.391    11.78    13.78    15.61    14.80    10.39    9.650    15.75    18.76    16.98
           28       9.720    7.745    7.916    11.78    13.74    15.66    14.60    10.39    9.650    16.06    18.86    16.60
           29       9.650     .000    7.882    12.16    13.86    15.66    14.23    10.46    9.960    16.19    18.86    16.15
           30       9.690     .000    7.814    12.16    13.86    15.66    14.31    10.19    10.08    16.24    18.86    15.70
           31       9.820     .000    7.471     .000    13.94     .000    13.86    10.04     .000    16.28     .000    15.34

MEDIA               12.41    7.800    8.232    9.740    13.12    15.21    15.31    11.10    10.20    13.49    17.74    18.28
TOTAL               384.6    218.4    255.2    292.2    406.7    456.3    474.5    344.1    306.0    418.2    532.3    566.6
MAXIMA              16.98    9.895    8.594    12.16    13.94    15.66    15.70    13.66    11.03    16.28    18.86    19.05

                                      ***  VALORES  ANUALES  ***

                                     MEDIA                  12.719
                                     TOTAL                4655.100
                                     MAXIMA                 19.050

                       I D E A M  -  INSTITUTO DE HIDROLOGIA, METEOROLOGIA Y ESTUDIOS AMBIENTALES
                                                                                                              SISTEMA DE INFORMACION
                                    TRANSPORTE DIARIO DE MATERIALES EN SUSPENSION  (K.TON/DIA)                  NACIONAL AMBIENTAL

    FECHA DE PROCESO :  2019/05/21                    ANO  1987                              ESTACION : 29037450  STA HELENA 2

    LATITUD    1004 N               TIPO EST    LM                   DEPTO      BOLIVAR                 FECHA-INSTALACION   1978-JUN
    LONGITUD   7526 W               ENTIDAD     01  IDEAM            MUNICIPIO  ARJONA                  FECHA-SUSPENSION
    ELEVACION  0003 m.s.n.m         REGIONAL    02  ATLANTICO        CORRIENTE  CANAL DEL DIQUE

************************************************************************************************************************************
          DIA       ENERO *  FEBRE *  MARZO *  ABRIL *  MAYO  *  JUNIO *  JULIO *  AGOST *  SEPTI *  OCTUB *  NOVIE *  DICIE *
************************************************************************************************************************************

           01       15.92    5.752    4.053    3.339    6.900    12.78    12.01    12.39    14.57    15.71    19.58    22.31
           02       15.66    6.493    4.012    3.762    7.560    12.83    12.10    12.39    14.52    15.56    19.41    22.31
           03       15.40    6.200    4.547    3.551    8.320    12.73    12.01    12.54    14.52    15.82    19.41    22.53
           04       14.72    6.000    3.929    3.339    8.270    12.78    11.81    12.63    14.62    15.92    19.70    22.47
           05       14.46    5.795    4.136    3.339    9.070    12.78    11.67    12.44    14.72    16.02    19.81    22.42
           06       13.94    5.354    3.395    4.710    8.460    12.87    11.52    12.92    14.83    16.12    19.81    22.53
           07       13.49    5.114    4.342    4.832    8.880    12.92    11.33    12.97    14.88    16.33    19.92    22.36
           08       13.30    4.791    2.944    4.993    8.930    13.16    11.04    13.16    14.88    16.54    19.92    22.48
           09       12.58    4.751    2.888    5.673    9.020    13.06    11.18    13.49    15.04    16.54    19.98    22.71
           10       12.39    4.383    3.551    5.949    9.260    13.11    11.09    13.68    15.19    16.90    20.04    22.65
           11       12.06    4.095    3.424    5.910    9.630    13.16    10.98    13.83    15.14    16.90    20.09    22.94
           12       11.43    3.593    3.254    6.145    9.760    13.16    11.09    13.94    15.14    17.05    20.15    22.88
           13       11.23    4.053    3.082    6.106    9.720    13.25    11.09    14.20    15.19    17.10    20.15    22.83
           14       10.69    4.465    3.254    6.000    9.810    13.25    11.23    14.25    15.09    17.20    20.28    22.77
           15       10.49    4.669    3.720    5.752    10.45    13.25    11.43    14.36    15.09    17.41    20.28    22.88
           16       10.35    4.629    3.467    5.752    10.55    13.44    11.33    14.52    15.25    17.61    20.53    23.00
           17       10.05    4.629    3.593    5.791    10.69    13.20    11.09    14.57    15.19    17.71    20.66    22.83
           18       10.00    5.114    3.720    5.870    10.89    13.20    10.94    14.67    15.30    18.32    20.78    22.65
           19       9.350    4.953    4.053    5.870    11.09    13.06    10.98    14.57    15.25    18.32    20.91    22.83
           20       8.980    4.913    4.424    5.870    10.94    12.92    10.98    14.62    15.45    18.44    20.97    22.71
           21       8.600    5.354    4.342    5.275    10.94    12.87    10.98    14.57    15.45    18.55    21.03    22.53
           22       8.180    4.913    4.383    5.633    11.38    12.87    10.98    14.57    15.45    18.61    21.22    22.71
           23       7.960    4.710    4.342    5.633    11.43    12.83    11.18    14.57    15.35    18.67    21.22    22.71
           24       7.600    4.465    4.178    5.791    11.38    12.83    11.23    14.52    15.40    18.73    21.16    22.36
           25       7.380    4.219    4.219    6.028    11.38    12.78    11.52    14.72    15.45    18.67    21.46    22.36
           26       6.670    4.383    4.301    6.028    11.72    12.58    11.47    14.72    15.61    18.84    21.92    22.65
           27       6.400    3.970    3.211    5.831    11.81    12.68    11.81    14.62    15.61    18.84    22.25    22.48
           28       6.580    4.178    3.929    5.831    12.30    12.54    11.91    14.62    15.56    19.07    22.31    22.14
           29       5.910             3.082    6.185    12.54    12.54    12.39    14.67    15.71    19.35    22.36    22.03
           30       6.260             3.254    6.450    12.68    12.44    12.15    14.67    15.71    19.64    22.42    21.41
           31       6.380             3.424             12.73             12.20    14.57             19.70             21.22

MEDIA               10.47    4.855    3.757    5.375    10.27    12.93    11.44    13.97    15.17    17.62    20.66    22.51
TOTAL               324.4    135.9    116.5    161.2    318.5    387.9    354.7    433.0    455.2    546.2    619.7    697.7
MAXIMA              15.92    6.493    4.547    6.450    12.73    13.44    12.39    14.72    15.71    19.70    22.42    23.00

                                      ***  VALORES  ANUALES  ***

                                     MEDIA                  12.419
                                     TOTAL                4550.900
                                     MAXIMA                 23.000

                       I D E A M  -  INSTITUTO DE HIDROLOGIA, METEOROLOGIA Y ESTUDIOS AMBIENTALES
                                                                                                              SISTEMA DE INFORMACION
                                    TRANSPORTE DIARIO DE MATERIALES EN SUSPENSION  (K.TON/DIA)                  NACIONAL AMBIENTAL

    FECHA DE PROCESO :  2019/05/21                    ANO  1988                              ESTACION : 29037450  STA HELENA 2

    LATITUD    1004 N               TIPO EST    LM                   DEPTO      BOLIVAR                 FECHA-INSTALACION   1978-JUN
    LONGITUD   7526 W               ENTIDAD     01  IDEAM            MUNICIPIO  ARJONA                  FECHA-SUSPENSION
    ELEVACION  0003 m.s.n.m         REGIONAL    02  ATLANTICO        CORRIENTE  CANAL DEL DIQUE

************************************************************************************************************************************
          DIA       ENERO *  FEBRE *  MARZO *  ABRIL *  MAYO  *  JUNIO *  JULIO *  AGOST *  SEPTI *  OCTUB *  NOVIE *  DICIE *
************************************************************************************************************************************

           01       20.12 8  10.72 8  5.957 8  5.110 8  9.350 8  12.62 8  16.26 8  19.40 8  22.46 8  23.83 8  25.69 8  24.66 8
           02       19.92 8  9.930 8  6.349 8  4.800 8  9.800 8  12.85 8  16.36 8  19.35 8  22.52 8  23.93 8  25.59 8  24.66 8
           03       19.71 8  10.24 8  6.749 8  4.880 8  10.02 8  13.03 8  16.61 8  19.45 8  22.52 8  23.98 8  25.43 8  24.66 8
           04       19.66 8  9.970 8  7.357 8  4.610 8  10.32 8  12.80 8  16.71 8  19.50 8  22.57 8  24.14 8  25.28 8  24.66 8
           05       19.61 8  9.310 8  7.034 8  5.070 8  10.32 8  12.85 8  16.66 8  19.81 8  22.62 8  24.19 8  25.18 8  24.66 8
           06       19.45 8  9.090 8  6.873 8  5.300 8  10.54 8  12.98 8  17.10 8  19.87 8  22.67 8  24.14 8  24.76 8  24.55 8
           07       19.35 8  9.130 8  6.710 8  5.450 8  10.67 8  12.98 8  17.30 8  20.18 8  22.67 8  24.35 8  24.55 8  24.55 8
           08       19.14 8  8.910 8  6.586 8  5.420 8  11.11 8  13.08 8  17.46 8  20.43 8  22.67 8  24.45 8  24.76 8  24.45 8
           09       19.04 8  8.820 8  6.157 8  5.420 8  11.28 8  13.03 8  17.57 8  20.38 8  22.73 8  24.45 8  24.76 8  24.50 8
           10       18.93 8  8.910 8  6.043 8  6.320 8  11.41 8  13.03 8  17.78 8  20.49 8  22.83 8  24.45 8  24.76 8  24.55 8
           11       18.77 8  8.550 8  6.020 8  6.430 8  11.46 8  12.98 8  17.94 8  20.59 8  22.88 8  24.55 8  24.76 8  24.61 8
           12       18.67 8  8.410 8  5.929 8  6.000 8  11.59 8  13.03 8  17.99 8  20.59 8  22.99 8  24.55 8  24.76 8  24.66 8
           13       18.56 8  8.230 8  5.339 8  6.670 8  11.55 8  12.98 8  18.20 8  20.64 8  22.99 8  24.71 8  24.76 8  24.71 8
           14       18.41 8  8.280 8  5.339 8  6.590 8  11.59 8  13.21 8  18.41 8  20.64 8  22.99 8  24.76 8  24.76 8  24.71 8
           15       18.15 8  8.010 8  4.989 8  6.990 8  11.87 8  13.21 8  18.41 8  20.69 8  22.99 8  24.86 8  24.76 8  24.76 8
           16       17.94 8  7.960 8  4.836 8  7.440 8  11.87 8  13.31 8  18.51 8  20.69 8  23.15 8  24.97 8  24.81 8  24.76 8
           17       17.57 8  8.010 8  4.872 8  7.840 8  12.20 8  13.46 8  18.46 8  20.95 8  23.25 8  24.97 8  24.86 8  24.76 8
           18       17.36 8  8.140 8  4.884 8  9.000 8  12.29 8  13.75 8  18.56 8  21.05 8  23.36 8  25.43 8  24.86 8  24.92 8
           19       17.10 8  8.190 8  4.502 8  9.130 8  12.15 8  13.95 8  18.67 8  21.52 8  23.46 8  25.80 8  24.86 8  24.86 8
           20       16.86 8  8.190 8  4.502 8  10.28 8  12.43 8  13.95 8  18.72 8  21.57 8  23.56 8  26.72 8  24.86 8  24.86 8
           21       16.51 8  8.190 8  4.807 8  10.06 8  12.43 8  14.04 8  18.83 8  21.78 8  23.72 8  27.13 8  24.92 8  24.81 8
           22       15.23 8  8.320 8  5.418 8  10.15 8  12.48 8  14.19 8  18.98 8  21.83 8  23.72 8  27.13 8  24.97 8  24.86 8
           23       14.99 8  7.790 8  5.026 8  9.930 8  12.43 8  14.39 8  18.98 8  21.78 8  23.72 8  25.59 8  24.97 8  24.81 8
           24       14.69 8  6.910 8  4.795 8  10.06 8  12.80 8  14.63 8  19.04 8  21.73 8  23.72 8  25.43 8  24.97 8  24.76 8
           25       15.18 8  6.560 8  5.764 8  9.660 8  12.62 8  15.36 8  19.04 8  21.78 8  23.72 8  25.64 8  24.97 8  24.66 8
           26       14.45 8  5.920 8  5.054 8  9.660 8  12.71 8  15.56 8  19.04 8  21.83 8  23.72 8  25.74 8  24.86 8  24.71 8
           27       13.66 8  5.800 8  4.616 8  9.530 8  12.52 8  15.81 8  19.19 8  21.83 8  23.72 8  25.85 8  24.86 8  24.76 8
           28       13.28 8  5.960 8  5.142 8  9.530 8  12.57 8  15.76 8  19.24 8  21.89 8  23.83 8  25.80 8  24.76 8  24.55 8
           29       12.75 8  5.760 8  4.868 8  9.490 8  12.52 8  15.96 8  19.14 8  21.89 8  23.83 8  25.80 8  24.66 8  24.55 8
           30       10.67 8           5.106 8  9.310 8  12.43 8  16.06 8  19.24 8  22.04 8  23.83 8  25.80 8  24.66 8  24.61 8
           31       10.15 8           4.989 8           12.57 8           19.35 8  22.41 8           25.69 8           24.61 8

MEDIA               16.96 8  8.214 8  5.568 8  7.538 8  11.67 8  13.83 8  18.19 8  20.92 8  23.18 8  25.12 8  24.91 8  24.68 8
TOTAL               525.9 8  238.2 8  172.6 8  226.1 8  361.9 8  414.8 8  563.8 8  648.6 8  695.4 8  778.8 8  747.4 8  765.2 8
MAXIMA              20.12 8  10.72 8  7.357 8  10.28 8  12.80 8  16.06 8  19.35 8  22.41 8  23.83 8  27.13 8  25.69 8  24.92 8

                                      ***  VALORES  ANUALES  ***                                           ** ORIGENES DE DATO **

                                     MEDIA                  16.732                                         8 : EST.  OTROS METODOS
                                     TOTAL                6138.700
                                     MAXIMA                 27.130

                       I D E A M  -  INSTITUTO DE HIDROLOGIA, METEOROLOGIA Y ESTUDIOS AMBIENTALES
                                                                                                              SISTEMA DE INFORMACION
                                    TRANSPORTE DIARIO DE MATERIALES EN SUSPENSION  (K.TON/DIA)                  NACIONAL AMBIENTAL

    FECHA DE PROCESO :  2019/05/21                    ANO  1989                              ESTACION : 29037450  STA HELENA 2

    LATITUD    1004 N               TIPO EST    LM                   DEPTO      BOLIVAR                 FECHA-INSTALACION   1978-JUN
    LONGITUD   7526 W               ENTIDAD     01  IDEAM            MUNICIPIO  ARJONA                  FECHA-SUSPENSION
    ELEVACION  0003 m.s.n.m         REGIONAL    02  ATLANTICO        CORRIENTE  CANAL DEL DIQUE

************************************************************************************************************************************
          DIA       ENERO *  FEBRE *  MARZO *  ABRIL *  MAYO  *  JUNIO *  JULIO *  AGOST *  SEPTI *  OCTUB *  NOVIE *  DICIE *
************************************************************************************************************************************

           01       22.59 8  18.16 8  11.70 8  10.70 8  7.290 8  11.84 8  13.05 8  12.47 8  12.52 8  15.96 8  18.87 8  20.32 8
           02       22.44 8  17.94 8  11.65 8  10.60 8  7.510 8  12.04 8  13.14 8  12.61 8  12.80 8  15.96 8  19.09 8  20.48 8
           03       22.29 8  17.66 8  11.41 8  10.60 8  7.710 8  11.94 8  13.05 8  12.61 8  12.90 8  16.17 8  19.31 8  20.58 8
           04       22.19 8  17.56 8  11.22 8  10.56 8  7.810 8  12.18 8  13.14 8  12.57 8  13.00 8  15.96 8  19.47 8  20.73 8
           05       22.23 8  16.81 8  10.75 8  10.27 8  7.950 8  12.09 8  13.14 8  12.57 8  13.19 8  16.54 8  19.36 8  21.26 8
           06       22.08 8  17.07 8  10.79 8  10.41 8  8.100 8  12.13 8  13.19 8  12.61 8  13.29 8  16.65 8  19.69 8  21.26 8
           07       21.93 8  16.65 8  10.51 8  10.22 8  8.150 8  12.37 8  13.24 8  12.61 8  13.19 8  16.76 8  19.58 8  21.21 8
           08       21.72 8  16.28 8  10.27 8  10.22 8  8.350 8  12.47 8  13.19 8  12.57 8  13.29 8  16.76 8  19.53 8  21.10 8
           09       21.52 8  16.33 8  10.08 8  10.22 8  8.490 8  12.57 8  13.14 8  12.52 8  13.49 8  16.86 8  20.00 8  20.94 8
           10       21.31 8  16.01 8  10.18 8  10.18 8  8.640 8  12.47 8  13.19 8  12.42 8  13.44 8  16.97 8  20.06 8  20.63 8
           11       21.26 8  15.74 8  9.990 8  10.18 8  9.120 8  12.57 8  13.14 8  12.23 8  13.59 8  17.18 8  20.11 8  20.42 8
           12       21.15 8  15.64 8  9.800 8  10.22 8  9.650 8  12.57 8  13.19 8  12.28 8  13.75 8  17.44 8  20.11 8  20.32 8
           13       20.94 8  15.32 8  9.650 8  10.18 8  9.940 8  12.57 8  13.19 8  12.32 8  13.90 8  17.56 8  20.27 8  20.21 8
           14       20.79 8  15.16 8  10.03 8  10.03 8  10.13 8  12.61 8  12.95 8  12.32 8  14.20 8  17.56 8  20.37 8  20.16 8
           15       20.79 8  14.86 8  9.940 8  9.990 8  10.22 8  12.71 8  13.09 8  12.23 8  14.30 8  17.66 8  20.37 8  20.00 8
           16       20.69 8  14.86 8  10.41 8  9.560 8  10.32 8  12.61 8  13.05 8  12.42 8  14.25 8  17.72 8  20.37 8  20.00 8
           17       20.58 8  13.80 8  10.37 8  9.360 8  10.60 8  12.66 8  12.76 8  12.32 8  14.36 8  17.78 8  20.32 8  20.00 8
           18       20.53 8  13.54 8  10.46 8  9.170 8  10.70 8  12.71 8  12.57 8  12.32 8  14.51 8  17.94 8  20.37 8  19.90 8
           19       20.58 8  13.44 8  10.41 8  8.980 8  10.84 8  12.61 8  12.42 8  12.42 8  14.51 8  17.89 8  20.32 8  19.79 8
           20       20.42 8  13.24 8  10.56 8  8.740 8  10.93 8  12.76 8  12.37 8  12.52 8  14.66 8  18.00 8  20.32 8  19.69 8
           21       20.11 8  12.90 8  10.51 8  8.540 8  10.98 8  12.85 8  12.47 8  12.37 8  14.71 8  18.05 8  20.32 8  19.53 8
           22       19.85 8  12.85 8  10.60 8  8.390 8  11.08 8  12.85 8  12.37 8  12.28 8  14.71 8  18.16 8  20.37 8  19.47 8
           23       19.69 8  12.47 8  10.65 8  8.000 8  11.22 8  12.90 8  12.42 8  12.23 8  14.76 8  18.22 8  20.37 8  19.42 8
           24       19.64 8  11.89 8  10.60 8  7.710 8  11.17 8  13.09 8  12.71 8  12.23 8  14.86 8  18.22 8  20.48 8  19.15 8
           25       19.47 8  11.89 8  10.60 8  7.610 8  11.22 8  13.09 8  12.47 8  12.09 8  15.11 8  18.16 8  20.48 8  18.87 8
           26       19.20 8  11.75 8  10.60 8  7.290 8  11.12 8  13.14 8  12.47 8  12.04 8  15.31 8  18.22 8  20.53 8  18.76 8
           27       19.09 8  11.84 8  10.60 8  7.250 8  11.22 8  13.19 8  12.66 8  12.23 8  15.48 8  18.22 8  20.53 8  18.49 8
           28       18.98 8  11.50 8  10.60 8  7.440 8  11.36 8  13.14 8  12.32 8  12.23 8  15.53 8  18.32 8  20.32 8  18.38 8
           29       18.87 8           10.56 8  7.360 8  11.50 8  13.14 8  12.32 8  12.23 8  15.64 8  18.60 8  20.32 8  18.22 8
           30       18.54 8           10.65 8  7.220 8  11.45 8  13.14 8  12.42 8  12.37 8  15.74 8  18.60 8  20.27 8  17.66 8
           31       18.44 8           10.75 8           11.70 8           12.52 8  12.37 8           18.76 8           17.61 8

MEDIA               20.64 8  14.76 8  10.55 8  9.240 8  9.886 8  12.63 8  12.82 8  12.38 8  14.17 8  17.51 8  20.06 8  19.83 8
TOTAL               639.9 8  413.2 8  326.9 8  277.2 8  306.5 8  379.0 8  397.4 8  383.6 8  425.0 8  542.9 8  601.9 8  614.6 8
MAXIMA              22.59 8  18.16 8  11.70 8  10.70 8  11.70 8  13.19 8  13.24 8  12.61 8  15.74 8  18.76 8  20.53 8  21.26 8

** DATOS PRELIMINARES **              ***  VALORES  ANUALES  ***                                           ** ORIGENES DE DATO **

                                     MEDIA                  14.540                                         8 : EST.  OTROS METODOS
                                     TOTAL                5308.100
                                     MAXIMA                 22.590

                       I D E A M  -  INSTITUTO DE HIDROLOGIA, METEOROLOGIA Y ESTUDIOS AMBIENTALES
                                                                                                              SISTEMA DE INFORMACION
                                    TRANSPORTE DIARIO DE MATERIALES EN SUSPENSION  (K.TON/DIA)                  NACIONAL AMBIENTAL

    FECHA DE PROCESO :  2019/05/21                    ANO  1990                              ESTACION : 29037450  STA HELENA 2

    LATITUD    1004 N               TIPO EST    LM                   DEPTO      BOLIVAR                 FECHA-INSTALACION   1978-JUN
    LONGITUD   7526 W               ENTIDAD     01  IDEAM            MUNICIPIO  ARJONA                  FECHA-SUSPENSION
    ELEVACION  0003 m.s.n.m         REGIONAL    02  ATLANTICO        CORRIENTE  CANAL DEL DIQUE

************************************************************************************************************************************
          DIA       ENERO *  FEBRE *  MARZO *  ABRIL *  MAYO  *  JUNIO *  JULIO *  AGOST *  SEPTI *  OCTUB *  NOVIE *  DICIE *
************************************************************************************************************************************

           01       15.95 8  9.950 8  8.335 8  8.825 8  10.04 8  13.29 8  13.52 8  13.02 8  11.26 8  12.76 8  15.95 8  18.37 8
           02       16.07 8  9.799 8  8.101 8  8.780 8  10.16 8  13.38 8  13.42 8  13.09 8  11.80 8  12.86 8  16.37 8  18.32 8
           03       16.20 8  9.349 8  8.290 8  8.406 8  10.98 8  13.38 8  13.29 8  12.83 8  11.61 8  12.96 8  16.69 8  18.42 8
           04       16.12 8  8.900 8  8.312 8  8.429 8  11.07 8  13.38 8  13.15 8  12.73 8  11.54 8  12.99 8  16.74 8  18.32 8
           05       15.44 8  8.874 8  8.075 8  8.357 8  11.26 8  13.35 8  13.15 8  12.60 8  11.92 8  13.06 8  16.74 8  18.52 8
           06       15.23 8  8.653 8  7.817 8  8.335 8  11.51 8  13.29 8  13.09 8  12.47 8  11.95 8  13.02 8  16.90 8  18.69 8
           07       14.98 8  8.451 8  7.817 8  8.357 8  11.80 8  13.35 8  13.06 8  12.50 8  11.92 8  13.12 8  16.95 8  18.80 8
           08       15.04 8  8.357 8  7.863 8  8.312 8  11.98 8  13.22 8  12.96 8  12.34 8  12.14 8  13.15 8  16.90 8  18.86 8
           09       14.37 8  8.848 8  7.768 8  8.406 8  12.05 8  13.32 8  12.89 8  12.21 8  12.11 8  13.09 8  17.05 8  19.15 8
           10       14.13 8  9.071 8  7.627 8  8.530 8  12.17 8  13.25 8  12.93 8  12.01 8  12.24 8  13.69 8  17.05 8  19.15 8
           11       13.79 8  9.290 8  7.912 8  8.477 8  12.30 8  13.25 8  12.89 8  11.86 8  12.37 8  13.89 8  17.05 8  19.09 8
           12       13.69 8  9.486 8  7.673 8  8.316 8  12.47 8  13.32 8  12.89 8  11.83 8  12.53 8  14.00 8  17.05 8  19.09 8
           13       13.69 8  9.430 8  7.745 8  8.429 8  12.57 8  13.25 8  12.93 8  11.83 8  12.53 8  14.07 8  17.05 8  18.86 8
           14       13.45 8  9.430 8  7.791 8  8.560 8  12.63 8  13.32 8  13.09 8  11.86 8  12.30 8  14.37 8  17.15 8  18.80 8
           15       13.38 8  9.375 8  7.768 8  8.530 8  12.80 8  13.52 8  13.12 8  11.80 8  12.30 8  14.58 8  17.30 8  18.57 8
           16       13.12 8  9.208 8  7.673 8  8.429 8  12.80 8  13.48 8  12.96 8  11.89 8  12.40 8  14.75 8  17.36 8  18.42 8
           17       13.02 8  9.097 8  7.980 8  8.537 8  12.86 8  13.52 8  12.99 8  11.86 8  12.40 8  14.98 8  17.66 8  18.47 8
           18       12.89 8  9.011 8  7.935 8  8.504 8  12.83 8  13.48 8  12.96 8  11.98 8  12.50 8  15.10 8  18.12 8  18.27 8
           19       12.83 8  8.650 8  7.658 8  8.451 8  12.93 8  13.48 8  12.99 8  11.76 8  12.57 8  15.19 8  18.52 8  18.22 8
           20       12.73 8  8.874 8  7.772 8  8.556 8  12.86 8  13.48 8  12.96 8  11.98 8  12.60 8  15.19 8  18.69 8  18.02 8
           21       12.43 8  8.706 8  7.608 8  8.477 8  12.96 8  13.48 8  12.89 8  12.01 8  12.63 8  15.40 8  18.07 8  17.92 8
           22       12.21 8  8.195 8  7.559 8  8.357 8  12.99 8  13.48 8  12.99 8  11.95 8  12.57 8  15.36 8  18.42 8  17.92 8
           23       12.01 8  7.980 8  7.817 8  8.739 8  13.02 8  13.42 8  13.02 8  11.86 8  12.67 8  15.53 8  18.47 8  17.76 8
           24       11.76 8  8.007 8  7.723 8  8.762 8  13.02 8  12.89 8  13.02 8  11.92 8  12.60 8  15.65 8  18.27 8  18.02 8
           25       11.45 8  8.263 8  7.513 8  9.153 8  13.09 8  13.62 8  13.09 8  11.76 8  12.57 8  15.40 8  18.32 8  18.02 8
           26       11.13 8  8.218 8  7.935 8  9.319 8  13.15 8  13.62 8  13.15 8  11.45 8  12.60 8  15.61 8  18.37 8  18.07 8
           27       11.13 8  8.335 8  7.980 8  9.290 8  13.25 8  13.62 8  13.15 8  11.58 8  12.63 8  15.74 8  18.42 8  17.97 8
           28       10.88 8  8.007 8  8.007 8  9.319 8  13.29 8  13.69 8  13.15 8  11.23 8  12.63 8  15.78 8  18.47 8  18.02 8
           29       10.49 8           8.029 8  9.490 8  13.25 8  13.69 8  13.09 8  11.04 8  12.83 8  15.78 8  18.37 8  18.17 8
           30       10.19 8           8.384 8  9.950 8  13.35 8  13.69 8  13.09 8  11.04 8  12.80 8  15.82 8  18.32 8  17.71 8
           31       10.10 8           9.041 8           13.32 8           12.99 8  11.26 8           15.95 8           17.61 8

MEDIA               13.22 8  8.851 8  7.920 8  8.679 8  12.41 8  13.42 8  13.06 8  11.99 8  12.32 8  14.48 8  17.56 8  18.37 8
TOTAL               409.9 8  247.8 8  245.5 8  260.4 8  384.8 8  402.5 8  404.9 8  371.6 8  369.5 8  448.8 8  526.8 8  569.6 8
MAXIMA              16.20 8  9.950 8  9.041 8  9.950 8  13.35 8  13.69 8  13.52 8  13.09 8  12.83 8  15.95 8  18.69 8  19.15 8

** DATOS PRELIMINARES **              ***  VALORES  ANUALES  ***                                           ** ORIGENES DE DATO **

                                     MEDIA                  12.690                                         8 : EST.  OTROS METODOS
                                     TOTAL                4642.100
                                     MAXIMA                 19.150

                       I D E A M  -  INSTITUTO DE HIDROLOGIA, METEOROLOGIA Y ESTUDIOS AMBIENTALES
                                                                                                              SISTEMA DE INFORMACION
                                    TRANSPORTE DIARIO DE MATERIALES EN SUSPENSION  (K.TON/DIA)                  NACIONAL AMBIENTAL

    FECHA DE PROCESO :  2019/05/21                    ANO  1992                              ESTACION : 29037450  STA HELENA 2

    LATITUD    1004 N               TIPO EST    LM                   DEPTO      BOLIVAR                 FECHA-INSTALACION   1978-JUN
    LONGITUD   7526 W               ENTIDAD     01  IDEAM            MUNICIPIO  ARJONA                  FECHA-SUSPENSION
    ELEVACION  0003 m.s.n.m         REGIONAL    02  ATLANTICO        CORRIENTE  CANAL DEL DIQUE

************************************************************************************************************************************
          DIA       ENERO *  FEBRE *  MARZO *  ABRIL *  MAYO  *  JUNIO *  JULIO *  AGOST *  SEPTI *  OCTUB *  NOVIE *  DICIE *
************************************************************************************************************************************

           01       12.34 8  6.558 8  5.838 8  5.335 8  6.704 8  10.09 8  9.398 8  9.570 8  10.90 8  12.72 8  13.67 8  12.55 8
           02       12.15 8  6.509 8  5.859 8  5.128 8  6.777 8  10.05 8  9.312 8  9.660 8  10.96 8  12.87 8  13.67 8  12.52 8
           03       12.30 8  6.509 8  5.813 8  5.541 8  7.046 8  10.14 8  9.513 8  9.660 8  10.84 8  12.97 8  13.60 8  12.62 8
           04       12.15 8  6.411 8  5.726 8  5.173 8  7.101 8  10.43 8  9.484 8  9.600 8  10.96 8  13.45 8  13.45 8  12.68 8
           05       11.67 8  6.213 8  5.748 8  5.269 8  7.299 8  10.51 8  9.398 8  9.770 8  10.98 8  13.41 8  13.38 8  12.68 8
           06       11.48 8  6.337 8  5.748 8  5.335 8  7.479 8  10.63 8  8.842 8  9.770 8  11.13 8  14.03 8  13.34 8  12.83 8
           07       11.22 8  6.435 8  5.859 8  5.701 8  7.604 8  10.75 8  8.385 8  9.940 8  11.13 8  14.86 8  13.23 8  12.90 8
           08       10.93 8  6.558 8  6.053 8  5.726 8  7.275 8  10.81 8  8.306 8  9.970 8  11.28 8  14.37 8  13.27 8  12.90 8
           09       10.96 8  6.460 8  6.074 8  5.827 8  7.731 8  10.78 8  8.250 8  10.11 8  11.13 8  14.29 8  13.19 8  12.94 8
           10       10.87 8  6.460 8  5.885 8  5.784 8  7.731 8  10.78 8  8.141 8  10.00 8  11.30 8  14.33 8  13.08 8  12.94 8
           11       10.75 8  6.533 8  6.089 8  5.639 8  8.035 8  10.72 8  8.250 8  10.51 8  11.36 8  14.29 8  13.01 8  13.08 8
           12       10.58 8  6.106 8  6.014 8  5.859 8  7.955 8  10.69 8  8.493 8  10.60 8  11.34 8  14.29 8  12.90 8  13.01 8
           13       10.31 8  6.078 8  6.131 8  5.938 8  8.058 8  10.81 8  8.735 8  10.81 8  11.33 8  14.33 8  12.97 8  13.19 8
           14       10.00 8  6.128 8  5.989 8  5.960 8  8.115 8  10.69 8  8.871 8  10.84 8  11.39 8  14.17 8  12.68 8  13.27 8
           15       10.00 8  6.124 8  5.859 8  6.096 8  8.276 8  10.72 8  8.978 8  10.90 8  11.43 8  14.10 8  12.87 8  13.27 8
           16       9.740 8  5.791 8  6.006 8  6.053 8  8.306 8  10.69 8  9.029 8  10.96 8  11.42 8  14.07 8  12.87 8  13.27 8
           17       9.140 8  6.089 8  5.726 8  5.701 8  8.168 8  10.63 8  9.197 8  11.01 8  11.55 8  14.10 8  12.79 8  13.30 8
           18       8.840 8  6.138 8  5.679 8  5.769 8  8.441 8  10.46 8  9.369 8  11.10 8  11.40 8  14.03 8  12.62 8  13.30 8
           19       8.630 8  6.411 8  5.588 8  5.632 8  8.441 8  10.43 8  9.513 8  11.22 8  11.39 8  14.10 8  12.68 8  13.16 8
           20       8.410 8  6.262 8  5.566 8  5.859 8  8.467 8  10.22 8  9.513 8  11.25 8  11.58 8  14.07 8  12.65 8  13.16 8
           21       8.250 8  6.167 8  5.726 8  5.978 8  8.415 8  9.970 8  9.513 8  11.13 8  11.61 8  14.07 8  12.62 8  13.08 8
           22       7.980 8  6.188 8  5.813 8  6.177 8  8.575 8  9.970 8  9.513 8  11.07 8  11.80 8  13.96 8  12.62 8  13.05 8
           23       7.860 8  6.099 8  5.726 8  6.181 8  8.764 8  9.880 8  9.427 8  11.01 8  11.86 8  13.85 8  12.62 8  13.05 8
           24       7.810 8  6.131 8  5.938 8  6.248 8  8.842 8  9.910 8  9.369 8  11.01 8  12.18 8  13.88 8  12.62 8  12.97 8
           25       7.400 8  6.149 8  5.892 8  6.106 8  9.029 8  9.850 8  9.369 8  10.96 8  12.24 8  13.96 8  12.62 8  12.79 8
           26       7.450 8  5.906 8  5.938 8  6.053 8  9.087 8  9.800 8  9.225 8  10.87 8  12.24 8  13.96 8  12.65 8  12.75 8
           27       7.080 8  5.859 8  5.885 8  6.361 8  9.225 8  9.710 8  9.110 8  10.96 8  12.37 8  13.92 8  12.68 8  12.87 8
           28       6.830 8  5.838 8  5.632 8  6.460 8  9.427 8  9.600 8  9.113 8  10.96 8  12.55 8  13.92 8  12.43 8  12.49 8
           29       6.830 8  5.881 8  5.541 8  6.460 8  9.542 8  9.540 8  9.004 8  11.04 8  12.55 8  13.92 8  12.65 8  12.27 8
           30       6.510 8           5.475 8  6.631 8  9.570 8  9.170 8  9.197 8  10.93 8  12.62 8  13.92 8  12.52 8  11.96 8
           31       6.580 8           5.610 8           9.656 8           9.398 8  10.98 8           13.74 8           11.71 8

MEDIA               9.453 8  6.218 8  5.820 8  5.866 8  8.230 8  10.28 8  9.071 8  10.59 8  11.56 8  13.93 8  12.93 8  12.86 8
TOTAL               293.1 8  180.3 8  180.4 8  176.0 8  255.1 8  308.4 8  281.2 8  328.2 8  346.8 8  432.0 8  388.0 8  398.6 8
MAXIMA              12.34 8  6.558 8  6.131 8  6.631 8  9.656 8  10.81 8  9.513 8  11.25 8  12.62 8  14.86 8  13.67 8  13.30 8

** DATOS PRELIMINARES **              ***  VALORES  ANUALES  ***                                           ** ORIGENES DE DATO **

                                     MEDIA                   9.734                                         8 : EST.  OTROS METODOS
                                     TOTAL                3568.100
                                     MAXIMA                 14.860

                       I D E A M  -  INSTITUTO DE HIDROLOGIA, METEOROLOGIA Y ESTUDIOS AMBIENTALES
                                                                                                              SISTEMA DE INFORMACION
                                    TRANSPORTE DIARIO DE MATERIALES EN SUSPENSION  (K.TON/DIA)                  NACIONAL AMBIENTAL

    FECHA DE PROCESO :  2019/05/21                    ANO  1993                              ESTACION : 29037450  STA HELENA 2

    LATITUD    1004 N               TIPO EST    LM                   DEPTO      BOLIVAR                 FECHA-INSTALACION   1978-JUN
    LONGITUD   7526 W               ENTIDAD     01  IDEAM            MUNICIPIO  ARJONA                  FECHA-SUSPENSION
    ELEVACION  0003 m.s.n.m         REGIONAL    02  ATLANTICO        CORRIENTE  CANAL DEL DIQUE

************************************************************************************************************************************
          DIA       ENERO *  FEBRE *  MARZO *  ABRIL *  MAYO  *  JUNIO *  JULIO *  AGOST *  SEPTI *  OCTUB *  NOVIE *  DICIE *
************************************************************************************************************************************

           01       11.58 8  7.962 8  5.928 8  8.110 8  10.96 8  14.07 8  14.17 8  13.38 8  12.12 8  14.17 8  14.97 8  15.68 8
           02       11.64 8  7.835 8  5.903 8  8.250 8  10.98 8  14.07 8  14.25 8  13.63 8  12.15 8  14.10 8  14.97 8  15.76 8
           03       11.19 8  7.832 8  5.791 8  8.250 8  11.10 8  14.17 8  14.14 8  13.52 8  12.18 8  14.14 8  15.05 8  15.76 8
           04       10.98 8  7.557 8  5.859 8  8.170 8  10.96 8  14.14 8  14.21 8  12.87 8  12.12 8  14.14 8  15.01 8  15.90 8
           05       10.81 8  7.401 8  5.632 8  8.220 8  11.10 8  14.25 8  14.25 8  12.59 8  12.05 8  14.25 8  15.05 8  15.90 8
           06       10.51 8  7.731 8  5.813 8  8.140 8  11.39 8  14.14 8  14.17 8  12.90 8  12.08 8  14.25 8  15.08 8  15.90 8
           07       10.49 8  7.932 8  5.838 8  8.040 8  11.52 8  14.33 8  14.21 8  12.83 8  12.30 8  14.21 8  15.08 8  15.90 8
           08       10.60 8  7.882 8  5.449 8  8.060 8  11.71 8  14.29 8  14.17 8  12.71 8  12.27 8  14.21 8  15.12 8  15.87 8
           09       10.49 8  7.832 8  5.497 8  8.360 8  11.89 8  14.25 8  14.17 8  12.52 8  12.27 8  14.21 8  15.12 8  15.87 8
           10       10.66 8  7.805 8  5.769 8  8.360 8  11.99 8  14.29 8  14.14 8  12.27 8  12.40 8  14.40 8  15.12 8  15.87 8
           11       10.63 8  7.631 8  5.928 8  8.280 8  12.21 8  14.33 8  14.07 8  11.99 8  12.34 8  14.52 8  15.12 8  15.87 8
           12       10.69 8  7.755 8  6.170 8  8.280 8  12.34 8  14.25 8  13.99 8  11.67 8  12.49 8  14.52 8  15.20 8  15.90 8
           13       10.66 8  7.580 8  6.582 8  8.660 8  12.34 8  14.33 8  14.07 8  11.61 8  12.65 8  14.48 8  15.20 8  15.87 8
           14       10.55 8  7.731 8  6.729 8  8.660 8  12.68 8  14.40 8  13.99 8  11.71 8  12.75 8  14.56 8  15.35 8  15.94 8
           15       10.46 8  7.782 8  6.801 8  8.790 8  12.75 8  14.37 8  13.99 8  11.96 8  12.87 8  14.59 8  15.35 8  15.98 8
           16       10.11 8  7.580 8  6.582 8  8.820 8  12.71 8  14.33 8  13.88 8  11.96 8  12.87 8  14.67 8  15.35 8  16.02 8
           17       9.800 8  7.101 8  6.533 8  8.920 8  12.75 8  14.37 8  13.92 8  11.89 8  13.12 8  14.67 8  15.27 8  16.02 8
           18       9.710 8  6.995 8  6.533 8  9.060 8  12.83 8  14.33 8  14.03 8  11.93 8  13.01 8  14.78 8  15.27 8  16.02 8
           19       9.400 8  6.998 8  6.582 8  9.060 8  12.97 8  14.37 8  14.03 8  12.02 8  13.23 8  14.74 8  15.27 8  16.05 8
           20       9.370 8  6.801 8  6.533 8  9.200 8  13.16 8  14.37 8  13.96 8  12.12 8  13.52 8  14.93 8  15.27 8  16.02 8
           21       9.400 8  6.729 8  6.312 8  9.310 8  13.16 8  14.37 8  13.88 8  12.34 8  13.63 8  14.90 8  15.27 8  16.05 8
           22       9.480 8  6.558 8  6.361 8  9.540 8  13.30 8  14.37 8  13.85 8  12.15 8  13.70 8  14.93 8  15.31 8  16.09 8
           23       9.480 8  6.509 8  6.287 8  9.570 8  13.34 8  14.37 8  13.88 8  12.12 8  13.74 8  14.86 8  15.35 8  16.05 8
           24       9.310 8  6.435 8  6.509 8  9.710 8  13.63 8  14.37 8  13.88 8  12.12 8  13.74 8  14.82 8  15.46 8  16.09 8
           25       9.140 8  6.312 8  6.411 8  10.05 8  13.60 8  14.37 8  13.85 8  11.99 8  13.78 8  14.78 8  15.49 8  16.09 8
           26       8.870 8  6.213 8  6.400 8  10.19 8  13.78 8  14.33 8  13.74 8  12.02 8  13.81 8  14.78 8  15.64 8  16.12 8
           27       8.820 8  6.028 8  6.874 8  10.55 8  13.99 8  14.33 8  13.74 8  11.89 8  13.74 8  14.78 8  15.64 8  16.05 8
           28       8.630 8  6.049 8  6.753 8  10.69 8  13.96 8  14.33 8  13.67 8  11.93 8  13.81 8  14.82 8  15.68 8  16.05 8
           29       8.410 8           6.704 8  10.69 8  14.03 8  14.33 8  13.52 8  11.96 8  14.03 8  14.93 8  15.64 8  16.05 8
           30       8.280 8           7.832 8  10.87 8  14.07 8  14.21 8  13.52 8  12.02 8  14.07 8  14.97 8  15.72 8  16.09 8
           31       8.060 8           7.935 8           14.07 8           13.38 8  12.05 8           14.93 8           16.09 8

MEDIA               9.942 8  7.234 8  6.349 8  9.029 8  12.62 8  14.29 8  13.96 8  12.28 8  12.96 8  14.58 8  15.28 8  15.97 8
TOTAL               308.2 8  202.6 8  196.8 8  270.9 8  391.3 8  428.8 8  432.7 8  380.7 8  388.8 8  452.0 8  458.4 8  494.9 8
MAXIMA              11.64 8  7.962 8  7.935 8  10.87 8  14.07 8  14.40 8  14.25 8  13.63 8  14.07 8  14.97 8  15.72 8  16.12 8

** DATOS PRELIMINARES **              ***  VALORES  ANUALES  ***                                           ** ORIGENES DE DATO **

                                     MEDIA                  12.041                                         8 : EST.  OTROS METODOS
                                     TOTAL                4406.100
                                     MAXIMA                 16.120

                       I D E A M  -  INSTITUTO DE HIDROLOGIA, METEOROLOGIA Y ESTUDIOS AMBIENTALES
                                                                                                              SISTEMA DE INFORMACION
                                    TRANSPORTE DIARIO DE MATERIALES EN SUSPENSION  (K.TON/DIA)                  NACIONAL AMBIENTAL

    FECHA DE PROCESO :  2019/05/21                    ANO  1994                              ESTACION : 29037450  STA HELENA 2

    LATITUD    1004 N               TIPO EST    LM                   DEPTO      BOLIVAR                 FECHA-INSTALACION   1978-JUN
    LONGITUD   7526 W               ENTIDAD     01  IDEAM            MUNICIPIO  ARJONA                  FECHA-SUSPENSION
    ELEVACION  0003 m.s.n.m         REGIONAL    02  ATLANTICO        CORRIENTE  CANAL DEL DIQUE

************************************************************************************************************************************
          DIA       ENERO *  FEBRE *  MARZO *  ABRIL *  MAYO  *  JUNIO *  JULIO *  AGOST *  SEPTI *  OCTUB *  NOVIE *  DICIE *
************************************************************************************************************************************

           01       24.60 8  15.08 8  7.887 8  9.910 8  14.67 8  20.02 8  22.32 8  18.75 8  15.99 8  17.03 8  22.10 8  24.60 8
           02       24.60 8  14.34 8  7.887 8  27.06 8  15.07 8  20.02 8  22.32 8  18.36 8  16.33 8  17.56 8  22.10 8  24.47 8
           03       24.60 8  14.40 8  8.014 8  9.910 8  15.22 8  20.02 8  22.32 8  18.09 8  16.16 8  17.83 8  22.32 8  24.47 8
           04       24.60 8  13.88 8  8.183 8  10.55 8  15.56 8  20.34 8  22.44 8  17.91 8  16.07 8  17.56 8  22.44 8  24.47 8
           05       24.60 8  13.30 8  8.404 8  10.92 8  15.64 8  20.67 8  22.32 8  17.56 8  16.16 8  17.56 8  22.77 8  24.47 8
           06       24.60 8  13.10 8  8.270 8  11.03 8  15.64 8  20.67 8  22.99 8  17.03 8  16.16 8  17.83 8  23.01 8  24.60 8
           07       24.33 8  13.04 8  8.595 8  11.13 8  15.90 8  20.78 8  23.13 8  17.03 8  16.07 8  17.91 8  22.99 8  24.60 8
           08       24.33 8  12.59 8  8.055 8  11.29 8  16.07 8  21.00 8  23.26 8  17.12 8  15.99 8  17.91 8  22.77 8  24.60 8
           09       24.06 8  12.31 8  8.678 8  11.56 8  16.51 8  21.11 8  22.99 8  17.29 8  16.07 8  17.74 8  23.26 8  24.47 8
           10       23.53 8  12.26 8  9.092 8  11.83 8  16.51 8  21.22 8  22.88 8  17.38 8  16.07 8  17.74 8  23.13 8  24.47 8
           11       23.13 8  12.20 8  9.045 8  11.88 8  16.68 8  21.44 8  22.77 8  17.65 8  15.64 8  18.09 8  23.13 8  24.60 8
           12       22.88 8  12.04 8  8.903 8  11.93 8  16.86 8  21.44 8  22.77 8  17.38 8  15.82 8  18.36 8  23.26 8  24.60 8
           13       22.32 8  11.77 8  8.950 8  12.15 8  17.12 8  21.88 8  22.55 8  17.29 8  15.64 8  18.84 8  23.26 8  24.47 8
           14       22.55 8  11.24 8  8.950 8  12.15 8  17.21 8  21.88 8  22.44 8  16.94 8  15.39 8  18.95 8  23.53 8  24.47 8
           15       22.44 8  10.92 8  8.856 8  12.31 8  17.38 8  21.88 8  22.55 8  17.03 8  15.15 8  18.95 8  23.66 8  24.47 8
           16       22.10 8  10.55 8  8.762 8  12.42 8  17.65 8  21.88 8  22.32 8  17.03 8  15.30 8  18.84 8  23.39 8  24.60 8
           17       21.99 8  10.20 8  8.903 8  12.38 8  17.74 8  21.88 8  21.88 8  16.86 8  15.07 8  19.05 8  23.93 8  24.60 8
           18       21.33 8  9.710 8  8.856 8  12.27 8  17.74 8  21.77 8  21.66 8  16.94 8  14.87 8  19.48 8  23.79 8  24.47 8
           19       21.22 8  9.190 8  8.856 8  12.47 8  17.83 8  22.10 8  21.44 8  16.94 8  14.80 8  20.24 8  23.79 8  24.60 8
           20       21.11 8  8.860 8  9.140 8  13.04 8  18.00 8  22.32 8  21.33 8  17.29 8  14.67 8  20.67 8  23.79 8  24.60 8
           21       20.89 8  8.670 8  8.856 8  13.43 8  18.09 8  22.10 8  21.33 8  17.38 8  14.60 8  20.78 8  23.66 8  24.60 8
           22       20.56 8  8.570 8  8.574 8  13.43 8  18.18 8  21.77 8  21.00 8  16.94 8  14.60 8  20.78 8  23.53 8  24.33 8
           23       19.91 8  8.220 8  8.574 8  13.43 8  18.45 8  21.99 8  20.78 8  17.03 8  14.54 8  20.78 8  23.79 8  24.33 8
           24       19.48 8  7.890 8  8.574 8  13.43 8  18.45 8  22.10 8  20.67 8  17.12 8  14.73 8  20.78 8  24.06 8  24.33 8
           25       19.05 8  7.720 8  8.715 8  13.49 8  18.45 8  22.10 8  20.34 8  16.94 8  15.07 8  21.55 8  24.60 8  24.33 8
           26       18.36 8  7.850 8  9.522 8  13.49 8  18.54 8  22.32 8  20.34 8  16.68 8  15.15 8  21.66 8  24.60 8  23.79 8
           27       18.09 8  7.770 8  9.522 8  13.82 8  18.74 8  22.44 8  20.34 8  16.77 8  15.22 8  21.66 8  24.74 8  23.79 8
           28       17.65 8  7.810 8  9.522 8  14.01 8  19.16 8  22.44 8  20.02 8  16.51 8  15.82 8  21.88 8  24.60 8  23.53 8
           29       17.12 8           9.522 8  14.14 8  19.48 8  22.32 8  19.70 8  16.59 8  15.99 8  21.88 8  24.60 8  23.39 8
           30       16.51 8           9.666 8  14.47 8  19.70 8  22.32 8  19.38 8  16.59 8  16.42 8  22.10 8  24.60 8  23.39 8
           31       15.56 8           9.860 8           19.70 8           19.16 8  16.25 8           22.10 8           23.13 8

MEDIA               21.55 8  10.91 8  8.813 8  12.84 8  17.35 8  21.54 8  21.67 8  17.18 8  15.52 8  19.49 8  23.51 8  24.31 8
TOTAL               668.1 8  305.5 8  273.2 8  385.3 8  537.9 8  646.2 8  671.7 8  532.7 8  465.6 8  604.1 8  705.2 8  753.6 8
MAXIMA              24.60 8  15.08 8  9.860 8  27.06 8  19.70 8  22.44 8  23.26 8  18.75 8  16.42 8  22.10 8  24.74 8  24.60 8

** DATOS PRELIMINARES **              ***  VALORES  ANUALES  ***                                           ** ORIGENES DE DATO **

                                     MEDIA                  17.890                                         8 : EST.  OTROS METODOS
                                     TOTAL                6549.100
                                     MAXIMA                 27.060

                       I D E A M  -  INSTITUTO DE HIDROLOGIA, METEOROLOGIA Y ESTUDIOS AMBIENTALES
                                                                                                              SISTEMA DE INFORMACION
                                    TRANSPORTE DIARIO DE MATERIALES EN SUSPENSION  (K.TON/DIA)                  NACIONAL AMBIENTAL

    FECHA DE PROCESO :  2019/05/21                    ANO  1995                              ESTACION : 29037450  STA HELENA 2

    LATITUD    1004 N               TIPO EST    LM                   DEPTO      BOLIVAR                 FECHA-INSTALACION   1978-JUN
    LONGITUD   7526 W               ENTIDAD     01  IDEAM            MUNICIPIO  ARJONA                  FECHA-SUSPENSION
    ELEVACION  0003 m.s.n.m         REGIONAL    02  ATLANTICO        CORRIENTE  CANAL DEL DIQUE

************************************************************************************************************************************
          DIA       ENERO *  FEBRE *  MARZO *  ABRIL *  MAYO  *  JUNIO *  JULIO *  AGOST *  SEPTI *  OCTUB *  NOVIE *  DICIE *
************************************************************************************************************************************

           01       25.47 8  6.757 8  3.757 8  5.159 8  9.570 8  13.75 8  19.10 8  26.87 8  31.94 8  31.16 8  29.63 8  30.65 8
           02       24.98 8  6.757 8  3.757 8  5.454 8  9.810 8  13.81 8  19.21 8  25.31 8  31.94 8  30.91 8  29.63 8  30.65 8
           03       24.33 8  6.430 8  3.811 8  5.656 8  10.01 8  14.08 8  18.89 8  25.31 8  31.94 8  30.65 8  29.63 8  30.65 8
           04       24.18 8  6.216 8  3.630 8  5.656 8  10.30 8  14.28 8  19.36 8  24.82 8  30.91 8  30.65 8  29.63 8  30.65 8
           05       23.85 8  6.254 8  3.605 8  6.075 8  10.87 8  14.49 8  19.62 8  24.82 8  30.65 8  30.39 8  29.63 8  30.65 8
           06       23.05 8  6.145 8  4.086 8  5.901 8  10.93 8  14.63 8  20.54 8  24.33 8  30.65 8  30.14 8  29.63 8  30.14 8
           07       22.25 8  5.794 8  3.977 8  5.972 8  10.93 8  14.84 8  20.39 8  24.49 8  30.39 8  30.14 8  29.63 8  30.14 8
           08       21.47 8  5.725 8  3.508 8  5.762 8  11.02 8  14.77 8  20.54 8  24.18 8  30.14 8  29.63 8  30.14 8  30.14 8
           09       20.54 8  5.317 8  3.605 8  5.486 8  11.19 8  15.21 8  20.23 8  23.85 8  30.65 8  29.63 8  30.14 8  30.14 8
           10       19.25 8  4.847 8  4.359 8  5.692 8  11.08 8  15.49 8  20.39 8  24.01 8  30.65 8  29.63 8  30.65 8  30.14 8
           11       18.47 8  4.754 8  4.019 8  5.385 8  11.29 8  15.58 8  19.92 8  24.18 8  30.39 8  29.37 8  30.65 8  30.14 8
           12       17.63 8  4.785 8  3.939 8  5.254 8  11.45 8  15.88 8  20.08 8  24.49 8  30.65 8  29.63 8  30.65 8  30.14 8
           13       16.39 8  4.363 8  3.707 8  5.222 8  11.40 8  15.79 8  19.77 8  24.82 8  30.65 8  29.63 8  30.65 8  30.14 8
           14       15.41 8  4.167 8  3.994 8  5.254 8  11.61 8  15.99 8  19.62 8  26.13 8  30.91 8  29.12 8  30.65 8  29.63 8
           15       14.28 8  4.479 8  3.994 8  5.486 8  11.88 8  16.80 8  19.92 8  26.13 8  30.65 8  29.12 8  30.65 8  29.63 8
           16       13.54 8  4.601 8  4.218 8  5.454 8  12.09 8  17.01 8  19.77 8  27.36 8  30.91 8  29.12 8  30.14 8  29.37 8
           17       12.93 8  4.239 8  4.141 8  5.349 8  12.15 8  17.42 8  20.23 8  27.36 8  30.65 8  28.87 8  30.14 8  28.87 8
           18       12.04 8  3.835 8  3.939 8  5.454 8  12.15 8  17.53 8  20.69 8  27.61 8  30.65 8  29.88 8  30.14 8  28.36 8
           19       11.45 8  3.757 8  4.571 8  5.762 8  12.36 8  17.74 8  20.54 8  28.62 8  30.65 8  29.63 8  30.14 8  28.11 8
           20       11.08 8  3.786 8  5.128 8  6.502 8  12.48 8  18.15 8  20.54 8  28.11 8  29.88 8  30.14 8  30.14 8  27.61 8
           21       10.97 8  3.605 8  5.034 8  6.685 8  12.81 8  18.36 8  20.69 8  29.37 8  30.65 8  30.14 8  30.65 8  26.62 8
           22       10.87 8  3.811 8  4.878 8  7.276 8  12.93 8  18.57 8  20.85 8  28.62 8  30.39 8  30.14 8  30.14 8  26.62 8
           23       10.66 8  4.019 8  4.601 8  7.030 8  13.20 8  18.68 8  20.69 8  29.63 8  30.65 8  30.14 8  30.65 8  26.37 8
           24       10.40 8  3.939 8  4.697 8  7.440 8  12.74 8  18.68 8  21.01 8  29.37 8  30.65 8  29.63 8  30.65 8  26.13 8
           25       10.15 8  3.835 8  4.218 8  7.564 8  13.41 8  18.99 8  21.31 8  29.88 8  30.91 8  29.63 8  30.39 8  25.64 8
           26       9.960 8  3.732 8  4.518 8  7.896 8  13.14 8  18.89 8  21.63 8  29.88 8  30.65 8  29.63 8  30.65 8  25.64 8
           27       9.620 8  3.811 8  4.256 8  8.023 8  13.21 8  18.99 8  23.85 8  30.39 8  30.65 8  29.63 8  31.16 8  25.47 8
           28       9.240 8  3.683 8  3.786 8  8.231 8  13.20 8  18.89 8  26.13 8  30.91 8  31.16 8  29.63 8  31.16 8  25.31 8
           29       8.230 8           4.436 8  8.447 8  13.41 8  18.99 8  27.12 8  31.16 8  31.16 8  29.88 8  31.16 8  25.31 8
           30       7.640 8           4.307 8  8.674 8  13.14 8  18.89 8  27.36 8  31.68 8  30.65 8  30.14 8  30.65 8  24.98 8
           31       7.280 8           4.549 8           13.54 8           26.37 8  31.94 8           29.63 8           24.66 8

MEDIA               15.41 8  4.770 8  4.160 8  6.310 8  11.91 8  16.71 8  21.17 8  27.28 8  30.78 8  29.86 8  30.32 8  28.35 8
TOTAL               477.6 8  133.4 8  129.0 8  189.2 8  369.3 8  501.2 8  656.3 8  845.7 8  923.4 8  925.6 8  909.5 8  878.7 8
MAXIMA              25.47 8  6.760 8  5.130 8  8.670 8  13.54 8  18.99 8  27.36 8  31.94 8  31.94 8  31.16 8  31.16 8  30.65 8

** DATOS PRELIMINARES **              ***  VALORES  ANUALES  ***                                           ** ORIGENES DE DATO **

                                     MEDIA                  18.919                                         8 : EST.  OTROS METODOS
                                     TOTAL                6938.900
                                     MAXIMA                 31.940

                       I D E A M  -  INSTITUTO DE HIDROLOGIA, METEOROLOGIA Y ESTUDIOS AMBIENTALES
                                                                                                              SISTEMA DE INFORMACION
                                    TRANSPORTE DIARIO DE MATERIALES EN SUSPENSION  (K.TON/DIA)                  NACIONAL AMBIENTAL

    FECHA DE PROCESO :  2019/05/21                    ANO  1996                              ESTACION : 29037450  STA HELENA 2

    LATITUD    1004 N               TIPO EST    LM                   DEPTO      BOLIVAR                 FECHA-INSTALACION   1978-JUN
    LONGITUD   7526 W               ENTIDAD     01  IDEAM            MUNICIPIO  ARJONA                  FECHA-SUSPENSION
    ELEVACION  0003 m.s.n.m         REGIONAL    02  ATLANTICO        CORRIENTE  CANAL DEL DIQUE

************************************************************************************************************************************
          DIA       ENERO *  FEBRE *  MARZO *  ABRIL *  MAYO  *  JUNIO *  JULIO *  AGOST *  SEPTI *  OCTUB *  NOVIE *  DICIE *
************************************************************************************************************************************

           01       20.22 8  13.73 8  11.00 8  15.10 8  14.65 8  18.36 8  22.17 8  23.77 8  22.70 8  22.08 8  22.08 8  22.34 8
           02       20.07 8  12.44 8  11.05 8  15.75 8  14.77 8  18.67 8  22.17 8  23.68 8  22.70 8  21.81 8  22.25 8  22.34 8
           03       20.07 8  13.79 8  10.81 8  15.49 8  14.84 8  18.98 8  22.17 8  23.77 8  22.87 8  21.49 8  22.17 8  22.34 8
           04       19.91 8  13.11 8  10.95 8  15.30 8  14.91 8  19.37 8  22.17 8  24.32 8  22.87 8  21.73 8  22.52 8  22.70 8
           05       19.75 8  12.50 8  11.20 8  15.43 8  15.37 8  19.21 8  22.25 8  24.13 8  23.14 8  21.90 8  22.17 8  22.52 8
           06       19.52 8  12.17 8  11.25 8  15.49 8  15.17 8  19.37 8  22.34 8  24.32 8  23.23 8  21.73 8  22.17 8  22.43 8
           07       19.21 8  11.95 8  11.44 8  15.69 8  15.43 8  19.75 8  22.34 8  24.32 8  22.87 8  21.73 8  21.98 8  22.25 8
           08       18.82 8  12.01 8  11.54 8  15.63 8  15.75 8  19.91 8  22.17 8  24.13 8  22.70 8  21.81 8  21.98 8  22.08 8
           09       18.52 8  12.34 8  11.85 8  15.75 8  15.75 8  19.91 8  21.90 8  24.05 8  22.87 8  21.90 8  21.98 8  21.98 8
           10       18.29 8  12.44 8  12.06 8  15.75 8  15.89 8  19.91 8  21.90 8  24.05 8  22.97 8  21.73 8  21.98 8  21.81 8
           11       18.21 8  12.61 8  12.23 8  15.82 8  16.09 8  19.83 8  22.25 8  24.13 8  22.61 8  21.57 8  21.98 8  21.65 8
           12       18.06 8  12.89 8  12.55 8  15.56 8  16.15 8  19.91 8  22.43 8  24.13 8  22.70 8  22.79 8  21.98 8  21.49 8
           13       17.77 8  12.78 8  12.89 8  15.49 8  16.29 8  19.91 8  22.52 8  24.05 8  22.70 8  22.70 8  21.98 8  21.49 8
           14       17.70 8  12.61 8  13.06 8  15.56 8  16.15 8  20.07 8  22.52 8  24.13 8  22.70 8  22.52 8  21.98 8  21.41 8
           15       17.64 8  12.39 8  13.22 8  15.56 8  16.22 8  20.15 8  22.70 8  24.05 8  22.61 8  22.52 8  22.17 8  21.33 8
           16       17.50 8  12.34 8  13.39 8  15.63 8  16.49 8  20.22 8  22.79 8  23.77 8  22.61 8  22.52 8  22.34 8  21.33 8
           17       17.36 8  12.39 8  13.73 8  15.63 8  16.55 8  20.22 8  22.70 8  23.77 8  22.43 8  22.61 8  22.61 8  21.33 8
           18       16.75 8  12.34 8  13.73 8  15.63 8  16.62 8  20.38 8  22.70 8  23.87 8  22.25 8  22.17 8  22.79 8  21.25 8
           19       16.49 8  12.55 8  13.95 8  15.56 8  16.69 8  20.54 8  22.70 8  23.77 8  22.52 8  22.08 8  22.61 8  21.17 8
           20       16.42 8  12.28 8  14.30 8  15.56 8  17.23 8  20.78 8  22.70 8  23.77 8  22.34 8  21.90 8  22.61 8  20.93 8
           21       16.29 8  12.39 8  14.65 8  15.69 8  17.23 8  20.85 8  22.70 8  23.59 8  22.17 8  21.90 8  22.52 8  20.62 8
           22       16.09 8  12.23 8  14.65 8  15.63 8  17.36 8  21.17 8  22.87 8  23.59 8  22.08 8  22.08 8  22.52 8  20.54 8
           23       16.09 8  12.39 8  14.65 8  15.49 8  17.57 8  21.17 8  22.87 8  23.68 8  22.08 8  21.90 8  22.34 8  20.46 8
           24       15.82 8  12.23 8  14.97 8  15.11 8  17.64 8  21.17 8  22.87 8  23.59 8  21.98 8  21.73 8  22.34 8  20.22 8
           25       15.75 8  12.01 8  15.10 8  14.52 8  17.70 8  21.49 8  22.97 8  23.23 8  21.98 8  22.08 8  22.25 8  19.91 8
           26       15.49 8  11.90 8  15.10 8  14.47 8  17.98 8  21.57 8  23.23 8  23.14 8  21.98 8  21.90 8  22.17 8  19.68 8
           27       15.30 8  11.69 8  15.23 8  14.58 8  18.06 8  21.98 8  24.22 8  23.23 8  22.25 8  21.90 8  22.25 8  19.60 8
           28       14.91 8  11.30 8  15.23 8  14.84 8  18.06 8  22.17 8  24.22 8  23.14 8  22.17 8  21.81 8  22.08 8  19.29 8
           29       14.84 8  11.10 8  15.17 8  14.84 8  18.29 8  22.17 8  24.05 8  22.87 8  21.90 8  21.73 8  22.08 8  19.21 8
           30       14.65 8           15.23 8  14.77 8  18.44 8  22.17 8  23.96 8  22.87 8  22.08 8  21.90 8  22.34 8  18.90 8
           31       14.12 8           15.23 8           18.52 8           23.96 8  22.87 8           21.98 8           18.36 8

MEDIA               17.34 8  12.38 8  13.27 8  15.38 8  16.58 8  20.38 8  22.76 8  23.74 8  22.50 8  22.01 8  22.24 8  21.06 8
TOTAL               537.6 8  358.9 8  411.4 8  461.3 8  513.9 8  611.4 8  705.5 8  735.8 8  675.1 8  682.2 8  667.2 8  653.0 8
MAXIMA              20.22 8  13.79 8  15.23 8  15.82 8  18.52 8  22.17 8  24.22 8  24.32 8  23.23 8  22.79 8  22.79 8  22.70 8

** DATOS PRELIMINARES **              ***  VALORES  ANUALES  ***                                           ** ORIGENES DE DATO **

                                     MEDIA                  19.137                                         8 : EST.  OTROS METODOS
                                     TOTAL                7013.300
                                     MAXIMA                 24.320

                       I D E A M  -  INSTITUTO DE HIDROLOGIA, METEOROLOGIA Y ESTUDIOS AMBIENTALES
                                                                                                              SISTEMA DE INFORMACION
                                    TRANSPORTE DIARIO DE MATERIALES EN SUSPENSION  (K.TON/DIA)                  NACIONAL AMBIENTAL

    FECHA DE PROCESO :  2019/05/21                    ANO  1997                              ESTACION : 29037450  STA HELENA 2

    LATITUD    1004 N               TIPO EST    LM                   DEPTO      BOLIVAR                 FECHA-INSTALACION   1978-JUN
    LONGITUD   7526 W               ENTIDAD     01  IDEAM            MUNICIPIO  ARJONA                  FECHA-SUSPENSION
    ELEVACION  0003 m.s.n.m         REGIONAL    02  ATLANTICO        CORRIENTE  CANAL DEL DIQUE

************************************************************************************************************************************
          DIA       ENERO *  FEBRE *  MARZO *  ABRIL *  MAYO  *  JUNIO *  JULIO *  AGOST *  SEPTI *  OCTUB *  NOVIE *  DICIE *
************************************************************************************************************************************

           01       18.06 8  9.139 8  6.632 8  3.407 8  6.240 8  5.740 8  10.52 8  6.996 8  6.273 8  9.180 8  10.09 8  13.06 8
           02       17.50 8  8.982 8  6.368 8  3.815 8  6.564 8  5.790 8  10.52 8  7.163 8  6.079 8  9.480 8  10.04 8  13.33 8
           03       17.09 8  8.903 8  5.920 8  3.335 8  6.240 8  5.990 8  10.43 8  7.128 8  5.656 8  9.570 8  9.950 8  13.00 8
           04       16.29 8  8.742 8  5.463 8  3.259 8  6.112 8  6.180 8  10.43 8  7.163 8  5.711 8  9.480 8  9.690 8  12.95 8
           05       15.49 8  8.509 8  5.137 8  3.224 8  6.112 8  6.310 8  10.81 8  7.094 8  5.518 8  9.180 8  9.310 8  12.95 8
           06       14.97 8  8.349 8  4.710 8  3.043 8  5.859 8  6.500 8  11.20 8  7.163 8  5.739 8  9.230 8  9.230 8  13.11 8
           07       14.58 8  8.196 8  4.449 8  3.114 8  5.920 8  6.560 8  11.00 8  7.128 8  5.739 8  9.370 8  9.220 8  13.06 8
           08       14.36 8  8.043 8  4.150 8  3.188 8  5.986 8  6.630 8  10.86 8  7.227 8  6.112 8  9.400 8  9.310 8  12.78 8
           09       14.01 8  7.810 8  3.815 8  3.335 8  5.920 8  6.690 8  10.43 8  7.227 8  6.178 8  9.480 8  9.340 8  12.61 8
           10       13.79 8  7.735 8  3.691 8  3.569 8  5.920 8  6.760 8  10.14 8  6.996 8  6.178 8  9.410 8  9.620 8  12.44 8
           11       13.33 8  7.810 8  3.407 8  3.569 8  5.739 8  6.890 8  10.14 8  6.695 8  5.859 8  9.620 8  9.850 8  12.17 8
           12       13.00 8  7.735 8  3.295 8  3.773 8  5.739 8  7.090 8  10.14 8  6.564 8  6.273 8  9.480 8  10.19 8  11.74 8
           13       12.55 8  7.659 8  3.153 8  3.773 8  5.683 8  7.430 8  10.14 8  6.368 8  6.796 8  9.140 8  10.52 8  11.25 8
           14       11.90 8  7.962 8  3.078 8  3.732 8  5.739 8  7.960 8  10.23 8  6.273 8  6.796 8  8.900 8  11.00 8  10.91 8
           15       11.59 8  8.119 8  3.043 8  3.815 8  5.739 8  8.270 8  10.62 8  6.079 8  7.094 8  8.980 8  11.49 8  10.52 8
           16       11.00 8  8.272 8  3.114 8  3.815 8  5.794 8  8.740 8  10.38 8  5.920 8  7.060 8  9.300 8  11.81 8  10.04 8
           17       10.81 8  8.432 8  3.153 8  3.939 8  5.920 8  8.980 8  10.47 8  5.628 8  6.996 8  9.620 8  12.06 8  9.530 8
           18       10.62 8  8.349 8  3.407 8  3.856 8  5.794 8  9.060 8  10.28 8  5.920 8  7.301 8  9.660 8  12.39 8  9.060 8
           19       10.23 8  8.119 8  3.371 8  3.856 8  5.794 8  9.220 8  9.950 8  6.273 8  7.094 8  9.800 8  12.83 8  8.900 8
           20       9.950 8  8.043 8  3.447 8  3.815 8  5.920 8  9.300 8  9.850 8  6.632 8  6.762 8  9.710 8  13.11 8  8.350 8
           21       9.480 8  7.886 8  3.528 8  3.815 8  5.920 8  9.380 8  9.850 8  6.564 8  6.830 8  9.900 8  12.89 8  8.040 8
           22       9.380 8  7.810 8  3.407 8  3.939 8  5.986 8  9.570 8  9.760 8  6.598 8  6.598 8  10.04 8  12.89 8  7.890 8
           23       9.060 8  7.735 8  3.528 8  4.277 8  5.920 8  9.660 8  9.710 8  6.531 8  6.340 8  10.14 8  12.95 8  7.300 8
           24       9.060 8  7.735 8  3.732 8  4.235 8  5.859 8  9.760 8  9.480 8  6.531 8  6.240 8  10.28 8  13.00 8  7.190 8
           25       8.980 8  7.504 8  4.235 8  4.658 8  5.683 8  9.850 8  9.570 8  6.502 8  6.018 8  10.67 8  13.00 8  7.260 8
           26       8.830 8  7.430 8  4.235 8  5.245 8  5.353 8  9.950 8  9.390 8  6.531 8  6.273 8  10.57 8  13.39 8  6.890 8
           27       8.590 8  7.227 8  4.320 8  5.739 8  5.573 8  10.04 8  8.540 8  6.402 8  7.025 8  10.67 8  13.17 8  6.690 8
           28       8.350 8  6.962 8  4.277 8  6.047 8  5.573 8  10.04 8  7.360 8  6.402 8  7.962 8  10.76 8  13.22 8  5.790 8
           29       8.660 8           4.277 8  5.986 8  5.683 8  10.14 8  7.030 8  6.112 8  8.545 8  10.71 8  13.17 8  5.830 8
           30       8.900 8           4.320 8  5.986 8  5.739 8  10.14 8  7.130 8  6.178 8  8.940 8  10.43 8  12.95 8  5.680 8
           31       9.140 8           3.856 8           5.739 8           7.090 8  6.368 8           10.33 8           5.440 8

MEDIA               11.92 8  8.043 8  4.081 8  4.039 8  5.863 8  8.154 8  9.789 8  6.592 8  6.600 8  9.758 8  11.39 8  9.863 8
TOTAL               369.6 8  225.2 8  126.5 8  121.2 8  181.8 8  244.6 8  303.5 8  204.4 8  198.0 8  302.5 8  341.7 8  305.8 8
MAXIMA              18.06 8  9.139 8  6.632 8  6.047 8  6.564 8  10.14 8  11.20 8  7.227 8  8.940 8  10.76 8  13.39 8  13.33 8

** DATOS PRELIMINARES **              ***  VALORES  ANUALES  ***                                           ** ORIGENES DE DATO **

                                     MEDIA                   8.008                                         8 : EST.  OTROS METODOS
                                     TOTAL                2924.800
                                     MAXIMA                 18.060

                       I D E A M  -  INSTITUTO DE HIDROLOGIA, METEOROLOGIA Y ESTUDIOS AMBIENTALES
                                                                                                              SISTEMA DE INFORMACION
                                    TRANSPORTE DIARIO DE MATERIALES EN SUSPENSION  (K.TON/DIA)                  NACIONAL AMBIENTAL

    FECHA DE PROCESO :  2019/05/21                    ANO  1998                              ESTACION : 29037450  STA HELENA 2

    LATITUD    1004 N               TIPO EST    LM                   DEPTO      BOLIVAR                 FECHA-INSTALACION   1978-JUN
    LONGITUD   7526 W               ENTIDAD     01  IDEAM            MUNICIPIO  ARJONA                  FECHA-SUSPENSION
    ELEVACION  0003 m.s.n.m         REGIONAL    02  ATLANTICO        CORRIENTE  CANAL DEL DIQUE

************************************************************************************************************************************
          DIA       ENERO *  FEBRE *  MARZO *  ABRIL *  MAYO  *  JUNIO *  JULIO *  AGOST *  SEPTI *  OCTUB *  NOVIE *  DICIE *
************************************************************************************************************************************

           01       5.191 8  4.671 8  3.919 8  5.190 8  10.57 8  16.55 8  20.54 8  23.23 8  23.06 8  24.78 8           27.06 8
           02       5.083 8  4.922 8  4.129 8  5.460 8  10.57 8  16.96 8  20.46 8  23.51 8  23.14 8  24.68 8           27.17 8
           03       5.245 8  4.869 8  4.129 8  5.300 8  10.76 8  17.16 8  20.38 8  23.32 8  23.23 8  24.87 8           27.26 8
           04       5.408 8  4.658 8  4.023 8  5.520 8  10.81 8  17.16 8  20.38 8  23.23 8  23.14 8  24.87 8           27.06 8
           05       5.600 8  4.333 8  3.960 8  5.660 8  10.91 8  17.23 8  20.22 8  23.23 8  23.23 8  25.14 8           27.37 8
           06       5.720 8  4.023 8  3.877 8  5.850 8  10.86 8  17.57 8  20.62 8  23.23 8  23.23 8  25.41 8           27.37 8
           07       5.299 8  4.333 8  4.329 8  6.020 8  11.30 8  17.77 8  20.70 8  23.23 8  23.32 8  25.14 8           27.78 8
           08       5.218 8  3.981 8  4.243 8  5.860 8  11.75 8  17.84 8  20.70 8  23.23 8  23.51 8  24.96 8           27.78 8
           09       4.475 8  4.065 8  3.960 8  5.950 8  12.01 8  17.84 8  20.78 8  23.23 8  23.51 8  25.05 8           27.78 8
           10       4.449 8  3.712 8  4.406 8  6.110 8  12.34 8  18.06 8  20.93 8  23.51 8  23.59 8  25.05 8  26.75 8  27.89 8
           11       4.449 8  3.815 8  4.428 8  6.110 8  12.55 8  18.06 8  21.09 8  22.97 8  23.51 8  25.05 8  26.75 8  28.00 8
           12       4.256 8  3.815 8  4.475 8  6.440 8  12.89 8  18.14 8  21.33 8  23.14 8  23.42 8  25.05 8  26.34 8  28.00 8
           13       4.065 8  3.856 8  4.501 8  6.600 8  12.95 8  18.29 8  21.57 8  23.06 8  23.42 8  25.05 8  26.44 8  28.00 8
           14       4.192 8  3.712 8  4.449 8  6.830 8  13.17 8  18.52 8  21.73 8  22.87 8  23.51 8  25.14 8  26.54 8  28.00 8
           15       3.960 8  3.589 8  4.449 8  6.930 8  13.45 8  18.82 8  21.90 8  22.61 8  23.51 8  25.23 8  26.54 8  28.00 8
           16       4.129 8  3.732 8  4.449 8  7.090 8  13.33 8  19.13 8  21.73 8  22.34 8  23.32 8  25.14 8  26.54 8  28.00 8
           17       4.129 8  3.630 8  4.710 8  7.850 8  13.39 8  19.44 8  21.98 8  22.34 8  23.51 8  25.32 8  26.54 8  28.21 8
           18       4.449 8  3.630 8  4.449 8  8.000 8  14.41 8  19.37 8  21.90 8  22.34 8  23.51 8  25.41 8  26.65 8  28.21 8
           19       4.449 8  3.877 8  4.129 8  8.150 8  14.91 8  19.44 8  22.25 8  22.34 8  23.59 8  25.69 8  26.65 8  28.21 8
           20       4.363 8  3.960 8  4.976 8  8.310 8  15.17 8  19.44 8  22.08 8  22.34 8  23.68 8  25.97 8  26.65 8  28.21 8
           21       4.406 8  4.107 8  4.896 8  8.470 8  15.49 8  19.52 8  22.34 8  22.34 8  23.77 8  25.88 8  26.65 8  28.21 8
           22       4.684 8  4.428 8  4.896 8  8.510 8  15.75 8  19.75 8  22.25 8  22.25 8  23.96 8           26.75 8  28.21 8
           23       4.385 8  4.449 8  4.896 8  8.630 8  15.82 8  19.60 8  22.34 8  22.34 8  24.05 8           26.85 8  28.31 8
           24       4.171 8  4.475 8  4.976 8  8.860 8  15.82 8  19.60 8  22.79 8  22.34 8  24.13 8           26.96 8  28.41 8
           25       4.449 8  4.527 8  4.406 8  8.980 8  15.69 8  19.75 8  22.87 8  22.43 8  24.22 8           26.85 8  28.52 8
           26       4.023 8  4.763 8  4.763 8  9.220 8  15.96 8  19.99 8  22.87 8  22.61 8  24.22 8           26.96 8  28.41 8
           27       4.235 8  4.842 8  4.086 8  9.570 8  15.75 8  20.07 8  22.97 8  22.70 8  24.41 8           26.96 8  28.73 8
           28       4.342 8  4.471 8  4.406 8  9.850 8  15.69 8  20.15 8  23.14 8  22.79 8  24.50 8           26.85 8  28.73 8
           29       3.712 8           4.896 8  10.23 8  15.75 8  20.30 8  23.23 8  22.61 8  24.68 8           26.85 8  28.52 8
           30       3.815 8           4.816 8  10.52 8  16.09 8  20.38 8  23.23 8  22.79 8  24.68 8           26.85 8  28.73 8
           31       3.712 8           5.137 8           16.22 8           23.42 8  22.97 8                             28.73 8

MEDIA               4.518 8  4.187 8  4.457 8  7.402 8  13.62 8  18.73 8  21.77 8  22.82 8  23.69 8  25.19 3  26.71 3  28.03 8
TOTAL               140.1 8  117.2 8  138.2 8  222.1 8  422.1 8  561.9 8  674.7 8  707.5 8  710.6 8  528.9 3  560.9 3  868.9 8
MAXIMA              5.720 8  4.922 8  5.137 8  10.52 8  16.22 8  20.38 8  23.42 8  23.51 8  24.68 8  25.97 3  26.96 3  28.73 8

** DATOS PRELIMINARES **              ***  VALORES  ANUALES  ***                                           ** ORIGENES DE DATO **

                                     MEDIA                  16.760                                         3 : INCOMPLETOS
                                     TOTAL                5653.100                                         8 : EST.  OTROS METODOS
                                     MAXIMA                 28.730

                       I D E A M  -  INSTITUTO DE HIDROLOGIA, METEOROLOGIA Y ESTUDIOS AMBIENTALES
                                                                                                              SISTEMA DE INFORMACION
                                    TRANSPORTE DIARIO DE MATERIALES EN SUSPENSION  (K.TON/DIA)                  NACIONAL AMBIENTAL

    FECHA DE PROCESO :  2019/05/21                    ANO  2000                              ESTACION : 29037450  STA HELENA 2

    LATITUD    1004 N               TIPO EST    LM                   DEPTO      BOLIVAR                 FECHA-INSTALACION   1978-JUN
    LONGITUD   7526 W               ENTIDAD     01  IDEAM            MUNICIPIO  ARJONA                  FECHA-SUSPENSION
    ELEVACION  0003 m.s.n.m         REGIONAL    02  ATLANTICO        CORRIENTE  CANAL DEL DIQUE

************************************************************************************************************************************
          DIA       ENERO *  FEBRE *  MARZO *  ABRIL *  MAYO  *  JUNIO *  JULIO *  AGOST *  SEPTI *  OCTUB *  NOVIE *  DICIE *
************************************************************************************************************************************

           01       28.57 8  25.25 8  17.61 8  15.74 8  16.43 8  21.08 8  25.94 8  26.16 8  23.60 8  24.65 8  27.57 8  27.23 8
           02       28.57 8  25.03 8  17.96 8  15.74 8  16.43 8  21.14 8  25.94 8  26.16 8  23.60 8  24.65 8  27.65 8  27.23 8
           03       28.40 8  24.80 8  18.02 8  15.52 8  16.53 8  21.14 8  26.09 8  26.16 8  23.60 8  24.80 8  27.65 8  27.23 8
           04       28.24 8  24.35 8  17.96 8  15.31 8  16.64 8  21.55 8  26.24 8  26.09 8  23.60 8  24.80 8  27.65 8  27.73 8
           05       28.57 8  24.05 8  18.02 8  15.26 8  16.64 8  21.68 8  26.55 8  26.16 8  23.60 8  25.10 8  27.65 8  27.73 8
           06       28.57 8  23.82 8  18.02 8  15.10 8  16.64 8  21.82 8  26.70 8  26.16 8  23.60 8  25.55 8  27.73 8  27.57 8
           07       28.57 8  23.52 8  18.14 8  15.21 8  16.86 8  22.08 8  27.08 8  26.16 8  23.60 8  25.71 8  27.73 8  27.57 8
           08       28.40 8  23.24 8  18.26 8  15.26 8  16.96 8  22.29 8  27.08 8  26.01 8  23.75 8  26.01 8  27.57 8  27.57 8
           09       28.40 8  23.04 8  18.32 8  15.31 8  17.25 8  22.50 8  27.08 8  26.01 8  23.75 8  26.39 8  27.57 8  27.57 8
           10       28.40 8  22.77 8  18.44 8  15.21 8  17.78 8  22.50 8  26.93 8  26.01 8  23.75 8  26.47 8  27.57 8  27.40 8
           11       28.07 8  22.56 8  18.44 8  15.00 8  18.08 8  22.56 8  26.85 8  26.01 8  23.75 8  26.62 8  27.65 8  27.23 8
           12       28.07 8  22.29 8  18.44 8  15.47 8  18.20 8  22.63 8  26.77 8  26.01 8  23.75 8  26.77 8  27.73 8  27.23 8
           13       28.07 8  22.02 8  18.50 8  15.37 8  18.02 8  22.90 8  26.77 8  26.01 8  23.75 8  26.93 8  27.73 8  27.08 8
           14       28.07 8  21.75 8  18.20 8  15.21 8  18.14 8  23.04 8  26.77 8  26.01 8  23.75 8  27.08 8  27.73 8  26.77 8
           15       28.07 8  21.48 8  17.96 8  15.21 8  18.20 8  23.04 8  26.70 8  25.86 8  23.90 8  27.08 8  27.65 8  26.62 8
           16       27.90 8  21.21 8  17.67 8  15.21 8  18.32 8  23.17 8  26.70 8  25.86 8  23.90 8  27.32 8  27.57 8  26.39 8
           17       27.90 8  20.94 8  17.31 8  15.21 8  18.38 8  23.38 8  26.70 8  25.86 8  24.19 8  27.40 8  27.57 8  26.16 8
           18       27.57 8  20.67 8  17.19 8  15.37 8  18.74 8  23.60 8  26.77 8  25.86 8  24.19 8  27.57 8  27.57 8  26.09 8
           19       27.57 8  20.40 8  16.80 8  15.37 8  18.98 8  23.75 8  26.70 8  25.86 8  24.19 8  27.57 8  27.57 8  25.94 8
           20       27.40 8  20.14 8  16.64 8  15.47 8  19.04 8  23.90 8  26.70 8  25.55 8  24.35 8  27.57 8  27.57 8  25.63 8
           21       27.23 8  19.89 8  16.70 8  15.58 8  19.16 8  24.05 8  26.70 8  25.55 8  24.50 8  26.01 8  27.57 8  25.33 8
           22       27.08 8  19.65 8  16.53 8  15.47 8  19.35 8  24.19 8  26.70 8  25.55 8  24.50 8  26.01 8  27.57 8  25.03 8
           23       27.08 8  19.40 8  16.48 8  15.68 8  19.58 8  24.50 8  26.62 8  25.40 8  24.50 8  26.01 8  27.57 8  24.72 8
           24       26.93 8  19.16 8  16.27 8  15.79 8  20.08 8  24.65 8  26.62 8  25.40 8  24.50 8  26.01 8  27.57 8  24.42 8
           25       26.93 8  18.92 8  16.16 8  15.84 8  20.40 8  25.18 8  26.62 8  25.40 8  24.50 8  26.01 8  27.57 8  24.12 8
           26       26.77 8  18.62 8  15.95 8  16.16 8  20.67 8  25.86 8  26.47 8  25.40 8  24.50 8  27.57 8  27.40 8  23.75 8
           27       26.62 8  18.14 8  15.79 8  16.27 8  20.67 8  25.71 8  26.31 8  25.25 8  24.50 8  27.57 8  27.40 8  23.38 8
           28       26.39 8  17.84 8  15.74 8  16.22 8  20.74 8  25.55 8  26.31 8  25.25 8  24.50 8  27.57 8  27.40 8  22.97 8
           29       26.01 8  17.67 8  15.84 8  16.22 8  20.74 8  25.79 8  26.16 8  25.25 8  24.50 8  27.65 8  27.23 8  22.90 8
           30       25.71 8           15.74 8  16.43 8  20.74 8  26.01 8  26.16 8  25.25 8  24.50 8  27.73 8  27.23 8  22.83 8
           31       25.40 8           15.74 8           20.74 8           26.16 8  25.25 8           27.73 8           22.56 8

MEDIA               27.60 8  21.47 8  17.25 8  15.54 8  18.55 8  23.37 8  26.58 8  25.77 8  24.04 8  26.51 8  27.57 8  25.87 8
TOTAL               855.5 8  622.6 8  534.8 8  466.2 8  575.1 8  701.2 8  823.9 8  798.9 8  721.2 8  821.9 8  827.2 8  802.0 8
MAXIMA              28.57 8  25.25 8  18.50 8  16.43 8  20.74 8  26.01 8  27.08 8  26.16 8  24.50 8  27.73 8  27.73 8  27.73 8

** DATOS PRELIMINARES **              ***  VALORES  ANUALES  ***                                           ** ORIGENES DE DATO **

                                     MEDIA                  23.343                                         8 : EST.  OTROS METODOS
                                     TOTAL                8550.500
                                     MAXIMA                 28.570

                       I D E A M  -  INSTITUTO DE HIDROLOGIA, METEOROLOGIA Y ESTUDIOS AMBIENTALES
                                                                                                              SISTEMA DE INFORMACION
                                    TRANSPORTE DIARIO DE MATERIALES EN SUSPENSION  (K.TON/DIA)                  NACIONAL AMBIENTAL

    FECHA DE PROCESO :  2019/05/21                    ANO  2001                              ESTACION : 29037450  STA HELENA 2

    LATITUD    1004 N               TIPO EST    LM                   DEPTO      BOLIVAR                 FECHA-INSTALACION   1978-JUN
    LONGITUD   7526 W               ENTIDAD     01  IDEAM            MUNICIPIO  ARJONA                  FECHA-SUSPENSION
    ELEVACION  0003 m.s.n.m         REGIONAL    02  ATLANTICO        CORRIENTE  CANAL DEL DIQUE

************************************************************************************************************************************
          DIA       ENERO *  FEBRE *  MARZO *  ABRIL *  MAYO  *  JUNIO *  JULIO *  AGOST *  SEPTI *  OCTUB *  NOVIE *  DICIE *
************************************************************************************************************************************

           01       21.77 8  10.11 8  6.319 8  7.937 8  6.895 8  11.66 8  12.52 8  12.14 8  7.814 8  12.05 8  16.31 8  18.19 8
           02       21.29 8  9.983 8  6.108 8  7.873 8  6.744 8  11.66 8  12.43 8  12.24 8  7.814 8  12.24 8  16.42 8  18.00 8
           03       20.80 8  9.748 8  6.213 8  7.937 8  6.744 8  12.00 8  12.28 8  12.14 8  8.165 8  12.14 8  16.58 8  18.19 8
           04       20.39 8  9.356 8  6.518 8  7.687 8  6.682 8  12.38 8  12.28 8  12.43 8  8.651 8  12.24 8  16.53 8  18.19 8
           05       19.86 8  8.864 8  6.403 8  7.687 8  6.802 8  12.66 8  12.24 8  12.43 8  9.823 8  12.10 8  16.53 8  18.43 8
           06       19.67 8  8.302 8  6.345 8  7.411 8  6.744 8  12.75 8  12.05 8  12.56 8  10.28 8  12.52 8  16.47 8  18.50 8
           07       19.30 8  7.873 8  6.055 8  7.873 8  6.744 8  12.56 8  11.87 8  12.70 8  10.48 8  12.61 8  16.42 8  18.68 8
           08       19.11 8  7.565 8  5.977 8  6.802 8  6.954 8  12.84 8  11.66 8  12.75 8  10.73 8  12.61 8  16.09 8  18.68 8
           09       18.00 8  7.353 8  5.977 8  6.478 8  6.954 8  12.94 8  11.74 8  12.79 8  10.73 8  13.03 8  16.36 8  18.68 8
           10       16.91 8  7.227 8  6.055 8  6.372 8  6.833 8  13.17 8  11.70 8  12.61 8  11.32 8  13.03 8  16.42 8  19.05 8
           11       16.69 8  7.380 8  6.429 8  6.651 8  7.200 8  13.22 8  11.83 8  12.38 8  11.61 8  13.50 8  16.58 8  19.11 8
           12       15.98 8  7.506 8  6.864 8  6.535 8  7.380 8  13.26 8  11.96 8  12.14 8  11.79 8  13.55 8  16.58 8  19.17 8
           13       15.71 8  7.258 8  7.200 8  6.535 8  7.687 8  13.41 8  11.96 8  11.74 8  11.96 8  13.60 8  16.58 8  19.17 8
           14       14.64 8  7.047 8  7.200 8  6.771 8  8.073 8  13.50 8  12.10 8  11.32 8  12.24 8  13.83 8  16.58 8  19.30 8
           15       14.12 8  6.895 8  7.506 8  6.651 8  9.109 8  13.55 8  12.28 8  11.03 8  12.47 8  13.83 8  16.53 8  19.42 8
           16       13.74 8  6.713 8  7.474 8  6.504 8  9.323 8  13.60 8  12.10 8  10.77 8  12.47 8  13.83 8  16.91 8  19.24 8
           17       13.55 8  6.651 8  7.443 8  6.651 8  9.533 8  13.41 8  12.33 8  10.28 8  12.70 8  13.93 8  16.87 8  19.48 8
           18       13.31 8  6.451 8  7.380 8  6.713 8  9.678 8  13.41 8  11.91 8  9.819 8  12.70 8  13.93 8  16.93 8  19.36 8
           19       12.66 8  6.345 8  7.200 8  6.651 8  9.823 8  13.36 8  11.83 8  9.678 8  11.40 8  14.07 8  17.21 8  19.48 8
           20       12.10 8  6.240 8  7.074 8  7.047 8  9.983 8  13.26 8  11.74 8  9.570 8  11.92 8  14.64 8  17.21 8  19.42 8
           21       12.00 8  6.055 8  6.904 8  7.137 8  10.11 8  13.26 8  11.79 8  9.533 8  11.92 8  14.74 8  17.33 8  19.48 8
           22       11.91 8  5.846 8  6.611 8  7.258 8  10.19 8  13.41 8  11.83 8  9.463 8  12.05 8  14.85 8  17.45 8  19.48 8
           23       11.79 8  5.741 8  6.664 8  7.533 8  10.28 8  13.50 8  12.00 8  9.109 8  12.05 8  15.06 8  17.70 8  19.48 8
           24       11.61 8  5.741 8  6.833 8  7.565 8  10.32 8  13.55 8  12.24 8  8.757 8  12.10 8  14.95 8  17.64 8  19.48 8
           25       11.61 8  5.872 8  7.443 8  7.565 8  10.32 8  13.55 8  12.24 8  8.757 8  12.24 8  15.33 8  17.70 8  19.67 8
           26       11.70 8  6.029 8  7.873 8  7.506 8  10.65 8  13.60 8  12.33 8  8.651 8  12.05 8  15.39 8  17.76 8  19.67 8
           27       11.61 8  6.187 8  8.197 8  6.895 8  10.82 8  13.55 8  12.33 8  8.476 8  12.05 8  15.87 8  17.88 8  19.61 8
           28       11.58 8  6.266 8  8.619 8  6.593 8  11.40 8  13.36 8  12.10 8  8.545 8  12.05 8  16.03 8  17.88 8  19.42 8
           29       11.49 8           8.408 8  6.531 8  11.58 8  13.17 8  12.10 8  8.197 8  12.05 8  15.98 8  18.00 8  19.42 8
           30       11.15 8           8.128 8  6.531 8  11.66 8  12.89 8  12.10 8  8.028 8  12.10 8  16.15 8  18.06 8  19.42 8
           31       10.65 8           7.937 8           11.66 8           12.10 8  7.841 8           16.09 8           19.55 8

MEDIA               15.06 8  7.236 8  7.012 8  7.063 8  8.866 8  13.08 8  12.06 8  10.61 8  11.26 8  13.99 8  16.98 8  19.11 8
TOTAL               466.7 8  202.6 8  217.4 8  211.9 8  274.9 8  392.4 8  374.0 8  328.9 8  337.7 8  433.7 8  509.5 8  592.4 8
MAXIMA              21.77 8  10.11 8  8.619 8  7.937 8  11.66 8  13.60 8  12.52 8  12.79 8  12.70 8  16.15 8  18.06 8  19.67 8

** DATOS PRELIMINARES **              ***  VALORES  ANUALES  ***                                           ** ORIGENES DE DATO **

                                     MEDIA                  11.861                                         8 : EST.  OTROS METODOS
                                     TOTAL                4342.100
                                     MAXIMA                 21.770

                       I D E A M  -  INSTITUTO DE HIDROLOGIA, METEOROLOGIA Y ESTUDIOS AMBIENTALES
                                                                                                              SISTEMA DE INFORMACION
                                    TRANSPORTE DIARIO DE MATERIALES EN SUSPENSION  (K.TON/DIA)                  NACIONAL AMBIENTAL

    FECHA DE PROCESO :  2019/05/21                    ANO  2002                              ESTACION : 29037450  STA HELENA 2

    LATITUD    1004 N               TIPO EST    LM                   DEPTO      BOLIVAR                 FECHA-INSTALACION   1978-JUN
    LONGITUD   7526 W               ENTIDAD     01  IDEAM            MUNICIPIO  ARJONA                  FECHA-SUSPENSION
    ELEVACION  0003 m.s.n.m         REGIONAL    02  ATLANTICO        CORRIENTE  CANAL DEL DIQUE

************************************************************************************************************************************
          DIA       ENERO *  FEBRE *  MARZO *  ABRIL *  MAYO  *  JUNIO *  JULIO *  AGOST *  SEPTI *  OCTUB *  NOVIE *  DICIE *
************************************************************************************************************************************

           01       19.61 8  12.00 8  7.506 8  9.678 8  17.15 8  18.50 8  19.92 8  17.45 8  13.88 8  16.09 8  19.61 8  19.05 8
           02       19.61 8  11.66 8  7.443 8  10.40 8  17.45 8  18.74 8  19.73 8  17.09 8  14.07 8  16.69 8  19.80 8  18.93 8
           03       19.48 8  11.24 8  7.443 8  10.73 8  17.64 8  18.93 8  19.67 8  16.75 8  14.58 8  17.33 8  19.92 8  18.68 8
           04       19.48 8  10.69 8  7.660 8  10.65 8  17.88 8  19.17 8  19.67 8  16.42 8  15.01 8  17.45 8  19.86 8  18.62 8
           05       19.48 8  10.36 8  7.474 8  10.56 8  17.94 8  19.55 8  19.73 8  16.03 8  15.33 8  17.27 8  19.80 8  18.87 8
           06       19.36 8  10.15 8  7.506 8  10.61 8  17.76 8  19.61 8  19.67 8  15.82 8  15.33 8  17.09 8  19.92 8  18.68 8
           07       19.24 8  9.758 8  7.290 8  10.36 8  17.70 8  19.80 8  19.55 8  15.66 8  15.44 8  17.09 8  19.86 8  18.80 8
           08       19.11 8  9.109 8  7.200 8  10.15 8  17.57 8  19.86 8  19.67 8  15.60 8  15.44 8  16.97 8  20.26 8  18.74 8
           09       19.05 8  9.040 8  6.833 8  10.11 8  17.57 8  19.92 8  19.61 8  15.44 8  15.28 8  16.64 8  21.49 8  18.56 8
           10       19.05 8  8.970 8  6.717 8  10.07 8  17.51 8  20.18 8  19.48 8  15.33 8  15.06 8  16.64 8  22.18 8  18.43 8
           11       18.99 8  8.582 8  6.372 8  10.40 8  17.33 8  20.25 8  19.80 8  14.90 8  14.85 8  16.75 8  22.68 8  18.06 8
           12       18.87 8  8.444 8  6.478 8  10.73 8  17.27 8  19.92 8  19.73 8  14.58 8  14.58 8  16.75 8  23.02 8  17.70 8
           13       18.74 8  8.128 8  6.895 8  11.11 8  17.27 8  19.73 8  19.61 8  14.53 8  14.42 8  17.15 8  23.44 8  17.33 8
           14       18.74 8  7.750 8  6.895 8  11.58 8  17.33 8  19.86 8  19.55 8  14.31 8  14.26 8  16.69 8  22.74 8  16.75 8
           15       18.37 8  7.565 8  6.895 8  11.87 8  17.27 8  19.86 8  19.42 8  14.07 8  14.16 8  17.64 8  21.98 8  16.36 8
           16       18.25 8  7.474 8  6.985 8  12.38 8  17.09 8  19.98 8  19.42 8  13.69 8  14.02 8  16.47 8  21.29 8  15.60 8
           17       17.76 8  7.353 8  7.016 8  12.61 8  16.91 8  20.05 8  19.24 8  13.26 8  13.93 8  16.98 8  20.52 8  15.01 8
           18       17.15 8  7.411 8  6.985 8  12.79 8  16.75 8  19.86 8  19.17 8  13.03 8  13.83 8  16.71 8  20.60 8  14.74 8
           19       16.91 8  7.321 8  6.954 8  12.99 8  16.47 8  20.11 8  19.11 8  12.70 8  13.93 8  16.26 8  20.94 8  15.06 8
           20       16.58 8  7.474 8  7.258 8  13.13 8  16.42 8  19.98 8  19.05 8  12.52 8  14.16 8  16.20 8  21.29 8  15.55 8
           21       16.03 8  7.380 8  7.814 8  13.22 8  16.26 8  19.73 8  18.93 8  12.33 8  14.47 8  16.15 8  21.14 8  15.87 8
           22       15.76 8  7.596 8  7.769 8  13.41 8  16.20 8  19.73 8  18.68 8  12.24 8  14.53 8  16.20 8  21.08 8  16.20 8
           23       15.22 8  7.855 8  8.147 8  13.60 8  16.75 8  19.86 8  18.56 8  12.38 8  14.90 8  16.26 8  20.94 8  16.36 8
           24       14.68 8  7.855 8  8.426 8  13.88 8  17.21 8  20.11 8  18.43 8  12.66 8  15.17 8  16.47 8  20.80 8  16.70 8
           25       14.42 8  7.760 8  8.426 8  14.37 8  17.45 8  19.80 8  18.31 8  13.13 8  15.39 8  16.75 8  20.73 8  16.91 8
           26       14.16 8  7.506 8  8.896 8  14.90 8  17.82 8  19.98 8  18.31 8  13.50 8  15.49 8  17.16 8  20.60 8  16.85 8
           27       13.55 8  7.258 8  9.216 8  15.28 8  18.06 8  19.99 8  18.25 8  13.60 8  15.33 8  17.51 8  20.39 8  16.69 8
           28       13.22 8  7.258 8  9.179 8  15.93 8  18.37 8  19.73 8  18.13 8  13.31 8  15.17 8  18.00 8  20.04 8  16.42 8
           29       12.84 8           9.179 8  16.15 8  18.43 8  19.92 8  17.94 8  13.50 8  15.06 8  18.56 8  19.55 8  16.86 8
           30       12.61 8           9.323 8  16.58 8  18.50 8  19.86 8  17.76 8  13.50 8  15.60 8  18.99 8  19.17 8  16.47 8
           31       12.38 8           9.570 8           18.87 8           17.88 8  13.60 8           19.42 8           15.60 8

MEDIA               17.06 8  8.605 8  7.669 8  12.34 8  17.43 8  19.75 8  19.10 8  14.29 8  14.76 8  17.04 8  20.85 8  17.11 8
TOTAL               528.7 8  240.9 8  237.8 8  370.2 8  540.2 8  592.6 8  592.0 8  442.9 8  442.7 8  528.3 8  625.6 8  530.5 8
MAXIMA              19.61 8  12.00 8  9.570 8  16.58 8  18.87 8  20.25 8  19.92 8  17.45 8  15.60 8  19.42 8  23.44 8  19.05 8

** DATOS PRELIMINARES **              ***  VALORES  ANUALES  ***                                           ** ORIGENES DE DATO **

                                     MEDIA                  15.500                                         8 : EST.  OTROS METODOS
                                     TOTAL                5672.400
                                     MAXIMA                 23.440

                       I D E A M  -  INSTITUTO DE HIDROLOGIA, METEOROLOGIA Y ESTUDIOS AMBIENTALES
                                                                                                              SISTEMA DE INFORMACION
                                    TRANSPORTE DIARIO DE MATERIALES EN SUSPENSION  (K.TON/DIA)                  NACIONAL AMBIENTAL

    FECHA DE PROCESO :  2019/05/21                    ANO  2003                              ESTACION : 29037450  STA HELENA 2

    LATITUD    1004 N               TIPO EST    LM                   DEPTO      BOLIVAR                 FECHA-INSTALACION   1978-JUN
    LONGITUD   7526 W               ENTIDAD     01  IDEAM            MUNICIPIO  ARJONA                  FECHA-SUSPENSION
    ELEVACION  0003 m.s.n.m         REGIONAL    02  ATLANTICO        CORRIENTE  CANAL DEL DIQUE

************************************************************************************************************************************
          DIA       ENERO *  FEBRE *  MARZO *  ABRIL *  MAYO  *  JUNIO *  JULIO *  AGOST *  SEPTI *  OCTUB *  NOVIE *  DICIE *
************************************************************************************************************************************

           01       15.49 8  6.518 8  6.385 8           12.94 8  14.53 8  19.42 8  19.92 8  18.68 8  18.43 8  23.23 8  25.62 8
           02       15.28 8  6.328 8  5.872 8           13.17 8  14.58 8  19.42 8  19.92 8  18.68 8  18.50 8  23.02 8  25.70 8
           03       15.06 8  6.438 8  5.793 8           13.36 8  14.85 8  19.61 8  20.04 8  18.62 8  18.56 8  22.88 8  25.70 8
           04       14.22 8  6.540 8  5.846 8           13.26 8  14.95 8  19.61 8  20.11 8  18.43 8  18.68 8  22.81 8  25.78 8
           05       14.44 8  6.487 8  6.003 8           13.13 8  15.12 8  19.67 8  20.04 8  18.00 8  18.99 8  22.95 8  26.01 8
           06       14.03 8  6.478 8  6.213 8           13.03 8  15.22 8  19.67 8  20.05 8  17.64 8  19.24 8  22.95 8  26.64 8
           07       13.26 8  6.593 8  6.055 8           12.99 8  15.49 8  19.67 8  19.99 8  17.27 8  19.42 8  23.09 8  27.61 8
           08       12.33 8  6.620 8  6.187 8           13.03 8  15.60 8  19.67 8  20.05 8  16.96 8  19.48 8  23.09 8  27.52 8
           09       11.70 8  6.682 8  6.434 8           13.03 8  15.66 8  19.67 8  19.98 8  16.85 8  19.73 8  23.09 8  27.20 8
           10       10.82 8  6.651 8  6.558 8           12.99 8  15.60 8  19.67 8  20.05 8  16.75 8  19.98 8  23.09 8  26.96 8
           11       9.983 8  6.744 8  6.504 8           12.84 8  15.55 8  19.67 8  20.18 8  16.75 8  20.18 8  23.16 8  26.64 8
           12       9.286 8  6.833 8  6.491 8           12.89 8  15.87 8  19.73 8  20.11 8  16.80 8  20.25 8  23.37 8  26.64 8
           13       8.794 8  6.602 8  6.139 8           12.94 8  15.87 8  19.92 8  20.04 8  16.97 8  20.32 8  23.51 8  26.64 8
           14       8.619 8  6.108 8  5.715 8           13.03 8  15.98 8  20.04 8  20.04 8  16.96 8  20.46 8  23.51 8  26.49 8
           15       8.302 8  6.003 8  6.117 8           13.22 8  16.15 8  20.25 8  20.04 8  16.96 8  21.14 8  23.51 8  26.33 8
           16       8.064 8  6.082 8  6.003 8           13.41 8  16.53 8  20.46 8  20.04 8  16.96 8  21.56 8  23.51 8  26.17 8
           17       7.814 8  6.275 8  6.187 8           13.41 8  16.64 8  20.46 8  19.92 8  17.03 8  21.63 8  23.67 8  26.01 8
           18       7.380 8  6.301 8  5.924 8           13.26 8  17.45 8  20.60 8  19.92 8  17.09 8  21.91 8  23.82 8  26.09 8
           19       7.290 8  6.407 8  6.187 8           13.69 8  18.31 8  20.60 8  19.86 8  16.85 8  22.18 8  23.75 8  26.17 8
           20       7.443 8  6.491 8  6.213 8           13.74 8  18.56 8  20.52 8  19.67 8  16.85 8  22.40 8  23.67 8  26.17 8
           21       7.506 8  6.593 8  6.381 8           13.78 8  18.68 8  20.39 8  19.61 8  16.96 8  22.40 8  23.67 8  26.33 8
           22       7.628 8  6.673 8  6.381 8           14.02 8  18.93 8  20.32 8  19.55 8  17.03 8  22.33 8  23.75 8  26.33 8
           23       7.692 8  6.611 8  6.815 8           14.07 8  19.05 8  20.25 8  19.42 8  17.21 8  22.18 8  23.98 8  26.33 8
           24       7.533 8  6.558 8  7.146 8           14.17 8  19.11 8  20.25 8  18.99 8  17.21 8  22.12 8  24.14 8  26.33 8
           25       7.565 8  6.500 8  6.940 8           14.07 8  19.11 8  20.11 8  18.87 8  17.21 8  22.12 8  24.45 8  26.33 8
           26       7.506 8  6.434 8  6.873 8           14.12 8  19.17 8  19.92 8  18.99 8  17.33 8  22.18 8  24.76 8  26.33 8
           27       7.137 8  6.328 8  7.079 8           14.16 8  19.30 8  20.05 8  18.99 8  17.70 8  22.33 8  24.92 8  26.33 8
           28       7.074 8  6.350 8  6.593 8           14.22 8  19.30 8  20.04 8  18.87 8  18.00 8  22.53 8  25.07 8  26.33 8
           29       6.833 8           6.713 8           14.26 8  19.30 8  19.92 8  18.74 8  18.19 8  22.95 8  25.07 8  26.33 8
           30       6.922 8           6.629 8           14.42 8  19.42 8  19.98 8  18.80 8  18.62 8  23.02 8  25.38 8  26.33 8
           31       6.540 8           6.319 8           14.53 8           19.98 8  18.87 8           23.02 8           26.33 8

MEDIA               9.662 8  6.472 8  6.345 8           13.52 8  17.00 8  19.99 8  19.67 8  17.42 8  20.98 8  23.70 8  26.38 8
TOTAL               299.5 8  181.2 8  196.7 8           419.2 8  509.9 8  619.5 8  609.7 8  522.6 8  650.2 8  710.9 8  817.7 8
MAXIMA              15.49 8  6.833 8  7.146 8           14.53 8  19.42 8  20.60 8  20.18 8  18.68 8  23.02 8  25.38 8  27.61 8

** DATOS PRELIMINARES **              ***  VALORES  ANUALES  ***                                           ** ORIGENES DE DATO **

                                     MEDIA                  16.467                                         8 : EST.  OTROS METODOS
                                     TOTAL                5537.100
                                     MAXIMA                 27.610

                       I D E A M  -  INSTITUTO DE HIDROLOGIA, METEOROLOGIA Y ESTUDIOS AMBIENTALES
                                                                                                              SISTEMA DE INFORMACION
                                    TRANSPORTE DIARIO DE MATERIALES EN SUSPENSION  (K.TON/DIA)                  NACIONAL AMBIENTAL

    FECHA DE PROCESO :  2019/05/21                    ANO  2004                              ESTACION : 29037450  STA HELENA 2

    LATITUD    1004 N               TIPO EST    LM                   DEPTO      BOLIVAR                 FECHA-INSTALACION   1978-JUN
    LONGITUD   7526 W               ENTIDAD     01  IDEAM            MUNICIPIO  ARJONA                  FECHA-SUSPENSION
    ELEVACION  0003 m.s.n.m         REGIONAL    02  ATLANTICO        CORRIENTE  CANAL DEL DIQUE

************************************************************************************************************************************
          DIA       ENERO *  FEBRE *  MARZO *  ABRIL *  MAYO  *  JUNIO *  JULIO *  AGOST *  SEPTI *  OCTUB *  NOVIE *  DICIE *
************************************************************************************************************************************

           01       17.76 8  11.49 8  4.055 8           9.003 8  12.84 8  12.75 8  12.56 8  11.49 8  14.02 8  16.20 8  17.45 8
           02       17.70 8  11.15 8  4.072 8           9.286 8  12.94 8  12.52 8  12.56 8  11.49 8  14.02 8  16.31 8  17.45 8
           03       17.64 8  10.77 8  3.940 8           9.249 8  13.03 8  12.43 8  12.56 8  11.49 8  14.02 8  16.75 8  17.33 8
           04       17.51 8  10.32 8  4.072 8  3.377 8  9.393 8  12.99 8  12.38 8  12.66 8  11.45 8  13.97 8  16.75 8  17.33 8
           05       17.27 8  9.823 8  3.977 8  3.450 8  9.463 8  13.08 8  12.38 8  12.61 8  11.49 8  13.97 8  16.85 8  17.33 8
           06       17.33 8  9.393 8  3.940 8  3.434 8  9.795 8  13.22 8  12.38 8  12.56 8  11.53 8  14.02 8  16.97 8  17.33 8
           07       17.21 8  8.896 8  3.903 8  3.563 8  9.950 8  13.31 8  12.38 8  12.47 8  11.49 8  13.93 8  17.03 8  17.27 8
           08       17.15 8  8.339 8  3.862 8  3.637 8  10.07 8  13.41 8  12.24 8  12.38 8  11.49 8  13.93 8  17.03 8  17.21 8
           09       17.15 8  7.996 8  3.882 8  3.767 8  10.19 8  13.50 8  11.74 8  12.33 8  11.61 8  13.97 8  17.39 8  17.21 8
           10       16.96 8  7.750 8  3.903 8  3.919 8  10.48 8  13.55 8  11.66 8  12.33 8  11.87 8  13.93 8  18.06 8  17.21 8
           11       16.69 8  7.380 8  3.825 8  3.714 8  10.19 8  14.03 8  11.53 8  12.33 8  12.24 8  14.02 8  18.56 8  17.21 8
           12       16.47 8  7.047 8  3.825 8  3.673 8  10.61 8  13.88 8  11.40 8  12.19 8  12.38 8  14.11 8  18.56 8  17.21 8
           13       16.03 8  6.771 8  3.825 8  3.563 8  10.69 8  14.02 8  11.49 8  12.05 8  12.61 8  14.16 8  18.31 8  17.21 8
           14       15.33 8  6.403 8  3.845 8  3.450 8  10.69 8  14.21 8  11.36 8  11.91 8  12.70 8  14.27 8  18.19 8  17.21 8
           15       14.74 8  5.846 8  3.751 8           10.61 8  14.31 8  11.45 8  11.96 8  12.99 8  14.27 8  17.94 8  17.21 8
           16       14.53 8  5.352 8  3.637 8  3.470 8  10.65 8  14.31 8  11.49 8  11.96 8  13.22 8  14.32 8  17.76 8  17.09 8
           17       14.31 8  5.009 8  3.414 8  3.414 8  10.82 8  14.26 8  11.49 8  11.83 8  13.26 8  14.37 8  17.64 8  16.96 8
           18       14.26 8  4.839 8  3.301 8  3.507 8  10.69 8  14.16 8  11.49 8  11.74 8  13.31 8  14.68 8  17.64 8  16.85 8
           19       14.16 8  4.882 8           3.767 8  10.98 8  14.07 8  11.61 8  11.74 8  13.31 8  14.64 8  17.57 8  16.85 8
           20       14.07 8  4.691 8           4.093 8  11.07 8  14.02 8  11.70 8  11.66 8  13.31 8  14.64 8  17.57 8  16.85 8
           21       13.97 8  4.376 8           4.586 8  11.19 8  13.97 8  11.79 8  11.61 8  13.36 8  14.64 8  17.51 8  16.85 8
           22       13.88 8  4.292 8           5.009 8  11.32 8  14.02 8  11.83 8  11.94 8  13.36 8  14.79 8  17.57 8  16.85 8
           23       13.69 8  4.172 8  3.229 8  5.275 8  11.53 8  14.11 8  11.96 8  11.70 8  13.26 8  14.95 8  17.57 8  16.85 8
           24       13.69 8  4.072 8           5.793 8  11.66 8  14.02 8  12.00 8  11.70 8  13.26 8  15.12 8  17.57 8  16.85 8
           25       13.60 8  3.940 8           6.954 8  11.96 8  13.93 8  12.00 8  11.70 8  13.22 8  15.28 8  17.51 8  16.85 8
           26       13.60 8  4.151 8           7.380 8  12.24 8  13.78 8  12.10 8  11.58 8  13.41 8  15.44 8  17.45 8  16.85 8
           27       13.50 8  4.072 8           7.628 8  12.47 8  13.60 8  12.14 8  11.45 8  13.46 8  15.60 8  17.45 8  16.75 8
           28       13.36 8  4.014 8           7.873 8  12.47 8  13.36 8  12.14 8  11.28 8  13.60 8  15.76 8  17.45 8  16.69 8
           29       12.84 8  4.014 8           8.476 8  12.66 8  13.13 8  12.14 8  11.15 8  13.74 8  15.93 8  17.45 8  16.58 8
           30       12.38 8                    8.896 8  12.84 8  12.99 8  12.19 8  11.32 8  13.93 8  16.09 8  17.45 8  16.53 8
           31       11.96 8                             12.84 8           12.24 8  11.32 8           16.15 8           16.53 8

MEDIA               15.19 8  6.595 8  3.803 3  4.833 3  10.87 8  13.67 8  11.95 8  11.97 8  12.64 8  14.61 8  17.47 8  17.03 8
TOTAL               470.7 8  191.3 8    *      125.7 3  337.1 8  410.1 8  370.4 8  371.1 8  379.3 8  453.0 8  524.1 8  528.0 8
MAXIMA              17.76 8  11.49 8    *      8.896 3  12.84 8  14.31 8  12.75 8  12.66 8  13.93 8  16.15 8  18.56 8  17.45 8

** DATOS PRELIMINARES **              ***  VALORES  ANUALES  ***                                           ** ORIGENES DE DATO **

                                     MEDIA                  11.719                                         3 : INCOMPLETOS
                                     TOTAL                4160.800                                         8 : EST.  OTROS METODOS
                                     MAXIMA                 18.560

                       I D E A M  -  INSTITUTO DE HIDROLOGIA, METEOROLOGIA Y ESTUDIOS AMBIENTALES
                                                                                                              SISTEMA DE INFORMACION
                                    TRANSPORTE DIARIO DE MATERIALES EN SUSPENSION  (K.TON/DIA)                  NACIONAL AMBIENTAL

    FECHA DE PROCESO :  2019/05/21                    ANO  2005                              ESTACION : 29037450  STA HELENA 2

    LATITUD    1004 N               TIPO EST    LM                   DEPTO      BOLIVAR                 FECHA-INSTALACION   1978-JUN
    LONGITUD   7526 W               ENTIDAD     01  IDEAM            MUNICIPIO  ARJONA                  FECHA-SUSPENSION
    ELEVACION  0003 m.s.n.m         REGIONAL    02  ATLANTICO        CORRIENTE  CANAL DEL DIQUE

************************************************************************************************************************************
          DIA       ENERO *  FEBRE *  MARZO *  ABRIL *  MAYO  *  JUNIO *  JULIO *  AGOST *  SEPTI *  OCTUB *  NOVIE *  DICIE *
************************************************************************************************************************************

           01       16.47 8  10.19 8  8.174 8  5.490 8  9.482 8  13.88 8  15.55 8  13.69 8  12.14 8  12.84 8
           02       16.31 8  9.819 8  7.787 8  5.611 8  9.795 8  13.83 8  15.55 8  13.46 8  12.14 8  13.08 8
           03       16.20 8  9.603 8  7.353 8  5.585 8  9.903 8  13.88 8  15.44 8  13.36 8  12.24 8  13.22 8
           04       16.09 8  9.426 8  6.900 8  5.611 8  10.07 8  13.93 8  15.39 8  13.17 8  12.24 8  12.89 8
           05       15.82 8  9.216 8  6.655 8  5.767 8  10.03 8  14.07 8  15.28 8  13.08 8  12.24 8  12.94 8
           06       15.76 8  8.970 8  6.531 8  5.950 8  10.19 8  14.11 8  15.17 8  12.99 8  12.24 8  13.41 8
           07       15.49 8  8.720 8  6.593 8  6.240 8  10.28 8  14.21 8  15.17 8  12.79 8  12.28 8  13.36 8
           08       15.22 8  8.476 8  6.651 8  6.504 8  10.65 8  14.31 8  15.12 8  12.66 8  12.28 8  13.36 8
           09       15.22 8  8.302 8  6.744 8  6.682 8  10.90 8  14.37 8  15.06 8  12.56 8  12.33 8  13.50 8
           10       14.68 8  8.197 8  6.802 8  6.668 8  11.24 8  14.42 8  15.06 8  12.47 8  12.33 8  13.64 8
           11       14.58 8  7.996 8  7.047 8  6.985 8  11.45 8  14.53 8  14.90 8  12.43 8  12.28 8  13.74 8
           12       14.37 8  7.750 8  7.106 8  7.353 8  11.70 8  14.58 8  15.01 8  12.33 8  12.33 8  13.74 8
           13       14.22 8  7.750 8  6.985 8  7.687 8  11.74 8  14.64 8  15.12 8  12.38 8  12.28 8  13.74 8
           14       14.11 8  7.719 8  6.922 8  7.937 8  11.74 8  14.79 8  15.01 8  12.33 8  12.19 8  13.78 8
           15       14.07 8  8.339 8  6.895 8  8.128 8  11.83 8  14.85 8  15.01 8  12.19 8  12.61 8  13.93 8
           16       13.97 8  8.827 8  7.016 8  8.197 8  11.87 8  14.85 8  14.95 8  12.10 8  12.00 8  14.02 8
           17       13.64 8  9.393 8  6.748 8  8.270 8  12.24 8  14.90 8  14.85 8  12.28 8  12.00 8  14.02 8
           18       13.46 8  9.570 8  6.434 8  8.339 8  12.47 8  15.01 8  14.90 8  12.14 8  12.00 8  14.16 8
           19       13.31 8  9.500 8  6.187 8  8.444 8  12.52 8  15.06 8  14.85 8  12.10 8  11.91 8  14.11 8
           20       13.22 8  9.393 8  6.003 8  8.582 8  12.56 8  15.12 8  14.79 8  12.24 8  12.10 8  14.22 8
           21       13.08 8  9.286 8  5.793 8  8.651 8  12.66 8  15.22 8  14.74 8  12.47 8  12.19 8  14.32 8
           22       12.89 8  9.216 8  5.793 8  8.720 8  12.79 8  15.28 8  14.74 8  12.61 8  12.24 8  14.37 8
           23       12.66 8  9.109 8  5.715 8  8.794 8  12.13 8  15.33 8  14.85 8  12.56 8  12.38 8  14.42 8
           24       12.38 8  8.933 8  5.820 8  8.933 8  13.17 8  15.49 8  14.85 8  12.47 8  12.52 8  14.42 8
           25       12.05 8  8.933 8  6.003 8  9.072 8  13.41 8  15.55 8  14.79 8  12.47 8  12.61 8  14.47 8
           26       11.79 8  9.040 8  6.266 8  9.216 8  13.46 8  15.60 8  14.64 8  12.38 8  12.52 8  14.58 8
           27       11.53 8  8.864 8  6.345 8  9.323 8  13.60 8  15.55 8  14.58 8  12.33 8  12.38 8  14.85 8
           28       11.24 8  8.619 8  6.187 8  9.533 8  13.69 8  15.49 8  14.42 8  12.19 8  12.43 8  14.95 8
           29       10.94 8           5.924 8  9.805 8  13.74 8  15.55 8  14.21 8  12.14 8  12.43 8  15.33 8
           30       10.65 8           5.767 8  9.805 8  13.78 8  15.60 8  14.11 8  12.10 8  12.47 8  15.55 8
           31       10.48 8           5.637 8           13.83 8           13.88 8  12.05 8           15.82 8

MEDIA               13.74 8  8.898 8  6.541 8  7.729 8  11.90 8  14.80 8  14.90 8  12.53 8  12.28 8  14.02 8
TOTAL               425.9 8  249.2 8  202.8 8  231.9 8  368.9 8  444.0 8  462.0 8  388.5 8  368.3 8  434.8 8
MAXIMA              16.47 8  10.19 8  8.174 8  9.805 8  13.83 8  15.60 8  15.55 8  13.69 8  12.61 8  15.82 8

** DATOS PRELIMINARES **              ***  VALORES  ANUALES  ***                                           ** ORIGENES DE DATO **

                                     MEDIA                  11.734                                         8 : EST.  OTROS METODOS
                                     TOTAL                3576.300
                                     MAXIMA                 16.470

                       I D E A M  -  INSTITUTO DE HIDROLOGIA, METEOROLOGIA Y ESTUDIOS AMBIENTALES
                                                                                                              SISTEMA DE INFORMACION
                                    TRANSPORTE DIARIO DE MATERIALES EN SUSPENSION  (K.TON/DIA)                  NACIONAL AMBIENTAL

    FECHA DE PROCESO :  2019/05/21                    ANO  2006                              ESTACION : 29037450  STA HELENA 2

    LATITUD    1004 N               TIPO EST    LM                   DEPTO      BOLIVAR                 FECHA-INSTALACION   1978-JUN
    LONGITUD   7526 W               ENTIDAD     01  IDEAM            MUNICIPIO  ARJONA                  FECHA-SUSPENSION
    ELEVACION  0003 m.s.n.m         REGIONAL    02  ATLANTICO        CORRIENTE  CANAL DEL DIQUE

************************************************************************************************************************************
          DIA       ENERO *  FEBRE *  MARZO *  ABRIL *  MAYO  *  JUNIO *  JULIO *  AGOST *  SEPTI *  OCTUB *  NOVIE *  DICIE *
************************************************************************************************************************************

           01       25.39 8  19.84 8  11.46 8  14.49 8  19.61 8  26.18 8  28.07 8  24.51 8  21.13 8  21.29 8  21.95 8  26.97 8
           02       25.29 8  19.84 8  11.36 8  14.89 8  19.69 8  26.08 8  28.07 8  24.11 8  21.05 8  21.05 8  21.95 8  26.97 8
           03       25.09 8  19.84 8  10.86 8  14.95 8  19.76 8  26.08 8  27.96 8  23.77 8  20.88 8  21.13 8  22.12 8  26.97 8
           04       24.90 8  19.61 8  10.59 8  15.82 8  19.98 8  26.28 8  28.07 8  23.69 8  20.72 8  21.21 8  22.20 8  26.97 8
           05       24.90 8  19.47 8  10.32 8  15.13 8  20.28 8  26.87 8  27.96 8  23.44 8  20.73 8  21.21 8  22.20 8  27.07 8
           06       24.70 8  19.25 8  10.06 8  15.19 8  20.58 8  27.17 8  27.86 8  23.44 8  20.72 8  21.29 8  22.36 8  27.07 8
           07       24.70 8  18.95 8  9.748 8  15.13 8  20.88 8  27.27 8  27.86 8  23.10 8  20.97 8  21.21 8  22.20 8  27.07 8
           08       24.61 8  18.81 8  9.351 8  15.31 8  21.13 8  27.37 8  27.96 8  22.78 8  21.13 8  21.05 8  22.36 8  27.17 8
           09       24.41 8  19.03 8  9.221 8  15.31 8  21.62 8  27.57 8  27.77 8  22.61 8  21.38 8  21.05 8  22.53 8  27.17 8
           10       24.11 8  18.88 8  9.267 8  15.56 8  22.03 8  27.57 8  27.77 8  22.53 8  21.46 8  20.97 8  22.86 8  27.47 8
           11       24.02 8  18.81 8  9.486 8  15.82 8  22.44 8  27.57 8  27.86 8  22.53 8  21.46 8  20.97 8  22.86 8  27.57 8
           12       23.93 8  18.52 8  10.01 8  16.01 8  22.53 8  27.66 8  27.86 8  22.53 8  21.54 8  20.81 8  23.02 8  27.57 8
           13       23.77 8  18.37 8  10.54 8  16.01 8  23.02 8  27.77 8  27.66 8  22.44 8  21.54 8  20.74 8  23.19 8  27.77 8
           14       23.69 8  18.08 8  11.21 8  16.14 8  22.94 8  27.86 8  27.37 8  22.28 8  21.46 8  20.66 8  23.35 8  27.77 8
           15       23.52 8  17.86 8  11.61 8  16.33 8  22.94 8  27.86 8  27.27 8  21.78 8  21.38 8  21.21 8  24.03 8  27.77 8
           16       23.35 8  17.32 8  11.86 8  16.59 8  23.10 8  27.96 8  27.17 8  21.46 8  21.38 8  21.05 8  24.61 8  27.77 8
           17       23.27 8  16.92 8  11.86 8  16.79 8  23.52 8  27.96 8  27.17 8  21.38 8  21.38 8  21.13 8  24.90 8  27.77 8
           18       23.19 8  16.66 8  11.76 8  16.99 8  24.51 8  27.96 8  26.97 8  20.81 8  21.46 8  21.38 8  25.09 8  27.77 8
           19       23.10 8  15.63 8  11.66 8  17.19 8  24.51 8  27.96 8  26.77 8  20.65 8  21.46 8  21.46 8  25.19 8  27.66 8
           20       22.94 8  15.44 8  11.61 8  17.46 8  24.51 8  27.96 8  26.67 8  20.50 8  21.54 8  21.46 8  25.09 8  27.57 8
           21       22.53 8  14.95 8  11.82 8  17.67 8  24.90 8  28.16 8  26.67 8  20.50 8  21.62 8  21.29 8  25.19 8  27.57 8
           22       22.28 8  14.77 8  11.86 8  17.59 8  25.29 8  28.26 8  26.48 8  20.42 8  21.62 8  21.29 8  25.29 8  27.47 8
           23       22.12 8  14.43 8  11.97 8  17.79 8  25.39 8  28.16 8  26.48 8  20.35 8  21.71 8  21.38 8  25.29 8  27.47 8
           24       22.03 8  13.57 8  12.01 8  17.79 8  25.19 8  28.37 8  26.18 8  20.35 8  21.54 8  21.21 8  25.29 8  27.57 8
           25       21.71 8  12.78 8  12.01 8  17.93 8  25.00 8  28.37 8  25.98 8  20.35 8  21.54 8  21.05 8  25.68 8  27.57 8
           26       21.29 8  12.17 8  12.37 8  18.08 8  25.09 8  28.26 8  25.68 8  20.50 8  21.62 8  21.46 8  26.08 8  27.57 8
           27       20.81 8  11.82 8  12.84 8  18.30 8  25.49 8  28.26 8  25.49 8  20.65 8  21.46 8  21.38 8  26.48 8  27.57 8
           28       20.58 8  11.56 8  13.34 8  18.59 8  25.88 8  28.26 8  25.29 8  20.81 8  21.46 8  21.62 8  26.67 8  27.47 8
           29       20.35 8           13.74 8  18.88 8  25.88 8  28.26 8  25.09 8  20.97 8  21.46 8  21.54 8  26.87 8  27.37 8
           30       20.21 8           14.14 8  19.39 8  25.98 8  28.07 8  25.00 8  21.05 8  21.29 8  21.87 8  26.97 8  27.27 8
           31       20.06 8           14.31 8           26.18 8           24.80 8  21.29 8           21.95 8           27.17 8

MEDIA               23.12 8  16.90 8  11.43 8  16.64 8  23.22 8  27.65 8  26.94 8  21.86 8  21.34 8  21.24 8  24.13 8  27.42 8
TOTAL               716.9 8  473.2 8  354.3 8  499.1 8  719.9 8  829.4 8  835.3 8  677.6 8  640.1 8  658.4 8  723.9 8  850.0 8
MAXIMA              25.39 8  19.84 8  14.31 8  19.39 8  26.18 8  28.37 8  28.07 8  24.51 8  21.71 8  21.95 8  26.97 8  27.77 8

** DATOS PRELIMINARES **              ***  VALORES  ANUALES  ***                                           ** ORIGENES DE DATO **

                                     MEDIA                  21.824                                         8 : EST.  OTROS METODOS
                                     TOTAL                7978.100
                                     MAXIMA                 28.370

                       I D E A M  -  INSTITUTO DE HIDROLOGIA, METEOROLOGIA Y ESTUDIOS AMBIENTALES
                                                                                                              SISTEMA DE INFORMACION
                                    TRANSPORTE DIARIO DE MATERIALES EN SUSPENSION  (K.TON/DIA)                  NACIONAL AMBIENTAL

    FECHA DE PROCESO :  2019/05/21                    ANO  2007                              ESTACION : 29037450  STA HELENA 2

    LATITUD    1004 N               TIPO EST    LM                   DEPTO      BOLIVAR                 FECHA-INSTALACION   1978-JUN
    LONGITUD   7526 W               ENTIDAD     01  IDEAM            MUNICIPIO  ARJONA                  FECHA-SUSPENSION
    ELEVACION  0003 m.s.n.m         REGIONAL    02  ATLANTICO        CORRIENTE  CANAL DEL DIQUE

************************************************************************************************************************************
          DIA       ENERO *  FEBRE *  MARZO *  ABRIL *  MAYO  *  JUNIO *  JULIO *  AGOST *  SEPTI *  OCTUB *  NOVIE *  DICIE *
************************************************************************************************************************************

           01       27.07 8           7.896 8  10.23 8  18.44 8  25.49 8  28.37 8  26.97 8  26.87 8  27.96 8  29.37 8  31.18 8
           02       26.97 8           7.896 8  10.77 8  18.59 8  25.49 8  28.37 8  26.77 8  26.87 8  27.96 8  29.56 8  31.18 8
           03       26.87 8           7.556 8  11.06 8  18.74 8  25.79 8  28.56 8  26.77 8  27.07 8  27.96 8  29.37 8  31.18 8
           04       26.77 8           7.173 8  11.46 8  18.81 8  26.28 8  28.56 8  26.67 8  27.17 8  27.96 8  29.37 8  30.98 8
           05       26.37 8           6.606 8  12.17 8  18.95 8  26.37 8  28.56 8  26.57 8  27.47 8  27.96 8  29.37 8  30.98 8
           06       26.48 8           6.833 8  12.42 8  19.39 8  26.77 8  28.56 8  26.57 8  27.57 8  28.07 8  29.26 8  30.78 8
           07       26.28 8           6.904 8  12.74 8  19.47 8  26.77 8  28.56 8  26.37 8  27.47 8  28.07 8  29.26 8  30.78 8
           08       26.08 8           6.811 8  12.85 8  19.69 8  26.77 8  28.56 8  26.18 8  27.57 8  28.07 8  29.56 8  30.57 8
           09       25.79 8           6.940 8  13.34 8  19.76 8  26.77 8  28.56 8  26.08 8  27.37 8  28.07 8  29.47 8  30.57 8
           10       25.59 8           6.882 8  13.85 8  19.98 8  26.77 8  28.56 8  25.79 8  27.47 8  28.07 8  29.67 8  30.57 8
           11       25.39 8           6.815 8  14.43 8  20.21 8  26.77 8  28.67 8  25.88 8  27.66 8  28.07 8  29.77 8  30.37 8
           12       25.19 8           6.780 8  14.66 8  20.42 8  26.77 8  28.77 8  25.88 8  27.77 8  28.16 8  29.77 8  30.37 8
           13       24.80 8           6.815 8  14.95 8  20.42 8  26.77 8  28.67 8  25.79 8  27.96 8  28.16 8  29.56 8  30.17 8
           14       24.41 8           6.882 8  15.12 8  20.72 8  26.77 8  28.56 8  25.88 8  27.96 8  28.16 8  29.56 8  30.17 8
           15       23.85 8  9.659 8  7.070 8  15.25 8  20.72 8  26.97 8  28.56 8  26.08 8  27.96 8  28.16 8  29.77 8  30.17 8
           16       23.60 8  9.440 8  6.864 8  15.18 8  20.88 8  26.97 8  28.56 8  26.18 8  27.96 8  28.16 8  29.77 8  30.17 8
           17       23.27 8  9.351 8  6.833 8  15.18 8  21.29 8  27.17 8  28.37 8  26.08 8  27.96 8  28.16 8  29.97 8  29.97 8
           18       23.02 8  9.095 8  6.900 8  15.31 8  21.78 8  27.27 8  28.26 8  26.28 8  28.16 8  28.16 8  30.07 8  29.97 8
           19       22.61 8  8.933 8  6.931 8  15.50 8  22.12 8  27.47 8  28.26 8  26.37 8  28.16 8  28.16 8  30.17 8  29.97 8
           20       22.03 8  8.975 8  6.873 8  15.69 8  22.44 8  27.37 8  28.07 8  26.28 8  28.16 8  28.16 8  30.37 8  29.87 8
           21       21.78 8  8.975 8  7.043 8  16.08 8  22.78 8  27.57 8  27.96 8  26.18 8  28.16 8  28.16 8  30.37 8  29.67 8
           22       21.71 8  8.780 8  7.110 8  16.27 8  23.10 8  27.57 8  27.86 8  26.37 8  28.16 8  28.26 8  30.37 8  29.56 8
           23                8.550 8  7.474 8  16.46 8  23.69 8  27.57 8  27.66 8  26.48 8  27.96 8  28.26 8  30.57 8  29.47 8
           24                8.316 8  7.732 8  16.59 8  23.93 8  27.57 8  27.66 8  26.57 8  28.26 8  28.16 8  30.68 8  29.56 8
           25                8.165 8  7.533 8  17.06 8  23.69 8  27.77 8  27.47 8  26.57 8  28.26 8  28.26 8  30.78 8  29.37 8
           26                7.973 8  7.714 8  17.59 8  24.02 8  27.77 8  27.47 8  26.57 8  28.16 8  28.26 8  30.78 8  29.37 8
           27                7.896 8  7.823 8  17.79 8  24.11 8  27.96 8  27.37 8  26.67 8  28.16 8  28.67 8  30.78 8  29.37 8
           28                7.823 8  8.128 8  18.08 8  24.22 8  27.96 8  27.17 8  26.77 8  28.16 8  28.96 8  30.78 8  29.37 8
           29                         8.279 8  18.22 8  24.61 8  27.96 8  26.87 8  26.77 8  27.96 8  29.07 8  30.78 8  29.37 8
           30                         8.896 8  18.37 8  25.00 8  28.16 8  26.77 8  26.97 8  27.96 8  29.16 8  30.98 8  29.16 8
           31                         9.706 8           25.29 8           26.67 8  26.97 8           29.56 8           29.16 8

MEDIA               24.82 3  8.709 3  7.345 8  14.82 8  21.52 8  27.05 8  28.09 8  26.40 8  27.80 8  28.27 8  30.00 8  30.11 8
TOTAL               545.9 3    *      227.7 8  444.7 8  667.3 8  811.4 8  870.9 8  818.3 8  833.8 8  876.4 8  899.9 8  933.4 8
MAXIMA              27.07 3    *      9.706 8  18.37 8  25.29 8  28.16 8  28.77 8  26.97 8  28.26 8  29.56 8  30.98 8  31.18 8

** DATOS PRELIMINARES **              ***  VALORES  ANUALES  ***                                           ** ORIGENES DE DATO **

                                     MEDIA                  22.911                                         3 : INCOMPLETOS
                                     TOTAL                7929.700                                         8 : EST.  OTROS METODOS
                                     MAXIMA                 31.180

                       I D E A M  -  INSTITUTO DE HIDROLOGIA, METEOROLOGIA Y ESTUDIOS AMBIENTALES
                                                                                                              SISTEMA DE INFORMACION
                                    TRANSPORTE DIARIO DE MATERIALES EN SUSPENSION  (K.TON/DIA)                  NACIONAL AMBIENTAL

    FECHA DE PROCESO :  2019/05/21                    ANO  2008                              ESTACION : 29037450  STA HELENA 2

    LATITUD    1004 N               TIPO EST    LM                   DEPTO      BOLIVAR                 FECHA-INSTALACION   1978-JUN
    LONGITUD   7526 W               ENTIDAD     01  IDEAM            MUNICIPIO  ARJONA                  FECHA-SUSPENSION
    ELEVACION  0003 m.s.n.m         REGIONAL    02  ATLANTICO        CORRIENTE  CANAL DEL DIQUE

************************************************************************************************************************************
          DIA       ENERO *  FEBRE *  MARZO *  ABRIL *  MAYO  *  JUNIO *  JULIO *  AGOST *  SEPTI *  OCTUB *  NOVIE *  DICIE *
************************************************************************************************************************************

           01       28.96 8  22.69 8  18.08 8  15.69 8  18.22 8  24.61 8  29.26 8  30.17 8  30.47 8  31.18 8           33.83 8
           02       28.77 8  22.53 8  17.86 8  15.56 8  18.66 8  24.80 8  29.26 8  30.17 8  30.37 8  31.28 8           33.63 8
           03       28.56 8  22.36 8  17.79 8  15.44 8  18.88 8  24.80 8  29.47 8  30.17 8  30.57 8  31.18 8           33.42 8
           04       28.37 8  22.20 8  17.52 8  15.50 8  19.03 8  25.09 8  29.56 8  30.17 8  30.47 8  31.38 8           33.22 8
           05       27.96 8  22.03 8  17.25 8  15.69 8  19.32 8  25.19 8  29.56 8  30.17 8  30.37 8  31.48 8           33.01 8
           06       27.77 8  22.03 8  16.66 8  15.82 8  19.61 8  25.59 8  29.67 8  30.17 8  30.37 8  31.18 8           32.81 8
           07       27.57 8  21.62 8  16.39 8  15.94 8  20.06 8  25.79 8  29.56 8  30.17 8  30.27 8  31.18 8           32.61 8
           08       27.17 8  21.13 8  16.33 8  16.01 8  20.35 8  25.98 8  29.56 8  30.17 8  30.27 8  30.98 8           32.40 8
           09       26.97 8  20.81 8  16.33 8  15.75 8  20.42 8  26.18 8  29.67 8  30.17 8  30.27 8  30.78 8           32.19 8
           10       26.77 8  20.58 8  16.27 8  15.94 8  20.58 8  26.37 8  29.67 8  30.17 8  30.37 8  31.08 8           31.99 8
           11       26.57 8  19.76 8  16.27 8  15.75 8  20.73 8  26.37 8  29.67 8  30.17 8  30.47 8  31.38 8           31.99 8
           12       26.37 8  19.39 8  16.27 8  15.75 8  20.88 8  26.37 8  29.67 8  30.17 8  30.37 8  31.28 8           31.99 8
           13       26.18 8  19.17 8  16.40 8  15.63 8  21.05 8  26.37 8  29.67 8  30.17 8  30.47 8  31.08 8           31.99 8
           14       25.98 8  18.74 8  16.27 8  15.63 8  20.97 8  26.37 8  29.67 8  30.27 8  30.57 8  30.98 8  30.88 8  31.99 8
           15       25.79 8  17.88 8  16.27 8  15.69 8  20.72 8  26.67 8  29.87 8  30.37 8  30.68 8  30.78 8  30.98 8  31.99 8
           16       25.59 8  17.73 8  16.20 8  15.82 8  20.72 8  26.77 8  30.07 8  30.37 8  30.57 8  30.78 8  31.18 8  31.99 8
           17       25.39 8  17.39 8  16.14 8  16.01 8  20.72 8  26.87 8  30.07 8  30.37 8  30.78 8  30.57 8  31.59 8  31.99 8
           18       25.19 8  16.79 8  16.20 8  16.27 8  20.77 8  27.07 8  30.27 8  30.37 8  30.98 8  30.57 8  31.38 8  31.99 8
           19       25.00 8  16.52 8  16.46 8  16.27 8  21.29 8  27.27 8  30.37 8  30.17 8  31.18 8  30.37 8  31.38 8  31.99 8
           20       24.80 8  16.52 8  16.46 8  16.46 8  21.62 8  27.57 8  30.47 8  30.17 8  31.28 8  30.37 8  31.79 8  31.79 8
           21       24.61 8  16.66 8  16.46 8  16.59 8  22.36 8  27.57 8  30.27 8  30.37 8  31.18 8  30.37 8  31.99 8  31.59 8
           22       24.41 8  16.99 8  16.33 8  16.59 8  22.53 8  27.96 8  30.17 8  30.37 8  31.18 8           32.40 8  31.38 8
           23       24.22 8  17.39 8  16.33 8  16.40 8  22.86 8  28.16 8  29.97 8  30.27 8  31.38 8           32.61 8  31.18 8
           24       24.02 8  17.66 8  16.39 8  16.52 8  23.19 8  28.37 8  29.97 8  30.27 8  31.48 8           32.71 8  30.98 8
           25       23.85 8  18.37 8  16.20 8  16.59 8  23.52 8  28.46 8  29.97 8  30.37 8  31.48 8           33.32 8  30.78 8
           26       23.69 8  18.37 8  16.20 8  16.86 8  23.52 8  28.56 8  29.97 8  30.57 8  31.38 8           33.93 8  30.57 8
           27       23.52 8  18.37 8  16.08 8  16.92 8  23.60 8  28.67 8  30.17 8  30.57 8  31.08 8           33.83 8  30.37 8
           28       23.35 8  18.22 8  16.01 8  17.19 8  23.77 8  28.77 8  30.17 8  30.47 8  30.88 8           33.83 8  30.17 8
           29       23.19 8  18.22 8  16.01 8  17.39 8  23.85 8  28.86 8  30.17 8  30.37 8  30.88 8           33.83 8  29.97 8
           30       23.02 8           15.94 8  17.79 8  24.51 8  28.96 8  30.17 8  30.37 8  30.88 8           33.83 8  29.77 8
           31       22.86 8           15.88 8           24.51 8           30.17 8  30.27 8                             29.56 8

MEDIA               25.69 8  19.25 8  16.49 8  16.18 8  21.38 8  26.88 8  29.88 8  30.28 8  30.77 8  30.96 3  32.44 3  31.78 8
TOTAL               796.5 8  558.1 8  511.3 8  485.5 8  662.8 8  806.4 8  926.2 8  938.6 8  923.0 8  650.2 3    *      985.1 8
MAXIMA              28.96 8  22.69 8  18.08 8  17.79 8  24.51 8  28.96 8  30.47 8  30.57 8  31.48 8  31.48 3    *      33.83 8

** DATOS PRELIMINARES **              ***  VALORES  ANUALES  ***                                           ** ORIGENES DE DATO **

                                     MEDIA                  25.998                                         3 : INCOMPLETOS
                                     TOTAL                8243.700                                         8 : EST.  OTROS METODOS
                                     MAXIMA                 33.830

                       I D E A M  -  INSTITUTO DE HIDROLOGIA, METEOROLOGIA Y ESTUDIOS AMBIENTALES
                                                                                                              SISTEMA DE INFORMACION
                                    TRANSPORTE DIARIO DE MATERIALES EN SUSPENSION  (K.TON/DIA)                  NACIONAL AMBIENTAL

    FECHA DE PROCESO :  2019/05/21                    ANO  2009                              ESTACION : 29037450  STA HELENA 2

    LATITUD    1004 N               TIPO EST    LM                   DEPTO      BOLIVAR                 FECHA-INSTALACION   1978-JUN
    LONGITUD   7526 W               ENTIDAD     01  IDEAM            MUNICIPIO  ARJONA                  FECHA-SUSPENSION
    ELEVACION  0003 m.s.n.m         REGIONAL    02  ATLANTICO        CORRIENTE  CANAL DEL DIQUE

************************************************************************************************************************************
          DIA       ENERO *  FEBRE *  MARZO *  ABRIL *  MAYO  *  JUNIO *  JULIO *  AGOST *  SEPTI *  OCTUB *  NOVIE *  DICIE *
************************************************************************************************************************************

           01       29.56 8  26.28 8  17.52 8  15.69 8  18.22 8  21.71 8  22.20 8  16.52 8  16.79 8  14.20 8  15.37 8  19.17 8
           02       29.87 8  25.79 8  17.46 8  15.69 8  18.15 8  21.54 8  22.20 8  16.39 8  16.79 8  13.97 8  15.44 8  18.95 8
           03       29.87 8  25.29 8  17.39 8  15.69 8  18.37 8  21.21 8  22.12 8  16.33 8  16.86 8  13.62 8  15.56 8  18.66 8
           04       29.47 8  24.90 8  17.12 8  15.88 8  18.59 8  20.97 8  22.03 8  16.08 8  16.86 8  13.17 8  15.75 8  18.44 8
           05       29.16 8  24.51 8  16.92 8  15.94 8  18.88 8  20.72 8  22.03 8  15.69 8  16.86 8  12.73 8  16.01 8  18.22 8
           06       28.86 8  24.11 8  16.59 8  16.08 8  18.95 8  20.81 8  21.95 8  15.07 8  16.72 8  12.63 8  16.21 8  17.93 8
           07       28.56 8  23.77 8  16.39 8  16.27 8  19.03 8  20.58 8  21.95 8  15.01 8  16.59 8  13.45 8  16.79 8  17.86 8
           08       28.37 8  23.44 8  16.20 8  16.52 8  19.25 8  20.42 8  22.20 8  14.83 8  16.66 8  13.17 8  16.92 8  17.72 8
           09       28.16 8  23.10 8  16.60 8  16.52 8  19.47 8  20.58 8  22.12 8  14.89 8  16.59 8  13.22 8  17.25 8  17.46 8
           10       27.96 8  22.78 8  16.40 8  16.66 8  19.47 8  20.58 8  22.12 8  15.07 8  16.40 8  12.95 8  17.93 8  16.86 8
           11       27.77 8  22.44 8  16.28 8  17.19 8  19.47 8  20.65 8  22.12 8  15.25 8  16.08 8  12.63 8  18.15 8  16.52 8
           12       27.66 8  22.12 8  16.01 8  16.92 8  19.47 8  20.73 8  22.03 8  15.31 8  15.75 8  12.37 8  18.37 8  16.01 8
           13       27.47 8  21.62 8  15.89 8  16.99 8  19.76 8  20.81 8  21.87 8  15.25 8  15.63 8  12.22 8  18.44 8  15.31 8
           14       27.27 8  21.62 8  15.83 8  17.12 8  20.50 8  21.05 8  21.71 8  15.19 8  15.44 8  12.17 8  18.88 8  14.83 8
           15       27.07 8  21.46 8  14.95 8  17.25 8  20.58 8  21.54 8  21.54 8  15.31 8  15.19 8  12.47 8  19.10 8  14.20 8
           16       26.87 8  21.05 8  14.72 8  17.52 8  20.58 8  21.38 8  21.54 8  15.12 8  15.50 8  12.84 8  19.17 8  13.57 8
           17       26.67 8  20.65 8  14.14 8  17.66 8  20.81 8  21.62 8  21.05 8  15.18 8  15.63 8  13.22 8  19.39 8  12.94 8
           18       26.57 8  20.35 8  14.09 8  17.72 8  20.97 8  21.71 8  20.58 8  15.18 8  15.69 8  13.57 8  19.69 8  12.47 8
           19       26.37 8  20.06 8  13.97 8  17.79 8  20.88 8  21.71 8  20.28 8  15.50 8  15.69 8  13.74 8  20.06 8  12.07 8
           20       26.28 8  19.76 8  13.91 8  17.93 8  20.81 8  21.54 8  19.84 8  15.75 8  15.75 8  13.85 8  19.98 8  11.46 8
           21       26.18 8  19.47 8  13.97 8  18.15 8  20.81 8  21.62 8  19.69 8  16.01 8  15.82 8  13.85 8  19.98 8  10.96 8
           22       25.98 8  19.25 8  13.97 8  18.08 8  20.97 8  21.78 8  19.47 8  16.27 8  15.82 8  14.37 8  20.06 8  9.510 8
           23       25.98 8  19.10 8  13.97 8  18.08 8  21.21 8  21.95 8  19.39 8  16.33 8  15.75 8  14.26 8  19.76 8  11.01 8
           24       25.59 8  19.10 8  14.14 8  18.15 8  21.29 8  22.03 8  19.54 8  16.66 8  15.56 8  14.49 8  19.76 8  11.01 8
           25       27.27 8  18.74 8  14.31 8  18.15 8  21.38 8  22.20 8  19.32 8  16.86 8  15.50 8  14.61 8  19.76 8  11.26 8
           26       26.97 8  18.52 8  14.43 8  18.01 8  21.54 8  22.36 8  19.17 8  16.99 8  15.44 8  14.61 8  19.84 8  11.36 8
           27       26.77 8  18.08 8  14.61 8  18.01 8  21.71 8  22.53 8  18.74 8  17.12 8  15.44 8  14.72 8  19.84 8  11.26 8
           28       27.07 8  17.79 8  14.83 8  18.01 8  21.87 8  22.53 8  18.15 8  17.25 8  15.18 8  15.01 8  19.76 8  11.16 8
           29       26.67 8           15.07 8  18.01 8  22.03 8  22.36 8  18.01 8  17.12 8  14.95 8  15.01 8  19.54 8  11.26 8
           30       26.67 8           15.38 8  18.22 8  22.03 8  22.36 8  17.25 8  16.99 8  14.61 8  15.07 8  19.47 8  11.51 8
           31       26.57 8           15.63 8           21.87 8           16.99 8  16.99 8           15.12 8           11.36 8

MEDIA               27.47 8  21.61 8  15.44 8  17.20 8  20.29 8  21.45 8  20.62 8  15.92 8  15.92 8  13.66 8  18.41 8  14.27 8
TOTAL               851.6 8  605.2 8  478.7 8  515.9 8  628.9 8  643.6 8  639.2 8  493.5 8  477.5 8  423.3 8  552.2 8  442.3 8
MAXIMA              29.87 8  26.28 8  17.52 8  18.22 8  22.03 8  22.53 8  22.20 8  17.25 8  16.86 8  15.12 8  20.06 8  19.17 8

** DATOS PRELIMINARES **              ***  VALORES  ANUALES  ***                                           ** ORIGENES DE DATO **

                                     MEDIA                  18.522                                         8 : EST.  OTROS METODOS
                                     TOTAL                6751.900
                                     MAXIMA                 29.870

                       I D E A M  -  INSTITUTO DE HIDROLOGIA, METEOROLOGIA Y ESTUDIOS AMBIENTALES
                                                                                                              SISTEMA DE INFORMACION
                                    TRANSPORTE DIARIO DE MATERIALES EN SUSPENSION  (K.TON/DIA)                  NACIONAL AMBIENTAL

    FECHA DE PROCESO :  2019/05/21                    ANO  2010                              ESTACION : 29037450  STA HELENA 2

    LATITUD    1004 N               TIPO EST    LM                   DEPTO      BOLIVAR                 FECHA-INSTALACION   1978-JUN
    LONGITUD   7526 W               ENTIDAD     01  IDEAM            MUNICIPIO  ARJONA                  FECHA-SUSPENSION
    ELEVACION  0003 m.s.n.m         REGIONAL    02  ATLANTICO        CORRIENTE  CANAL DEL DIQUE

************************************************************************************************************************************
          DIA       ENERO *  FEBRE *  MARZO *  ABRIL *  MAYO  *  JUNIO *  JULIO *  AGOST *  SEPTI *  OCTUB *  NOVIE *  DICIE *
************************************************************************************************************************************

           01       11.11 8  5.620 8  5.395 8  5.881 8  10.98 8  17.19 8  25.19 8  29.16 8  30.17 8  30.17 8  32.09 8  35.56 8
           02       11.16 8  5.706 8  5.737 8  6.034 8  11.16 8  17.46 8  26.08 8  29.26 8  30.17 8  30.27 8  33.52 8  36.45 8
           03       11.16 8  5.850 8  5.850 8  6.187 8  11.46 8  17.59 8  25.98 8  29.37 8  29.97 8  30.37 8  33.93 8  36.96 8
           04       10.92 8  6.169 8  5.937 8  6.341 8  11.76 8  18.01 8  25.98 8  29.67 8  29.77 8  30.88 8  34.06 8  36.70 8
           05       10.37 8  5.572 8  6.051 8  6.249 8  11.86 8  18.52 8  26.08 8  29.77 8  29.56 8  31.18 8  33.52 8  36.06 8
           06       9.748 8  5.300 8  6.174 8  6.218 8  12.12 8  18.81 8  26.18 8  29.77 8  29.47 8  31.38 8  33.32 8  35.17 8
           07       9.193 8  5.244 8  5.828 8  6.297 8  12.42 8  18.88 8  26.18 8  29.77 8  29.37 8  32.19 8  33.42 8  33.96 8
           08       8.472 8  5.159 8  5.824 8  6.200 8  12.88 8  18.95 8  26.28 8  29.87 8  29.47 8  32.61 8  33.73 8  33.11 8
           09       7.782 8  4.809 8  6.064 8  6.354 8  13.46 8  19.17 8  26.37 8  30.17 8  29.56 8  32.50 8  33.52 8  32.50 8
           10       7.209 8  4.860 8  5.968 8  6.513 8  13.74 8  19.47 8  26.57 8  30.17 8  29.56 8  32.30 8  33.22 8  32.30 8
           11       6.833 8  4.788 8  5.968 8  6.838 8  14.03 8  19.69 8  26.77 8  30.27 8  29.56 8  31.99 8  32.91 8  32.30 8
           12       6.606 8  4.886 8  6.082 8  6.971 8  14.20 8  19.84 8  26.97 8  30.37 8  29.67 8  32.09 8  32.61 8  32.71 8
           13       6.262 8  4.911 8  6.112 8  7.380 8  14.49 8  20.28 8  27.17 8  30.47 8  29.56 8  31.89 8  33.01 8  33.52 8
           14       6.117 8  4.958 8  6.169 8  7.937 8  14.77 8  20.35 8  27.27 8  30.57 8  29.56 8  31.89 8  33.93 8  36.70 8
           15       6.425 8  5.056 8  6.082 8  8.087 8  15.07 8  20.65 8  27.47 8  30.57 8  29.47 8  31.89 8  35.05 8  40.57 8
           16       6.606 8  5.193 8  6.139 8  8.472 8  15.25 8  20.97 8  27.57 8  30.78 8  29.87 8  31.69 8  35.17 8  43.70 8
           17       6.544 8  5.279 8  6.205 8  8.979 8  15.56 8  21.21 8  27.77 8  30.98 8  30.07 8  31.79 8  35.30 8  45.54 8
           18       6.359 8  5.395 8  6.055 8  9.402 8  15.88 8  21.38 8  27.86 8  31.38 8  29.87 8  31.89 8  33.52 8  46.99 8
           19       6.231 8  5.507 8  6.271 8  9.617 8  16.20 8  21.29 8  27.77 8  31.48 8  29.87 8  31.89 8  33.11 8  47.79 8
           20       6.257 8  5.594 8  6.306 8  9.837 8  16.01 8  22.78 8  27.86 8  31.08 8  29.87 8  31.79 8  33.01 8  48.61 8
           21       6.174 8  5.607 8  6.438 8  10.06 8  15.94 8  23.02 8  28.07 8  30.78 8  29.97 8  31.59 8  32.71 8  48.61 8
           22       6.385 8  5.706 8  6.438 8  10.15 8  15.88 8  23.27 8  28.16 8  30.57 8  30.07 8  31.59 8  32.71 8  49.09 8
           23       6.183 8  6.016 8  6.748 8  10.23 8  15.94 8  23.35 8  28.26 8  30.37 8  30.17 8  31.59 8  32.71 8  48.76 8
           24       5.907 8  5.711 8  6.949 8  10.37 8  15.94 8  23.27 8  28.37 8  30.37 8  30.17 8  32.40 8  32.81 8  48.28 8
           25       6.007 8  5.193 8  6.846 8  10.45 8  16.01 8  23.93 8  28.37 8  30.37 8  30.17 8  32.50 8  33.01 8  48.28 8
           26       5.772 8  5.214 8  6.673 8  10.64 8  15.94 8  24.31 8  28.37 8  30.17 8  30.17 8  32.50 8  33.22 8  47.96 8
           27       5.279 8  5.232 8  6.575 8  10.64 8  16.08 8  24.80 8  28.37 8  30.27 8  30.27 8  32.40 8  33.32 8  47.63 8
           28       5.223 8  4.958 8  6.482 8  10.50 8  16.20 8  25.09 8  28.56 8  30.37 8  30.27 8  32.30 8  33.83 8  46.85 8
           29       5.335 8           6.235 8  10.59 8  16.52 8  25.19 8  28.77 8  30.37 8  30.17 8  32.19 8  34.42 8  46.33 8
           30       5.022 8           5.937 8  10.83 8  16.79 8  25.19 8  28.77 8  30.27 8  30.17 8  31.99 8  34.79 8  45.80 8
           31       4.958 8           5.850 8           16.99 8           28.96 8  30.17 8           31.99 8           45.27 8

MEDIA               7.213 8  5.339 8  6.174 8  8.342 8  14.57 8  21.13 8  27.37 8  30.29 8  29.87 8  31.80 8  33.52 8  41.29 8
TOTAL               223.6 8  149.5 8  191.4 8  250.3 8  451.5 8  633.9 8  848.4 8  939.0 8  896.0 8  985.7 8   1005 8   1280 8
MAXIMA              11.16 8  6.169 8  6.949 8  10.83 8  16.99 8  25.19 8  28.96 8  31.48 8  30.27 8  32.61 8  35.30 8  49.09 8

** DATOS PRELIMINARES **              ***  VALORES  ANUALES  ***                                           ** ORIGENES DE DATO **

                                     MEDIA                  21.409                                         8 : EST.  OTROS METODOS
                                     TOTAL                7854.300
                                     MAXIMA                 49.090

                       I D E A M  -  INSTITUTO DE HIDROLOGIA, METEOROLOGIA Y ESTUDIOS AMBIENTALES
                                                                                                              SISTEMA DE INFORMACION
                                    TRANSPORTE DIARIO DE MATERIALES EN SUSPENSION  (K.TON/DIA)                  NACIONAL AMBIENTAL

    FECHA DE PROCESO :  2019/05/21                    ANO  2011                              ESTACION : 29037450  STA HELENA 2

    LATITUD    1004 N               TIPO EST    LM                   DEPTO      BOLIVAR                 FECHA-INSTALACION   1978-JUN
    LONGITUD   7526 W               ENTIDAD     01  IDEAM            MUNICIPIO  ARJONA                  FECHA-SUSPENSION
    ELEVACION  0003 m.s.n.m         REGIONAL    02  ATLANTICO        CORRIENTE  CANAL DEL DIQUE

************************************************************************************************************************************
          DIA       ENERO *  FEBRE *  MARZO *  ABRIL *  MAYO  *  JUNIO *  JULIO *  AGOST *  SEPTI *  OCTUB *  NOVIE *  DICIE *
************************************************************************************************************************************

           01       44.75 8  25.68 8  14.14 8  14.49 8  23.44 8  29.97 8  27.47 8  23.27 8  20.35 8  18.66 8  23.27 8  26.18 8
           02       44.09 8  25.29 8  14.14 8  14.55 8  23.85 8  29.97 8  27.37 8  23.27 8  20.65 8  18.44 8  23.19 8  26.97 8
           03       43.57 8  24.90 8  14.09 8  14.55 8  24.11 8  30.17 8  27.27 8  23.19 8  20.65 8  18.37 8  23.10 8  27.27 8
           04       43.04 8  24.51 8  13.97 8  14.66 8  24.61 8  30.47 8  27.07 8  23.19 8  20.58 8  18.44 8  23.02 8  27.37 8
           05       42.13 8  23.85 8  14.31 8  14.61 8  24.90 8  30.57 8  26.87 8  23.10 8  20.42 8  18.37 8  23.10 8  27.17 8
           06       41.48 8  23.19 8  14.20 8  14.66 8  25.39 8  30.57 8  26.57 8  23.10 8  20.28 8  18.30 8  23.02 8  27.17 8
           07       40.83 8  22.53 8  14.49 8  14.83 8  25.79 8  30.47 8  26.67 8  23.02 8  19.98 8  18.22 8  23.02 8  27.17 8
           08       40.18 8  21.87 8  14.66 8  14.95 8  26.18 8  30.37 8  26.48 8  22.86 8  19.84 8  18.22 8  23.19 8  27.37 8
           09       39.40 8  21.05 8  14.55 8  15.19 8  26.57 8  30.17 8  26.28 8  22.69 8  19.84 8  18.59 8  23.35 8  27.57 8
           10       38.63 8  20.58 8  14.55 8  15.31 8  27.07 8  30.17 8  25.98 8  22.53 8  19.84 8  18.66 8  23.44 8  27.77 8
           11       37.86 8  19.98 8  14.61 8  15.56 8  27.47 8  29.87 8  25.79 8  22.53 8  19.69 8           23.44 8  27.96 8
           12       36.70 8  19.39 8  14.43 8  15.63 8  27.77 8  29.77 8  25.68 8  22.78 8  19.54 8           23.52 8  27.96 8
           13       35.94 8  18.88 8  14.43 8  15.75 8  28.16 8  29.77 8  25.49 8  22.78 8  19.39 8           23.69 8  28.37 8
           14       35.43 8  18.44 8  14.37 8  15.94 8  28.96 8  29.67 8  25.39 8  22.61 8  19.25 8           23.69 8  28.46 8
           15       34.92 8  18.22 8  14.26 8  16.01 8  29.16 8  29.56 8  25.19 8  22.44 8  18.95 8           23.93 8  28.67 8
           16       34.42 8           14.31 8  16.27 8  28.86 8  29.47 8  25.29 8  22.28 8  18.88 8           23.93 8  29.07 8
           17       33.73 8           14.31 8  16.59 8  28.77 8  29.56 8  24.90 8  22.12 8  19.03 8           24.80 8  29.47 8
           18       33.11 8  17.19 8  14.31 8  16.86 8  28.77 8  29.47 8  24.80 8  21.95 8  18.81 8           25.29 8  29.56 8
           19       32.50 8  17.12 8  14.37 8  17.12 8  28.77 8  29.26 8  24.80 8  21.78 8  18.66 8           25.59 8  29.56 8
           20       31.89 8  16.59 8  14.26 8  17.59 8  28.86 8  29.16 8  24.61 8  21.62 8  18.59 8           25.49 8  29.56 8
           21       31.28 8  16.59 8  14.14 8  18.37 8  28.86 8  29.07 8  24.41 8  21.46 8  18.52 8  23.93 8  25.39 8  29.67 8
           22       30.68 8  16.33 8  14.03 8  18.88 8  28.96 8  28.96 8  24.22 8  21.29 8  18.59 8  23.44 8  25.29 8  29.77 8
           23       30.07 8  15.82 8  14.03 8  19.32 8  29.16 8  28.96 8  24.02 8  21.13 8  18.44 8  23.10 8  25.29 8  29.77 8
           24       29.47 8  15.56 8  14.09 8  19.91 8  29.16 8  28.77 8  23.85 8  20.97 8  18.44 8  22.94 8  25.19 8  29.77 8
           25       28.86 8  15.38 8  14.03 8  20.42 8  29.37 8  28.77 8  23.69 8  20.81 8  18.44 8  22.86 8  25.29 8  29.87 8
           26       28.26 8  15.01 8  14.20 8  20.97 8  29.37 8  29.07 8  23.69 8  20.88 8  18.44 8  23.02 8  25.49 8  29.77 8
           27       27.86 8  14.43 8  14.26 8  21.54 8  29.56 8  28.86 8  23.52 8  21.21 8  18.52 8  22.94 8  25.68 8  29.77 8
           28       27.47 8  14.43 8  14.31 8  22.03 8  29.56 8  28.56 8  23.52 8  20.88 8  18.52 8  23.02 8  25.79 8  29.77 8
           29       27.07 8           14.37 8  22.53 8  29.77 8  28.26 8  23.35 8  20.72 8  18.59 8  23.02 8  26.08 8  29.56 8
           30       26.67 8           14.37 8  23.02 8  29.77 8  27.77 8  23.35 8  20.65 8  18.66 8  23.35 8  26.18 8  29.56 8
           31       26.28 8           14.37 8           29.97 8           23.27 8  20.72 8           23.44 8           29.56 8

MEDIA               34.79 8  19.34 3  14.29 8  17.27 8  27.77 8  29.52 8  25.19 8  22.06 8  19.28 8  20.92 3  24.36 8  28.63 8
TOTAL                1079 8  502.8 3  443.0 8  518.1 8  861.0 8  885.5 8  780.9 8  683.8 8  578.4 8  439.3 3  730.7 8  887.5 8
MAXIMA              44.75 8  25.68 3  14.66 8  23.02 8  29.97 8  30.57 8  27.47 8  23.27 8  20.65 8  23.93 3  26.18 8  29.87 8

** DATOS PRELIMINARES **              ***  VALORES  ANUALES  ***                                           ** ORIGENES DE DATO **

                                     MEDIA                  23.618                                         3 : INCOMPLETOS
                                     TOTAL                8390.000                                         8 : EST.  OTROS METODOS
                                     MAXIMA                 44.750

                       I D E A M  -  INSTITUTO DE HIDROLOGIA, METEOROLOGIA Y ESTUDIOS AMBIENTALES
                                                                                                              SISTEMA DE INFORMACION
                                    TRANSPORTE DIARIO DE MATERIALES EN SUSPENSION  (K.TON/DIA)                  NACIONAL AMBIENTAL

    FECHA DE PROCESO :  2019/05/21                    ANO  2012                              ESTACION : 29037450  STA HELENA 2

    LATITUD    1004 N               TIPO EST    LM                   DEPTO      BOLIVAR                 FECHA-INSTALACION   1978-JUN
    LONGITUD   7526 W               ENTIDAD     01  IDEAM            MUNICIPIO  ARJONA                  FECHA-SUSPENSION
    ELEVACION  0003 m.s.n.m         REGIONAL    02  ATLANTICO        CORRIENTE  CANAL DEL DIQUE

************************************************************************************************************************************
          DIA       ENERO *  FEBRE *  MARZO *  ABRIL *  MAYO  *  JUNIO *  JULIO *  AGOST *  SEPTI *  OCTUB *  NOVIE *  DICIE *
************************************************************************************************************************************

           01       29.77 8  21.71 8  11.46 8  8.901 8  13.97 8  20.35 8  15.63 8  10.73 8  14.20 8  12.02 8  15.50 8  16.72 8
           02       29.67 8  21.38 8  11.06 8  9.012 8  13.85 8  20.42 8  15.50 8  10.68 8  14.20 8  12.22 8  15.69 8  16.59 8
           03       29.67 8  21.05 8  10.87 8  9.058 8  14.09 8  20.35 8  15.63 8  10.86 8  14.20 8  12.07 8  15.69 8  16.66 8
           04       29.56 8  20.58 8  10.54 8  9.058 8  14.31 8  20.81 8  15.13 8  11.16 8  14.26 8  11.97 8  15.94 8  16.59 8
           05       29.47 8  20.28 8  10.23 8  9.137 8  14.72 8  20.97 8  14.77 8  11.11 8  14.14 8  11.91 8  16.14 8  16.59 8
           06       29.47 8  20.06 8  9.706 8  9.309 8  15.37 8  20.65 8  14.77 8  11.21 8  14.03 8  11.97 8  16.27 8  16.66 8
           07       29.16 8  19.84 8  9.179 8  9.659 8  15.75 8  20.42 8  14.77 8  11.16 8  14.03 8  11.97 8  16.27 8  16.66 8
           08       29.16 8  19.61 8  8.817 8  9.837 8  16.52 8  20.28 8  14.61 8  11.61 8  13.97 8  12.01 8  16.66 8  16.39 8
           09       28.86 8  19.39 8  8.435 8  10.10 8  16.92 8  20.13 8  14.31 8  11.61 8  14.03 8  11.97 8  16.46 8  16.39 8
           10       28.67 8  19.10 8  8.702 8  10.28 8  17.72 8  19.98 8  14.14 8  11.56 8  13.91 8  12.47 8  16.33 8  15.75 8
           11       28.46 8  18.81 8  8.243 8  10.50 8  18.59 8  19.69 8  13.91 8  11.76 8  13.97 8  12.47 8  16.27 8  15.56 8
           12       28.26 8  18.52 8  8.435 8  10.55 8  18.95 8  19.54 8  13.91 8  11.82 8  13.85 8  12.73 8  16.27 8  15.37 8
           13       28.07 8  18.30 8  8.279 8  10.64 8  19.25 8  19.69 8  13.40 8  11.72 8  13.74 8  12.84 8  16.27 8  15.31 8
           14       27.77 8  17.94 8  8.128 8  10.82 8  19.54 8  19.54 8  13.17 8  11.41 8  13.40 8  12.84 8  16.20 8  14.95 8
           15       27.47 8  17.52 8  8.087 8  10.91 8  19.76 8  19.39 8  12.99 8  11.51 8  13.22 8  12.73 8  16.33 8  14.89 8
           16       27.17 8  17.25 8  7.859 8  11.06 8  19.91 8  19.17 8  12.83 8  11.71 8  13.11 8  13.17 8  16.27 8  15.01 8
           17       26.97 8  16.79 8  7.710 8  11.11 8  20.06 8  19.03 8  12.73 8  11.86 8  13.22 8  13.62 8  16.33 8  14.77 8
           18       26.77 8  17.06 8  7.669 8  11.26 8  20.21 8  18.59 8  12.68 8  12.07 8  12.89 8  13.79 8  16.33 8  14.55 8
           19       26.37 8  16.14 8  7.592 8  11.51 8  20.35 8  18.22 8  12.78 8  12.01 8  12.74 8  13.79 8  16.27 8  14.37 8
           20       25.98 8  15.63 8  7.823 8  11.86 8  21.05 8  18.15 8  12.37 8  12.74 8  12.58 8  13.97 8  16.40 8  14.03 8
           21       25.49 8  15.50 8  7.556 8  12.22 8  21.05 8  18.15 8  12.22 8  12.85 8  12.48 8  14.03 8  16.59 8  13.17 8
           22       25.09 8  15.18 8  7.520 8  12.68 8  21.29 8  17.86 8  12.32 8  12.85 8  12.42 8  14.37 8  16.66 8  13.40 8
           23       24.61 8  14.83 8  7.452 8  13.05 8  21.38 8  17.72 8  12.37 8  13.00 8  12.37 8  14.61 8  16.59 8  13.28 8
           24       24.41 8  14.49 8  7.488 8  13.40 8  21.54 8  17.46 8  12.12 8  12.99 8  12.12 8  14.66 8  16.59 8  13.40 8
           25       24.22 8  14.03 8  7.488 8  13.68 8  21.54 8  17.19 8  12.07 8  13.17 8  12.07 8  14.77 8  16.72 8  13.40 8
           26       24.02 8  13.51 8  7.642 8  13.85 8  21.71 8  17.06 8  11.76 8  13.45 8  12.07 8  14.72 8  16.66 8  12.58 8
           27       23.77 8  13.17 8  7.937 8  13.91 8  21.87 8  16.92 8  11.82 8  13.34 8  12.12 8  14.83 8  16.72 8  12.17 8
           28       23.44 8  12.12 8  8.128 8  13.91 8  21.95 8  16.72 8  11.21 8  13.40 8  12.22 8  14.83 8  16.72 8  11.97 8
           29       23.02 8  11.76 8  8.243 8  14.03 8  21.29 8  16.27 8  10.96 8  13.51 8  12.32 8  14.89 8  16.72 8  11.82 8
           30       22.61 8           8.702 8  14.09 8  21.05 8  15.75 8  10.64 8  13.85 8  12.22 8  15.37 8  16.66 8  11.26 8
           31       22.12 8           8.702 8           20.65 8           10.64 8  14.09 8           15.38 8           11.16 8

MEDIA               26.76 8  17.29 8  8.571 8  11.31 8  18.91 8  18.88 8  13.17 8  12.15 8  13.20 8  13.39 8  16.35 8  14.56 8
TOTAL               829.6 8  501.6 8  265.7 8  339.4 8  586.2 8  566.5 8  408.2 8  376.8 8  396.1 8  415.0 8  490.5 8  451.4 8
MAXIMA              29.77 8  21.71 8  11.46 8  14.09 8  21.95 8  20.97 8  15.63 8  14.09 8  14.26 8  15.38 8  16.72 8  16.72 8

** DATOS PRELIMINARES **              ***  VALORES  ANUALES  ***                                           ** ORIGENES DE DATO **

                                     MEDIA                  15.378                                         8 : EST.  OTROS METODOS
                                     TOTAL                5627.000
                                     MAXIMA                 29.770

                       I D E A M  -  INSTITUTO DE HIDROLOGIA, METEOROLOGIA Y ESTUDIOS AMBIENTALES
                                                                                                              SISTEMA DE INFORMACION
                                    TRANSPORTE DIARIO DE MATERIALES EN SUSPENSION  (K.TON/DIA)                  NACIONAL AMBIENTAL

    FECHA DE PROCESO :  2019/05/21                    ANO  2014                              ESTACION : 29037450  STA HELENA 2

    LATITUD    1004 N               TIPO EST    LM                   DEPTO      BOLIVAR                 FECHA-INSTALACION   1978-JUN
    LONGITUD   7526 W               ENTIDAD     01  IDEAM            MUNICIPIO  ARJONA                  FECHA-SUSPENSION
    ELEVACION  0003 m.s.n.m         REGIONAL    02  ATLANTICO        CORRIENTE  CANAL DEL DIQUE

************************************************************************************************************************************
          DIA       ENERO *  FEBRE *  MARZO *  ABRIL *  MAYO  *  JUNIO *  JULIO *  AGOST *  SEPTI *  OCTUB *  NOVIE *  DICIE *
************************************************************************************************************************************

           01       19.73 8  9.026 8  7.447 8  8.201 8  10.12 8  16.13 8  15.16 8  8.841 8  12.68 8  16.26 8  21.01 8  24.41 8
           02       19.48 8  8.933 8  7.605 8  8.211 8  10.52 8  16.33 8  15.03 8  8.794 8  12.68 8  16.26 8  21.00 8  24.23 8
           03       19.14 8  8.564 8  7.723 8  8.096 8  11.11 8  16.61 8  14.95 8  8.887 8  13.22 8  15.92 8  20.66 8  24.32 8
           04       19.23 8  8.518 8  7.846 8  8.060 8  11.11 8  16.33 8  14.64 8  8.256 8  13.22 8  15.71 8  20.41 8  24.14 8
           05       18.98 8  8.472 8  7.964 8  7.891 8  11.83 8  16.33 8  14.40 8  8.591 8  13.22 8  15.71 8  20.49 8  23.96 8
           06       18.64 8  8.302 8  8.124 8  7.891 8  12.49 8  16.33 8  14.27 8  8.559 8  12.56 8  15.57 8  20.41 8  24.05 8
           07       18.31 8  8.247 8  8.380 8  7.605 8  12.61 8  15.98 8  13.96 8  7.764 8  12.68 8  15.64 8  20.49 8  24.05 8
           08       17.38 8  8.087 8  8.518 8  7.488 8  12.98 8  16.13 8  13.78 8  7.529 8  12.56 8  16.13 8  20.75 8  24.14 8
           09       16.82 8  7.964 8  8.426 8  7.249 8  12.98 8  15.98 8  13.41 8  7.488 8  12.56 8  16.05 8  20.92 8  24.05 8
           10       16.13 8  7.846 8  8.334 8  7.056 8  13.35 8  15.92 8  12.92 8  7.723 8  12.31 8  16.33 8  20.83 8  23.96 8
           11       15.64 8  7.687 8  8.472 8  6.976 8  13.47 8  15.92 8  12.68 8  7.529 8  12.31 8  16.82 8  21.44 8  23.96 8
           12       15.37 8  7.605 8  8.656 8  6.900 8  13.53 8  15.92 8  12.37 8  8.794 8  12.07 8  16.96 8  21.80 8  24.14 8
           13       14.83 8  7.565 8  8.933 8  6.860 8  13.96 8  15.78 8  11.89 8  9.211 8  11.95 8  17.32 8  22.43 8  24.05 8
           14       14.58 8  7.646 8  9.072 8  6.860 8  14.64 8  15.78 8  11.65 8  9.351 8  11.47 8  17.99 8  22.79 8  24.23 8
           15       13.90 8  7.687 8  9.165 8  6.820 8  15.09 8  15.92 8  11.71 8  9.165 8  10.57 8  18.14 8  23.15 8  24.41 8
           16       14.40 8  7.447 8  8.979 8  6.864 8  15.43 8  16.61 8  11.47 8  9.678 8  10.40 8  18.39 8  23.24 8  24.41 8
           17       14.46 8  7.488 8  9.072 8  7.092 8  15.78 8  16.33 8  10.99 8  9.444 8  10.87 8  18.64 8  23.15 8  24.41 8
           18       13.96 8  7.407 8  8.979 8  7.065 8  15.78 8  16.40 8  10.75 8  9.304 8  11.59 8  18.90 8  23.15 8  24.32 8
           19       13.78 8  7.371 8  8.887 8  7.290 8  15.85 8  16.20 8  10.35 8  9.165 8  12.31 8  19.23 8  23.24 8  24.23 8
           20       13.66 8  7.290 8  8.979 8  7.407 8  15.85 8  15.98 8  9.960 8  9.258 8  12.80 8  19.31 8  23.06 8  23.87 8
           21       13.47 8  7.290 8  9.026 8  7.488 8  15.85 8  16.05 8  10.08 8  9.072 8  13.35 8  19.40 8  23.24 8  23.78 8
           22       13.10 8  7.249 8  8.933 8  7.529 8  16.47 8  15.85 8  9.819 8  9.072 8  13.84 8  19.40 8  23.33 8  23.69 8
           23       12.07 8  7.213 8  8.887 8  7.723 8  16.33 8  15.71 8  9.678 8  9.398 8  14.27 8  19.57 8  23.78 8  23.51 8
           24       10.99 8  6.976 8  8.841 8  7.723 8  16.20 8  15.43 8  9.491 8  9.491 8  14.58 8  19.65 8  23.96 8  23.51 8
           25       10.99 8  6.976 8  8.933 8  7.646 8  16.20 8  15.37 8  9.351 8  9.444 8  14.96 8  19.73 8  23.87 8  23.69 8
           26       10.40 8  7.056 8  8.979 8  7.964 8  16.26 8  15.37 8  9.119 8  9.913 8  15.50 8  19.82 8  24.14 8  23.51 8
           27       10.05 8  7.133 8  8.748 8  8.334 8  16.40 8  15.30 8  9.119 8  9.819 8  15.98 8  20.15 8  24.50 8  23.33 8
           28       10.01 8  7.133 8  8.490 8  8.748 8  16.13 8  15.30 8  9.258 8  10.64 8  15.98 8  20.49 8  24.50 8  23.06 8
           29       9.678 8           8.311 8  9.304 8  16.20 8  15.30 8  9.026 8  11.05 8  15.98 8  20.41 8  24.71 8  23.60 8
           30       9.398 8           8.014 8  9.631 8  16.96 8  15.03 8  8.748 8  11.59 8  15.98 8  20.33 8  24.59 8  23.15 8
           31       9.211 8           8.211 8           16.47 8           8.979 8  12.13 8           20.49 8           22.79 8

MEDIA               14.44 8  7.721 8  8.546 8  7.666 8  14.45 8  15.92 8  11.58 8  9.192 8  13.15 8  18.09 8  22.50 8  23.90 8
TOTAL               447.8 8  216.2 8  264.9 8  230.0 8  448.0 8  477.6 8  359.0 8  285.0 8  394.5 8  560.7 8  675.0 8  741.0 8
MAXIMA              19.73 8  9.026 8  9.165 8  9.631 8  16.96 8  16.61 8  15.16 8  12.13 8  15.98 8  20.49 8  24.71 8  24.41 8

** DATOS PRELIMINARES **              ***  VALORES  ANUALES  ***                                           ** ORIGENES DE DATO **

                                     MEDIA                  13.930                                         8 : EST.  OTROS METODOS
                                     TOTAL                5099.700
                                     MAXIMA                 24.710

