                       I D E A M  -  INSTITUTO DE HIDROLOGIA, METEOROLOGIA Y ESTUDIOS AMBIENTALES
                                                                                                              SISTEMA DE INFORMACION
                                    VALORES MEDIOS  DIARIOS DE CAUDALES (M3/Seg)                                NACIONAL AMBIENTAL

    FECHA DE PROCESO :  2019/05/13                    ANO  1984                              ESTACION : 29037610  KILOMETRO 107

    LATITUD    1014 N               TIPO EST    LM                   DEPTO      BOLIVAR                 FECHA-INSTALACION   1981-ABR
    LONGITUD   7531 W               ENTIDAD     01  IDEAM            MUNICIPIO  CARTAGENA               FECHA-SUSPENSION
    ELEVACION  0002 m.s.n.m         REGIONAL    02  ATLANTICO        CORRIENTE  CANAL DEL DIQUE

************************************************************************************************************************************
          DIA       ENERO *  FEBRE *  MARZO *  ABRIL *  MAYO  *  JUNIO *  JULIO *  AGOST *  SEPTI *  OCTUB *  NOVIE *  DICIE *
************************************************************************************************************************************

           01       70.00    113.5    97.00    95.50    86.60    92.50    129.7    156.2    169.1    176.2    197.6    160.9
           02       116.5    119.7    64.50    85.00    82.20    100.0    139.2    145.4    171.1    180.9    199.1    159.3
           03       113.2    85.00    85.00    82.10    86.50    82.00    142.3    162.1    171.7    181.0    198.0    170.8
           04       82.20    82.00    100.3    85.00    68.60    101.6    129.7    167.4    177.8    181.0    201.0    145.2
           05       86.60    80.50    80.60    86.60    68.00    115.1    129.7    160.9    174.6    175.9    197.8    131.3
           06       113.5    83.60    80.80    68.60    79.20    145.4    134.5    151.6    182.5    160.9    196.3    131.2
           07       131.2    111.8    86.60    71.00    97.00    106.1    146.9    148.5    172.9    164.3    194.6    148.5
           08       98.60    85.00    72.40    70.00    82.00    110.2    134.5    174.5    169.8    173.2    191.2    159.3
           09       83.60    64.40    67.20    97.00    101.6    115.0    132.8    160.9    164.4    186.1    165.5    166.7
           10       71.50    67.20    68.60    101.6    101.5    129.7    139.2    151.6    162.9    182.7    195.3    160.9
           11       67.20    98.50    67.20    113.5    101.6    113.2    134.5    157.8    161.0    184.4    194.6    196.3
           12       100.0    99.80    82.00    128.0    80.60    113.5    140.7    117.0    160.9    181.0    202.3    177.6
           13       103.3    70.10    113.2    101.5    124.2    126.4    135.9    115.1    157.8    177.6    205.1    162.1
           14       116.5    110.5    79.20    80.60    98.60    115.1    140.7    134.4    164.6    181.0    203.4    165.7
           15       79.20    101.6    97.00    83.80    118.1    111.8    135.9    154.7    171.1    186.1    211.3    145.4
           16       79.00    85.00    126.4    82.00    98.50    100.0    139.2    159.6    177.6    189.1    208.3    131.3
           17       83.50    98.20    79.20    73.10    101.6    111.7    140.7    134.1    172.9    195.7    213.0    177.6
           18       97.00    86.60    56.00    100.1    101.5    113.5    140.7    138.8    173.1    194.0    209.8    145.4
           19       101.6    100.0    98.60    105.1    97.00    131.3    145.4    145.2    168.0    205.3    213.0    177.6
           20       85.00    94.00    85.00    100.0    83.50    82.00    139.2    163.6    191.2    203.6    200.6    145.4
           21       73.00    103.3    95.40    88.00    115.1    139.2    146.9    174.5    194.6    207.0    192.9    117.0
           22       100.0    83.50    80.60    108.2    108.2    139.2    140.7    166.7    176.3    194.6    187.8    139.2
           23       114.8    93.20    99.80    89.90    91.00    146.9    129.7    140.6    181.0    202.5    181.0    156.2
           24       94.00    85.00    82.00    75.90    85.00    137.5    166.0    139.2    173.2    195.9    119.0    131.3
           25       119.7    103.3    111.7    82.00    118.1    136.1    148.5    154.7    173.2    192.9    179.3    177.6
           26       133.0    97.00    129.7    97.00    111.7    123.0    150.0    148.5    156.2    191.2    172.5    150.2
           27       94.00    104.9    86.60    70.10    123.1    137.6    146.9    146.9    153.1    191.2    175.9    148.5
           28       82.10    75.00    98.50    76.00    97.00    132.9    160.9    146.9    169.7    204.9    181.0    150.0
           29       97.00             100.1    56.00    116.5    145.4    176.0    155.4    169.7    196.6    182.7    148.5
           30       98.60             85.00    95.50    110.2    143.6    151.6    131.3    169.5    206.8    177.6    160.9
           31       116.5             83.50             98.50             145.4                      194.9             148.5

MEDIA               96.84    92.22 3  88.38    88.29    97.83    119.9    142.4    150.1 3  171.1    188.3    191.6    154.4
MAXIMA ABSOLUTA     136.1    136.1 3  129.7    133.0    148.5    160.9    191.2    191.2 3  201.0    222.0    228.0    198.0
MINIMA MEDIA        67.20    64.40 3  56.00    56.00    68.00    82.00    129.7    115.1 3  153.1    160.9    119.0    117.0

                                      ***  VALORES  ANUALES  ***                                           ** ORIGENES DE DATO **

                                     MEDIA                 131.780                                         3 : INCOMPLETOS
                                     MAXIMA ABSOLUTA       228.000
                                     MINIMA MEDIA           56.000

                       I D E A M  -  INSTITUTO DE HIDROLOGIA, METEOROLOGIA Y ESTUDIOS AMBIENTALES
                                                                                                              SISTEMA DE INFORMACION
                                    VALORES MEDIOS  DIARIOS DE CAUDALES (M3/Seg)                                NACIONAL AMBIENTAL

    FECHA DE PROCESO :  2019/05/13                    ANO  1985                              ESTACION : 29037610  KILOMETRO 107

    LATITUD    1014 N               TIPO EST    LM                   DEPTO      BOLIVAR                 FECHA-INSTALACION   1981-ABR
    LONGITUD   7531 W               ENTIDAD     01  IDEAM            MUNICIPIO  CARTAGENA               FECHA-SUSPENSION
    ELEVACION  0002 m.s.n.m         REGIONAL    02  ATLANTICO        CORRIENTE  CANAL DEL DIQUE

************************************************************************************************************************************
          DIA       ENERO *  FEBRE *  MARZO *  ABRIL *  MAYO  *  JUNIO *  JULIO *  AGOST *  SEPTI *  OCTUB *  NOVIE *  DICIE *
************************************************************************************************************************************

           01       175.0    116.5    105.1    98.30    98.30    111.5    119.6    109.8    127.9    153.3    153.3    144.0
           02       187.0    124.3    79.50    103.2    98.30    79.50    95.20    129.6    113.1    153.5    140.8    150.4
           03       188.5    96.00    124.7    82.80    118.0    113.1    129.6    144.0    124.5    175.0    157.8    153.2
           04       193.0    90.30    127.9    87.20    109.8    93.40    126.3    144.0    116.3    142.4    154.8    153.3
           05       175.0    108.2    126.3    49.90    136.0    108.2    77.90    91.90    74.90    132.8    161.0    156.4
           06       191.5    92.70    91.90    67.10    98.30    93.50    82.70    131.2    85.70    136.0    159.5    182.5
           07       172.0    108.4    77.10    70.20    92.20    121.4    126.3    156.8    144.0    168.3    159.5    182.5
           08       161.0    111.5    77.90    64.30    96.60    98.30    97.60    105.1    138.4    168.3    169.0    179.5
           09       148.5    114.8    87.60    59.10    132.8    121.4    145.6    106.7    155.0    154.7    184.0    169.9
           10       136.0    118.1    73.30    85.90    137.6    131.2    113.1    108.2    157.9    156.3    139.2    169.0
           11       134.4    109.8    82.80    119.7    151.8    113.1    91.90    105.1    169.0    153.3    142.4    137.6
           12       136.0    108.2    118.1    82.60    166.0    96.80    126.3    108.2    124.4    161.5    136.0    136.0
           13       155.1    108.2    118.0    147.0    145.5    108.4    129.6    88.80    132.3    164.5    144.0    137.6
           14       148.8    129.6    98.30    119.7    114.8    106.6    113.1    129.6    121.2    154.9    148.7    148.8
           15       156.8    137.5    131.2    144.0    113.1    93.50    91.90    91.90    136.0    153.4    147.1    153.4
           16       145.0    129.6    132.3    98.30    136.0    93.40    95.10    106.6    93.90    156.3    150.2    156.3
           17       127.5    108.2    98.30    134.4    130.5    113.1    109.8    126.3    137.1    168.3    156.4    168.3
           18       148.8    111.5    99.90    103.9    108.2    124.7    111.5    129.6    137.2    151.8    156.8    151.8
           19       140.8    129.6    132.8    89.10    136.0    106.7    105.1    105.1    124.6    150.1    150.1    150.1
           20       137.5    114.7    114.8    98.30    114.8    123.0    126.3    113.1    181.0    171.3    150.2    171.3
           21       98.70    110.0    114.7    119.7    116.4    126.3    105.1    134.4    157.5    177.7    150.4    177.7
           22       104.9    96.60    104.9    116.3    114.8    127.9    96.70    153.6    145.5    171.4    151.9    171.4
           23       100.1    95.20    99.90    119.7    113.1    94.20    95.10    105.1    150.2    166.0    164.5    166.0
           24       114.8    92.70    127.5    98.30    132.8    158.4    126.3    114.7    147.1    151.9    160.0    151.9
           25       126.3    81.10    131.2    82.60    99.90    124.7    114.7    108.2    129.6    151.9    148.8    151.9
           26       123.0    108.2    116.4    132.8    113.1    126.3    144.0    126.3    148.8    147.2    134.4    139.2
           27       124.7    105.1    132.8    118.0    150.3    88.80    113.6    140.7    137.6    160.0    134.4    148.8
           28       139.1    108.2    80.00    114.8    119.6    129.6    79.50    102.2    132.8    137.6    134.4    137.6
           29       124.7             69.60    101.6    99.90    93.40    126.3    90.60    134.4    153.5    136.0    153.5
           30       105.1             54.40    131.2    126.1    187.0    81.10    90.60    139.2    164.5    140.8    164.5
           31       127.5             59.90             118.0             142.4    96.80             151.8             151.8

MEDIA               143.5    109.5    102.9    101.3    120.6    113.6    110.9    116.0    133.9    156.8    150.5    157.0
MAXIMA ABSOLUTA     214.0    153.6    163.0    166.0    169.0    190.0    172.0    160.0    190.0    205.0    187.0    205.0
MINIMA MEDIA        98.70    81.10    54.40    49.90    92.20    79.50    77.90    88.80    74.90    132.8    134.4    136.0

                                      ***  VALORES  ANUALES  ***

                                     MEDIA                 126.375
                                     MAXIMA ABSOLUTA       214.000
                                     MINIMA MEDIA           49.900

                       I D E A M  -  INSTITUTO DE HIDROLOGIA, METEOROLOGIA Y ESTUDIOS AMBIENTALES
                                                                                                              SISTEMA DE INFORMACION
                                    VALORES MEDIOS  DIARIOS DE CAUDALES (M3/Seg)                                NACIONAL AMBIENTAL

    FECHA DE PROCESO :  2019/05/13                    ANO  1986                              ESTACION : 29037610  KILOMETRO 107

    LATITUD    1014 N               TIPO EST    LM                   DEPTO      BOLIVAR                 FECHA-INSTALACION   1981-ABR
    LONGITUD   7531 W               ENTIDAD     01  IDEAM            MUNICIPIO  CARTAGENA               FECHA-SUSPENSION
    ELEVACION  0002 m.s.n.m         REGIONAL    02  ATLANTICO        CORRIENTE  CANAL DEL DIQUE

************************************************************************************************************************************
          DIA       ENERO *  FEBRE *  MARZO *  ABRIL *  MAYO  *  JUNIO *  JULIO *  AGOST *  SEPTI *  OCTUB *  NOVIE *  DICIE *
************************************************************************************************************************************

           01       156.6    97.10    57.50    79.50    143.2    163.0    182.5    156.3    126.0    118.1    193.0    150.4
           02       137.5    118.2    61.60    74.00    142.3    175.0    171.8    159.7    140.8    121.4    202.0    164.5
           03       137.5    119.6    59.60    82.70    145.5    147.0    159.2    154.8    127.8    114.7    172.0    176.5
           04       134.2    116.3    69.30    103.7    132.8    147.0    162.8    119.7    132.6    127.9    148.6    173.5
           05       134.2    102.8    63.10    79.50    131.2    140.8    161.2    129.4    131.0    119.7    194.5    191.5
           06       131.0    102.8    63.10    81.10    139.2    140.8    158.1    137.6    132.7    145.2    173.5    173.5
           07       127.7    88.30    65.90    65.60    129.6    142.4    150.4    139.2    140.8    155.7    202.0    178.0
           08       137.5    73.90    81.10    64.00    131.2    147.2    152.0    166.0    131.2    158.8    202.0    178.0
           09       111.5    59.60    63.10    58.00    134.4    151.8    153.6    152.0    154.0    160.9    167.5    184.0
           10       103.2    48.40    65.90    61.10    131.2    153.4    168.9    158.1    154.0    176.0    193.0    184.0
           11       132.8    75.90    67.10    66.20    131.2    153.3    178.0    157.9    167.5    177.2    196.0    187.0
           12       131.2    82.60    67.80    70.90    137.6    163.0    172.0    181.0    155.7    177.8    197.5    185.5
           13       131.2    93.50    65.90    69.00    137.6    152.0    172.0    152.0    150.7    170.2    202.0    184.0
           14       131.2    91.90    91.90    70.20    137.6    170.5    178.0    144.6    147.0    165.8    178.0    151.6
           15       131.2    52.00    88.80    70.20    153.6    188.5    181.0    149.1    138.7    178.0    185.5    151.6
           16       134.4    53.20    82.60    85.80    159.8    190.0    162.0    119.5    142.2    176.5    200.5    163.0
           17       126.3    49.60    73.30    110.0    164.5    184.0    159.0    114.8    145.6    164.5    187.0    159.6
           18       118.1    44.80    64.00    128.0    175.0    170.2    159.0    124.4    165.4    161.5    175.0    159.6
           19       113.1    81.10    98.30    95.00    166.0    171.8    150.4    116.4    131.0    176.5    187.0    165.6
           20       104.9    75.20    114.7    97.60    160.0    157.6    140.7    101.6    131.0    185.5    193.0    171.8
           21       99.90    110.1    111.5    111.5    152.0    153.6    145.5    118.0    140.1    178.0    200.5    184.0
           22       91.90    48.40    106.5    129.6    148.7    156.6    140.8    131.0    134.2    185.5    200.5    190.0
           23       93.90    54.40    90.60    134.4    144.0    147.2    155.2    137.6    141.9    185.5    199.0    182.5
           24       105.6    52.00    64.00    91.90    148.8    172.0    163.0    137.4    178.0    190.0    196.0    184.0
           25       108.2    94.30    81.10    95.00    147.2    178.0    145.6    153.4    181.0    190.0    188.5    184.0
           26       95.00    74.90    85.90    67.10    150.4    178.0    181.0    158.1    179.5    196.0    200.5    179.5
           27       95.50    67.50    88.80    88.90    163.0    190.0    182.5    159.7    144.6    196.0    194.5    190.0
           28       85.90    67.10    82.70    95.00    161.5    137.5    176.5    114.8    141.4    188.5    214.0    184.0
           29       79.50             79.50    129.3    166.0    156.8    168.8    141.9    130.9    190.0    178.0    179.5
           30       106.6             89.10    138.7    164.5    164.0    168.8    137.4    134.2    205.0    176.5    179.5
           31       73.50             84.10             163.0             165.7    137.5             199.0             152.2

MEDIA               116.2    78.41    78.34    89.78    148.1    161.4    163.4    140.7    145.1    168.9    189.9    174.9
MAXIMA ABSOLUTA     166.0    169.0    131.2    166.0    175.0    196.0    196.0    190.0    217.0    220.0    220.0    214.0
MINIMA MEDIA        73.50    44.80    57.50    58.00    129.6    137.5    140.7    101.6    126.0    114.7    148.6    150.4

                                      ***  VALORES  ANUALES  ***

                                     MEDIA                 137.928
                                     MAXIMA ABSOLUTA       220.000
                                     MINIMA MEDIA           44.800

                       I D E A M  -  INSTITUTO DE HIDROLOGIA, METEOROLOGIA Y ESTUDIOS AMBIENTALES
                                                                                                              SISTEMA DE INFORMACION
                                    VALORES MEDIOS  DIARIOS DE NIVELES (Cms)                                    NACIONAL AMBIENTAL

    FECHA DE PROCESO :  2019/05/13                    ANO  1981                              ESTACION : 29037610  KILOMETRO 107

    LATITUD    1014 N               TIPO EST    LM                   DEPTO      BOLIVAR                 FECHA-INSTALACION   1981-ABR
    LONGITUD   7531 W               ENTIDAD     01  IDEAM            MUNICIPIO  CARTAGENA               FECHA-SUSPENSION
    ELEVACION  0002 m.s.n.m         REGIONAL    02  ATLANTICO        CORRIENTE  CANAL DEL DIQUE

************************************************************************************************************************************
          DIA       ENERO *  FEBRE *  MARZO *  ABRIL *  MAYO  *  JUNIO *  JULIO *  AGOST *  SEPTI *  OCTUB *  NOVIE *  DICIE *
************************************************************************************************************************************

           01                                             658      661      663      662      663               664      662
           02                                             652      663      663      661      667               665      653
           03                                             651      660      667      662      667               667      666
           04                                             650      660      663      667      665               667      655
           05                                             649      662      664      664      671               671      663
           06                                             649      663      664      667      668               668      650
           07                                             652      664      663      663      661               668      668
           08                                             657      666      664      667      658               667      659
           09                                             657      665      666      664      660               670      665
           10                                             653      664      666      665      656               666      665
           11                                             653      663      667      665      662               667      661
           12                                             657      662      666      668      662               666      671
           13                                             652      663      666      664      662               663      681
           14                                             654      660      667      664      663               665      676
           15                                             655      662      663      661      662               663      666
           16                                             651      663      663      661      667               669      670
           17                                             652      661      663      662      663               670      655
           18                                             653      662      663      663      667               661      671
           19                                             655      663      663      667      666               654      664
           20                                             660      663      663      667      663               664      665
           21                                             654      663      663      662      666               661      664
           22                                             657      663      663      663      662               662      662
           23                                             655      663      666      662      652               675      671
           24                                             657      663      665      663      667               668      658
           25                                             658      670      663      662      668               668      663
           26                                             662      667      667      661      662               668      664
           27                                             666      663      662      662      667               668      664
           28                                             662      663      663      662      664               660      663
           29                                             663      663      663      666      667               662      664
           30                                             660      662      662      662      667               663      662
           31                                             664               663      663                                 652

MEDIA                                            640 3    656      663      664      663      664               665      663
MAXIMA ABSOLUTA                                  663 3    667      670      671      672      672               680      682
MINIMA MEDIA                                     628 3    649      660      662      661      652               654      650

** DATOS PRELIMINARES **              ***  VALORES  ANUALES  ***                                           ** ORIGENES DE DATO **

                                     MEDIA                     660                                         3 : INCOMPLETOS
                                     MAXIMA ABSOLUTA           682
                                     MINIMA MEDIA              628

                       I D E A M  -  INSTITUTO DE HIDROLOGIA, METEOROLOGIA Y ESTUDIOS AMBIENTALES
                                                                                                              SISTEMA DE INFORMACION
                                    VALORES MEDIOS  DIARIOS DE NIVELES (Cms)                                    NACIONAL AMBIENTAL

    FECHA DE PROCESO :  2019/05/13                    ANO  1982                              ESTACION : 29037610  KILOMETRO 107

    LATITUD    1014 N               TIPO EST    LM                   DEPTO      BOLIVAR                 FECHA-INSTALACION   1981-ABR
    LONGITUD   7531 W               ENTIDAD     01  IDEAM            MUNICIPIO  CARTAGENA               FECHA-SUSPENSION
    ELEVACION  0002 m.s.n.m         REGIONAL    02  ATLANTICO        CORRIENTE  CANAL DEL DIQUE

************************************************************************************************************************************
          DIA       ENERO *  FEBRE *  MARZO *  ABRIL *  MAYO  *  JUNIO *  JULIO *  AGOST *  SEPTI *  OCTUB *  NOVIE *  DICIE *
************************************************************************************************************************************

           01         657      663               641      652      659      657      653      648      651      660      647
           02         660      667               643      649      660      652      652      646      624      651      649
           03         664      666               641      646      661      645      645      641      654      655      651
           04         672      661               634      644      652      648      648      645      652      657      643
           05         670      662               638      635      656      646      649      648      651      649      661
           06         659      662               633      639      657      648      643      645      654      659      666
           07         667      664               632      641      656      648      643      648      654      665      662
           08         662      664               633      641      658      652      646      653      656      655      655
           09         659      664               632      643      658      651      650      653      658      656      661
           10         661      663               637      640      659      650      653      646      658      550      661
           11         657      663               638      647      663      655      650      649      649      653      660
           12         663      664               646      650      661      654      650      653      655      652      656
           13         662      661               645      651      664      660      655      652      655      655      660
           14         668      660               649      654      665      659      644      645      654      653      654
           15         670      660               649      658      667      660      645      645      650      652      658
           16         662      658               653      658      670      657      650      647      655      646      649
           17         661      662               650      655      667      659      640      647      658      654      656
           18         673      663               649      656      667      653      638      652      659      652      662
           19         664      658               650      657      662      649      644      655      656      655      664
           20         658      653               646      654      655      651      640      651      657      657      659
           21         663      660               653      659      657      648      640      653      652      654      663
           22         662      660               646      654      656      652      643      652      653      653      647
           23         663      659               639      652      650      652      639      653      654      651      659
           24         663      660               638      654      648      657      652      652      654      651      649
           25         663      657               637      655      653      658      653      654      656      647      660
           26         663      663               639      652      655      654      650      655      652      652      653
           27         664      664               639      655      658      656      649      647      650      644      654
           28         662      665               647      657      655      660      652      647      656      640      656
           29         663                        652      663      652      657      648      651      658      648      637
           30         665                        652      661      652      657      644      653      654      645      641
           31         661                                 658               659      644                                 644

MEDIA                 663      661      638 3    642      651      658      653      647      649      653 3    649      655
MAXIMA ABSOLUTA       675      671      658 3    662      665      672      666      663      666      666 3    668      668
MINIMA MEDIA          657      653      634 3    632      635      648      645      638      641      624 3    550      637

** DATOS PRELIMINARES **              ***  VALORES  ANUALES  ***                                           ** ORIGENES DE DATO **

                                     MEDIA                     652                                         3 : INCOMPLETOS
                                     MAXIMA ABSOLUTA           675
                                     MINIMA MEDIA              550

                       I D E A M  -  INSTITUTO DE HIDROLOGIA, METEOROLOGIA Y ESTUDIOS AMBIENTALES
                                                                                                              SISTEMA DE INFORMACION
                                    VALORES MEDIOS  DIARIOS DE NIVELES (Cms)                                    NACIONAL AMBIENTAL

    FECHA DE PROCESO :  2019/05/13                    ANO  1983                              ESTACION : 29037610  KILOMETRO 107

    LATITUD    1014 N               TIPO EST    LM                   DEPTO      BOLIVAR                 FECHA-INSTALACION   1981-ABR
    LONGITUD   7531 W               ENTIDAD     01  IDEAM            MUNICIPIO  CARTAGENA               FECHA-SUSPENSION
    ELEVACION  0002 m.s.n.m         REGIONAL    02  ATLANTICO        CORRIENTE  CANAL DEL DIQUE

************************************************************************************************************************************
          DIA       ENERO *  FEBRE *  MARZO *  ABRIL *  MAYO  *  JUNIO *  JULIO *  AGOST *  SEPTI *  OCTUB *  NOVIE *  DICIE *
************************************************************************************************************************************

           01         643      635      632      626      631      635      645      642      641      660      653      655
           02         651      638      633      627      638      652      636      643      640      654      651      647
           03         644      640      638      643      639      643      643      647      641      644      659      642
           04         657      642      639      646      646      640      640      644      639      640      656      644
           05         653      649      639      639      641      640      638      644      641      641      653      650
           06         653      642      643      632      645      639      635      650      643      645      645      655
           07         655      638      640      629      645      640      639      645      641      655      652      661
           08         634      631      642      634      644      640      645      645      646      656      657      649
           09         658      634      635      644      645      636      645      651      640      652      658      644
           10         653      638      636      630      640      637      640      645      650      651      650      655
           11         644      634      632      631      643      639      644      637      645      659      650      644
           12         656      635      629      633      637      642      641      642      645      659      655      644
           13         646      633      629      630      635      639      640      642      645      662      656      649
           14         640      630      637      637      639      640      649      646      648      652      654      650
           15         649      629      632      630      638      636      642      641      639      658      650      644
           16         640      629      634      629      641      636      642      644      650      662      650      653
           17         642      629      634      629      640      640      646      642      644      649      650      651
           18         654      634      643      637      636      636      644      638      649      645      658      651
           19         655      638      640      638      640      647      646      639      644      654      650      650
           20         643      641      633      644      645      640      643      640      634      654      647      644
           21         646      638      643      647      640      635      643      640      662      654      644      651
           22         661      641      637      655      640      637      642      641      649      649      646      643
           23         666      642      642      639      643      631      644      642      644      650      638      640
           24         650      638      641      635      639      639      642      639      655      656      660      647
           25         645      638      642      635      635      636      641      643      660      651      655      645
           26         644      636      633      636      640      640      640      639      661      669      651      649
           27         642      635      636      636      639      636      642      650      644      664      645      646
           28         636      634      625      640      630      635      644      642      670      665      640      639
           29         628               628      636      634      638      643      644      664      654      645      641
           30         635               622      631      635      639      645      649      648      658      640      649
           31         635               622               646               644      644               648               636

MEDIA                 647      636      635      636      639      638      642      643      647      654      650      647
MAXIMA ABSOLUTA       680      656      657      661      652      662      654      653      680      680      665      661
MINIMA MEDIA          628      629      622      626      630      631      635      637      634      640      638      636

** DATOS PRELIMINARES **              ***  VALORES  ANUALES  ***

                                     MEDIA                     643
                                     MAXIMA ABSOLUTA           680
                                     MINIMA MEDIA              622

                       I D E A M  -  INSTITUTO DE HIDROLOGIA, METEOROLOGIA Y ESTUDIOS AMBIENTALES
                                                                                                              SISTEMA DE INFORMACION
                                    VALORES MEDIOS  DIARIOS DE NIVELES (Cms)                                    NACIONAL AMBIENTAL

    FECHA DE PROCESO :  2019/05/13                    ANO  1984                              ESTACION : 29037610  KILOMETRO 107

    LATITUD    1014 N               TIPO EST    LM                   DEPTO      BOLIVAR                 FECHA-INSTALACION   1981-ABR
    LONGITUD   7531 W               ENTIDAD     01  IDEAM            MUNICIPIO  CARTAGENA               FECHA-SUSPENSION
    ELEVACION  0002 m.s.n.m         REGIONAL    02  ATLANTICO        CORRIENTE  CANAL DEL DIQUE

************************************************************************************************************************************
          DIA       ENERO *  FEBRE *  MARZO *  ABRIL *  MAYO  *  JUNIO *  JULIO *  AGOST *  SEPTI *  OCTUB *  NOVIE *  DICIE *
************************************************************************************************************************************

           01         640      654      649      649      646      648      659      668      672      674      680      669
           02         655      656      638      645      644      650      662      664      672      675      681      669
           03         654      645      645      644      646      644      663      669      672      675      680      672
           04         644      644      650      645      640      651      659      671      674      675      681      664
           05         646      644      644      646      639      655      659      669      673      674      680      660
           06         654      645      644      640      643      664      661      666      676      669      680      660
           07         660      654      646      640      649      652      665      665      673      670      679      665
           08         650      645      641      640      644      653      661      673      672      673      678      669
           09         645      638      639      649      651      655      660      669      670      677      670      671
           10         641      639      640      651      650      659      662      666      670      676      680      669
           11         639      650      639      654      651      654      661      668      669      676      679      680
           12         650      650      644      659      644      654      663      655      669      675      682      674
           13         651      640      654      650      658      658      661      655      668      674      683      669
           14         655      653      643      644      650      655      663      661      670      675      682      671
           15         643      651      649      645      656      654      661      667      672      677      685      664
           16         643      645      658      644      650      650      662      669      674      678      684      660
           17         645      649      643      641      651      654      663      661      673      680      685      674
           18         649      646      635      650      650      654      663      662      673      679      684      664
           19         651      650      650      652      649      660      664      664      671      683      685      674
           20         645      648      645      650      645      644      662      670      678      682      681      664
           21         641      651      648      646      655      662      665      673      679      683      679      655
           22         650      645      644      653      653      662      663      671      674      679      677      662
           23         655      648      650      647      647      665      659      663      675      682      675      668
           24         648      645      644      642      645      662      671      662      673      680      656      660
           25         656      651      654      644      656      661      665      667      673      679      675      674
           26         660      649      659      649      654      657      666      665      668      678      673      666
           27         648      652      646      640      657      662      665      665      667      678      674      665
           28         644      642      650      642      649      660      669      665      672      683      675      666
           29         649               650      635      655      664      674      667      672      680      676      665
           30         650               645      649      653      664      666      660      672      683      674      669
           31         655               645               650               664                        680               665

MEDIA                 649      647 3    646      646      649      656      663      665 3    672      677      678      667
MAXIMA ABSOLUTA       661      661 3    659      660      665      669      678      678 3    681      688      690      680
MINIMA MEDIA          639      638 3    635      635      639      644      659      655 3    667      669      656      655

** DATOS PRELIMINARES **              ***  VALORES  ANUALES  ***                                           ** ORIGENES DE DATO **

                                     MEDIA                     660                                         3 : INCOMPLETOS
                                     MAXIMA ABSOLUTA           690
                                     MINIMA MEDIA              635

                       I D E A M  -  INSTITUTO DE HIDROLOGIA, METEOROLOGIA Y ESTUDIOS AMBIENTALES
                                                                                                              SISTEMA DE INFORMACION
                                    VALORES MEDIOS  DIARIOS DE NIVELES (Cms)                                    NACIONAL AMBIENTAL

    FECHA DE PROCESO :  2019/05/13                    ANO  1985                              ESTACION : 29037610  KILOMETRO 107

    LATITUD    1014 N               TIPO EST    LM                   DEPTO      BOLIVAR                 FECHA-INSTALACION   1981-ABR
    LONGITUD   7531 W               ENTIDAD     01  IDEAM            MUNICIPIO  CARTAGENA               FECHA-SUSPENSION
    ELEVACION  0002 m.s.n.m         REGIONAL    02  ATLANTICO        CORRIENTE  CANAL DEL DIQUE

************************************************************************************************************************************
          DIA       ENERO *  FEBRE *  MARZO *  ABRIL *  MAYO  *  JUNIO *  JULIO *  AGOST *  SEPTI *  OCTUB *  NOVIE *  DICIE *
************************************************************************************************************************************

           01         665      647      643      641      641      645      648      645      650      658      658      655
           02         669      649      635      643      641      635      640      651      646      658      654      657
           03         670      640      649      636      647      646      651      655      649      665      660      658
           04         671      638      650      638      645      640      650      655      647      655      659      658
           05         665      644      650      622      653      644      635      639      634      652      661      659
           06         671      639      639      631      641      640      636      651      637      653      660      668
           07         664      644      634      632      639      648      650      659      655      663      660      668
           08         661      645      635      630      641      641      641      643      654      663      663      667
           09         657      646      638      628      652      648      656      644      659      659      668      664
           10         653      647      633      637      653      651      646      644      660      659      654      663
           11         652      645      636      648      658      646      639      643      663      658      655      653
           12         653      644      647      636      662      641      650      644      649      661      653      653
           13         659      644      647      656      656      644      651      638      652      662      655      653
           14         657      651      641      648      646      644      646      651      648      659      657      657
           15         659      653      651      655      646      640      639      639      653      658      656      658
           16         656      651      652      641      653      640      640      644      640      659      657      659
           17         650      644      641      652      651      646      645      650      653      663      659      663
           18         657      645      642      643      644      649      645      651      653      658      659      658
           19         654      651      652      638      653      644      643      643      649      657      657      657
           20         653      646      646      641      646      649      650      646      667      664      657      664
           21         641      645      646      648      647      650      643      652      660      666      657      666
           22         643      641      643      647      646      650      641      658      656      664      658      664
           23         642      640      642      648      646      640      640      643      657      662      662      662
           24         646      639      650      641      652      660      650      646      656      658      660      658
           25         650      636      651      636      642      649      646      644      651      658      657      658
           26         649      644      647      652      646      650      655      650      657      656      652      654
           27         649      643      652      647      657      638      646      654      653      660      652      657
           28         654      644      632      646      648      651      635      642      652      653      652      653
           29         649               630      642      642      640      650      639      652      658      653      658
           30         643               626      651      650      669      636      639      654      662      654      662
           31         650               628               647               655      641               658               658

MEDIA                 655      644      642      642      648      646      645      646      652      659      657      659
MAXIMA ABSOLUTA       678      658      661      662      663      670      664      660      670      675      669      675
MINIMA MEDIA          641      636      626      622      639      635      635      638      634      652      652      653

** DATOS PRELIMINARES **              ***  VALORES  ANUALES  ***

                                     MEDIA                     650
                                     MAXIMA ABSOLUTA           678
                                     MINIMA MEDIA              622

                       I D E A M  -  INSTITUTO DE HIDROLOGIA, METEOROLOGIA Y ESTUDIOS AMBIENTALES
                                                                                                              SISTEMA DE INFORMACION
                                    VALORES MEDIOS  DIARIOS DE NIVELES (Cms)                                    NACIONAL AMBIENTAL

    FECHA DE PROCESO :  2019/05/13                    ANO  1986                              ESTACION : 29037610  KILOMETRO 107

    LATITUD    1014 N               TIPO EST    LM                   DEPTO      BOLIVAR                 FECHA-INSTALACION   1981-ABR
    LONGITUD   7531 W               ENTIDAD     01  IDEAM            MUNICIPIO  CARTAGENA               FECHA-SUSPENSION
    ELEVACION  0002 m.s.n.m         REGIONAL    02  ATLANTICO        CORRIENTE  CANAL DEL DIQUE

************************************************************************************************************************************
          DIA       ENERO *  FEBRE *  MARZO *  ABRIL *  MAYO  *  JUNIO *  JULIO *  AGOST *  SEPTI *  OCTUB *  NOVIE *  DICIE *
************************************************************************************************************************************

           01         659      641      627      635      655      661      668      659      650      647      671      657
           02         653      647      629      633      655      665      664      660      654      648      674      662
           03         653      648      628      636      656      656      660      659      650      646      664      666
           04         652      647      632      643      652      656      661      648      652      650      657      665
           05         652      642      630      635      651      654      661      651      651      648      672      671
           06         651      642      630      636      654      654      660      653      652      656      665      665
           07         650      637      631      631      651      655      657      654      654      659      674      666
           08         653      633      636      630      651      656      658      662      651      660      674      666
           09         645      628      630      628      652      658      658      658      659      661      663      668
           10         643      624      631      629      651      658      663      660      659      666      671      668
           11         652      634      631      631      651      658      666      660      663      666      672      669
           12         651      636      631      632      653      661      664      667      659      666      673      669
           13         651      640      631      632      653      658      664      658      658      664      674      668
           14         651      639      639      632      653      664      666      656      656      662      666      658
           15         651      625      638      632      658      670      667      657      654      666      669      658
           16         652      626      636      637      660      670      661      648      655      666      674      661
           17         650      624      633      645      662      668      660      646      656      662      669      660
           18         647      622      630      650      665      664      660      649      662      661      665      660
           19         646      636      641      640      662      664      657      647      651      666      669      662
           20         643      634      646      641      660      660      654      642      651      669      671      664
           21         642      645      645      645      658      658      656      647      654      666      674      668
           22         639      624      644      651      657      659      654      651      652      669      674      670
           23         640      626      639      652      655      656      659      653      655      669      673      668
           24         643      625      630      639      657      664      661      653      666      670      672      668
           25         644      640      636      640      656      666      656      658      667      670      670      668
           26         640      633      637      631      657      666      667      660      667      672      674      667
           27         640      630      638      638      661      670      668      660      656      672      672      670
           28         637      631      636      640      661      653      666      646      655      670      678      668
           29         635               635      651      662      659      663      655      651      670      666      667
           30         644               638      654      662      662      663      653      652      675      666      667
           31         633               637               661               662      653               673               658

MEDIA                 646      634      634      638      656      661      661      654      656      663      670      665
MAXIMA ABSOLUTA       662      663      651      662      665      672      672      670      679      680      680      678
MINIMA MEDIA          633      622      627      628      651      653      654      642      650      646      657      657

** DATOS PRELIMINARES **              ***  VALORES  ANUALES  ***

                                     MEDIA                     653
                                     MAXIMA ABSOLUTA           680
                                     MINIMA MEDIA              622

                       I D E A M  -  INSTITUTO DE HIDROLOGIA, METEOROLOGIA Y ESTUDIOS AMBIENTALES
                                                                                                              SISTEMA DE INFORMACION
                                    VALORES MEDIOS  DIARIOS DE NIVELES (Cms)                                    NACIONAL AMBIENTAL

    FECHA DE PROCESO :  2019/05/13                    ANO  1987                              ESTACION : 29037610  KILOMETRO 107

    LATITUD    1014 N               TIPO EST    LM                   DEPTO      BOLIVAR                 FECHA-INSTALACION   1981-ABR
    LONGITUD   7531 W               ENTIDAD     01  IDEAM            MUNICIPIO  CARTAGENA               FECHA-SUSPENSION
    ELEVACION  0002 m.s.n.m         REGIONAL    02  ATLANTICO        CORRIENTE  CANAL DEL DIQUE

************************************************************************************************************************************
          DIA       ENERO *  FEBRE *  MARZO *  ABRIL *  MAYO  *  JUNIO *  JULIO *  AGOST *  SEPTI *  OCTUB *  NOVIE *  DICIE *
************************************************************************************************************************************

           01         651      655      636      636      649      650      657      660      669      667      677      676
           02         651      655      641      643      649      651      657      661      668      674      673      673
           03         661      653      634      649      652      654      658      662      661      668      676      671
           04         665      656      637      641      656      660      661      671      661      666      673      669
           05         665      659      638      636      658      659      661      665      662      664      673      673
           06         664      658      634      633      659      659      656      667      661      664      672      678
           07         664      655      632      632      658      666      653      656      664      661      664      674
           08         664      650      630      634      657      659      655      656      659      661      658      679
           09         658      644      639      635      654      651      659      658      660      661      655      680
           10         665      645      636      654      654      656      659      661      665      661      668      678
           11         654      640      648      658      645      646      650      664      661      656      665      677
           12         642      635      641      640      645      646      648      661      665      672      670      679
           13         640      641      625      656      646      648      643      665      672      670      672      679
           14         650      635      626      648      648      651      655      664      663      670      655      686
           15         649      649      631      636      649      653      658      667      665      670      662      673
           16         653      646      635      637      648      655      657      665      670      669      679      670
           17         652      644      633      647      648      662      652      665      668      670      677      660
           18         653      645      637      647      650      659      655      666      666      677      673      667
           19         653      648      638      655      652      666      654      673      666      676      670      671
           20         656      640      638      652      658      658      662      662      665      670      670      676
           21         656      638      639      659      652      657      657      664      666      672      667      681
           22         655      645      645      656      658      656      665      664      663      676      672      679
           23         657      639      659      653      658      666      655      661      660      676      667      674
           24         651      640      657      649      657      654      654      660      661      671      675      676
           25         652      642      646      650      652      657      647      662      655      672      672      674
           26         651      646      650      648      644      652      648      650      662      671      685      673
           27         649      636      645      649      648      648      651      665      663      670      685      676
           28         638      624      640      655      655      649      657      668      666      674      674      677
           29         644               635      646      651      654      658      663      668      671      677      677
           30         632               639      643      656      655      662      658      666      670      681      668
           31         645               644               649               663      660               679               665

MEDIA                 653      645      639      646      652      655      655      662      664      669      671      674
MAXIMA ABSOLUTA       672      668      664      670      663      668      670      678      678      687      689      687
MINIMA MEDIA          632      624      625      632      644      646      643      650      655      656      655      660

** DATOS PRELIMINARES **              ***  VALORES  ANUALES  ***

                                     MEDIA                     657
                                     MAXIMA ABSOLUTA           689
                                     MINIMA MEDIA              624

                       I D E A M  -  INSTITUTO DE HIDROLOGIA, METEOROLOGIA Y ESTUDIOS AMBIENTALES
                                                                                                              SISTEMA DE INFORMACION
                                    VALORES MEDIOS  DIARIOS DE NIVELES (Cms)                                    NACIONAL AMBIENTAL

    FECHA DE PROCESO :  2019/05/13                    ANO  1988                              ESTACION : 29037610  KILOMETRO 107

    LATITUD    1014 N               TIPO EST    LM                   DEPTO      BOLIVAR                 FECHA-INSTALACION   1981-ABR
    LONGITUD   7531 W               ENTIDAD     01  IDEAM            MUNICIPIO  CARTAGENA               FECHA-SUSPENSION
    ELEVACION  0002 m.s.n.m         REGIONAL    02  ATLANTICO        CORRIENTE  CANAL DEL DIQUE

************************************************************************************************************************************
          DIA       ENERO *  FEBRE *  MARZO *  ABRIL *  MAYO  *  JUNIO *  JULIO *  AGOST *  SEPTI *  OCTUB *  NOVIE *  DICIE *
************************************************************************************************************************************

           01         671      654      652      623      634      648      655      663      673      680      679      676
           02         666      653      631      630      637      649      658      663      667      674      675      676
           03         663      647      635      630      637      648      663      662      668      676      676      676
           04         663      645      634      629      635      652      669      671      669      674      681      673
           05         664      647      631      628      640      651      666      673      670      678      675      677
           06         663      645      632      627      639      656      666      677      668      678      675      670
           07         666      649      636      632      645      657      666      672      666      678      675      670
           08         665      647      636      637      650      658      665      662      664      678      675      662
           09         669      655      634      635      649      647      662      663      668      678      678      666
           10         665      645      650      637      644      650      659      662      665      678      674      668
           11         664      644      639      631      652      646      661      666      668      679      673      669
           12         666      646      643      640      655      651      655      666      670      673      677      669
           13         663      640      642      643      643      645      656      667      671      677      674      665
           14         657      645      649      629      642      644      656      667      672      677      677      673
           15         656      655      612      623      638      647      657      668      673      679      674      673
           16         655      641      620      626      636      647      657      664      672      681      676      676
           17         668      636      625      625      641      647      660      666      672      684      683      678
           18         666      634      624      631      640      651      661      671      673      688      681      672
           19         658      639      625      635      650      656      661      667      672      692      678      666
           20         646      639      626      639      650      657      660      666      670      693      683      664
           21         647      640      624      636      651      660      655      673      672      691      679      667
           22         651      649      622      638      652      666      669      675      672      690      673      664
           23         653      647      622      650      653      660      664      666      670      688      673      667
           24         653      639      626      650      654      662      662      666      672      688      672      666
           25         655      644      626      654      653      652      662      667      671      690      668      666
           26         651      644      625      659      653      657      665      665      669      683      673      667
           27         655      644      629      645      651      658      666      663      673      680      674      670
           28         649      648      630      642      652      656      663      670      672      677      678      670
           29         645      646      627      641      648      653      657      665      674      677      678      670
           30         642               632      636      648      653      667      669      675      673      677      672
           31         644               626               651               663      672               680               670

MEDIA                 658      645      631      636      646      653      661      667      670      681      676      670
MAXIMA ABSOLUTA       677      680      666      661      658      668      669      681      680      696      689      678
MINIMA MEDIA          642      634      612      623      634      644      655      662      664      673      668      662

** DATOS PRELIMINARES **              ***  VALORES  ANUALES  ***

                                     MEDIA                     658
                                     MAXIMA ABSOLUTA           696
                                     MINIMA MEDIA              612

                       I D E A M  -  INSTITUTO DE HIDROLOGIA, METEOROLOGIA Y ESTUDIOS AMBIENTALES
                                                                                                              SISTEMA DE INFORMACION
                                    VALORES MEDIOS  DIARIOS DE NIVELES (Cms)                                    NACIONAL AMBIENTAL

    FECHA DE PROCESO :  2019/05/13                    ANO  1989                              ESTACION : 29037610  KILOMETRO 107

    LATITUD    1014 N               TIPO EST    LM                   DEPTO      BOLIVAR                 FECHA-INSTALACION   1981-ABR
    LONGITUD   7531 W               ENTIDAD     01  IDEAM            MUNICIPIO  CARTAGENA               FECHA-SUSPENSION
    ELEVACION  0002 m.s.n.m         REGIONAL    02  ATLANTICO        CORRIENTE  CANAL DEL DIQUE

************************************************************************************************************************************
          DIA       ENERO *  FEBRE *  MARZO *  ABRIL *  MAYO  *  JUNIO *  JULIO *  AGOST *  SEPTI *  OCTUB *  NOVIE *  DICIE *
************************************************************************************************************************************

           01         668      668      668      651      650      656      670      657      666      672      679      668
           02         669      668      667      649      637      652      665      657      666      677      678      660
           03         663      658      667      641      639      653      666      654      667      671      680      674
           04         668      655      670      642      640      647      662      649      667      672      678      671
           05         668      654      662      643      637      651      662      659      667      674      677      669
           06         664      656      661      642      638      657      662      660      666      675      673      649
           07         660      658      647      640      637      658      666      663      669      677      680      655
           08         665      655      642      635      638      667      668      662      668      674      680      658
           09         664      655      639      635      644      660      667      662      672      675      680      656
           10         667      663      640      636      649      666      664      662      677      676      676      659
           11         666      662      639      635      657      665      669      664      668      674      680      659
           12         666      667      648      646      659      663      666      663      672      666      669      669
           13         664      665      647      653      660      667      658      660      673      670      658      670
           14         664      658      651      650      658      648      653      657      673      669      682      665
           15         672      656      651      649      657      652      654      657      669      670      676      661
           16         667      651      663      648      658      653      643      660      670      674      690      660
           17         664      651      652      658      656      651      639      659      670      674      676      659
           18         659      654      645      648      649      648      647      659      670      671      654      653
           19         656      651      645      649      654      650      647      661      672      671      660      670
           20         662      650      647      645      659      658      648      661      670      674      656      681
           21         667      654      649      644      655      661      661      661      670      674      664      661
           22         662      647      647      649      649      658      666      662      673      676      683      654
           23         668      654      647      636      654      658      672      662      672      675      669      668
           24         665      658      651      636      657      668      667      663      665      668      668      660
           25         668      654      638      636      656      668      667      663      668      669      671      654
           26         667      652      638      639      661      669      665      666      669      668      650      646
           27         665      654      641      639      661      670      663      661      672      669      669      651
           28         668      661      641      645      661      669      655      664      672      668      656      651
           29         664               641      647      661      660      657      661      670      669      661      659
           30         659               642      649      660      658      653      660      668      668      667      651
           31         682               640               659               653      663               669               659

MEDIA                 665      657      649      644      652      659      660      660      670      672      671      660
MAXIMA ABSOLUTA       686      678      678      662      667      675      676      678      688      687      691      681
MINIMA MEDIA          656      647      638      635      637      647      639      649      665      666      650      646

** DATOS PRELIMINARES **              ***  VALORES  ANUALES  ***

                                     MEDIA                     660
                                     MAXIMA ABSOLUTA           691
                                     MINIMA MEDIA              635

                       I D E A M  -  INSTITUTO DE HIDROLOGIA, METEOROLOGIA Y ESTUDIOS AMBIENTALES
                                                                                                              SISTEMA DE INFORMACION
                                    VALORES MEDIOS  DIARIOS DE NIVELES (Cms)                                    NACIONAL AMBIENTAL

    FECHA DE PROCESO :  2019/05/13                    ANO  1990                              ESTACION : 29037610  KILOMETRO 107

    LATITUD    1014 N               TIPO EST    LM                   DEPTO      BOLIVAR                 FECHA-INSTALACION   1981-ABR
    LONGITUD   7531 W               ENTIDAD     01  IDEAM            MUNICIPIO  CARTAGENA               FECHA-SUSPENSION
    ELEVACION  0002 m.s.n.m         REGIONAL    02  ATLANTICO        CORRIENTE  CANAL DEL DIQUE

************************************************************************************************************************************
          DIA       ENERO *  FEBRE *  MARZO *  ABRIL *  MAYO  *  JUNIO *  JULIO *  AGOST *  SEPTI *  OCTUB *  NOVIE *  DICIE *
************************************************************************************************************************************

           01         659      645      641      643      660      658      659      665      660      650      660      681
           02         649      642      632      647      657      657      661      659      671      655      668      683
           03         671      647      643      646      656      644      659      659      653      661      678      698
           04         671      644      642      646      651      648      660      656      660      669      676      696
           05         666      643      656      651      648      648      654      651      661      663      671      678
           06         669      644      654      648      648      659      654      656      656      651      674      681
           07         659      632      648      644      645      659      653      658      659      659      671      686
           08         649      644      649      641      653      658      657      652      659      661      675      689
           09         649      632      640      642      659      654      657      652      655      671      671      684
           10         665      641      643      637      651      655      658      655      661      660      674      684
           11         660      636      637      634      653      656      660      653      661      654      674      681
           12         658      636      636      633      647      658      661      655      673      660      674      679
           13         659      632      637      633      659      668      663      649      665      671      675      679
           14         664      636      637      637      659      668      663      673      657      664      674      680
           15         664      641      639      641      661      666      664      670      660      664      674      681
           16         667      624      642      643      666      667      665      665      664      659      674      685
           17         664      623      639      649      666      669      664      659      656      671      681      681
           18         657      644      640      649      669      664      660      660      660      669      680      680
           19         648      628      645      659      664      659      652      654      659      670      679      680
           20         654      631      649      648      661      657      657      654      661      665      668      677
           21         655      639      651      645      658      657      654      659      660      649      676      681
           22         657      635      640      643      650      659      663      655      661      659      677      683
           23         646      635      637      643      656      655      663      659      651      601      678      681
           24         652      636      646      637      652      661      654      652      659      645      676      680
           25         654      639      675      643      654      663      659      664      665      659      682      664
           26         648      640      631      641      658      660      668      666      665      655      689      664
           27         644      633      631      633      656      667      662      672      669      651      691      669
           28         641      631      626      634      658      673      666      665      671      651      688      671
           29         648               630      632      658      671      662      663      666      652      690      672
           30         645               630      637      661      666      662      672      665      650      693      678
           31         645               642               659               653      656               655               680

MEDIA                 656      637      641      642      656      660      659      659      661      657      677      680
MAXIMA ABSOLUTA       672      664      689      664      670      676      676      677      678      672      694      698
MINIMA MEDIA          641      623      626      632      645      644      652      649      651      601      660      664

** DATOS PRELIMINARES **              ***  VALORES  ANUALES  ***

                                     MEDIA                     657
                                     MAXIMA ABSOLUTA           698
                                     MINIMA MEDIA              601

                       I D E A M  -  INSTITUTO DE HIDROLOGIA, METEOROLOGIA Y ESTUDIOS AMBIENTALES
                                                                                                              SISTEMA DE INFORMACION
                                    VALORES MEDIOS  DIARIOS DE NIVELES (Cms)                                    NACIONAL AMBIENTAL

    FECHA DE PROCESO :  2019/05/13                    ANO  1991                              ESTACION : 29037610  KILOMETRO 107

    LATITUD    1014 N               TIPO EST    LM                   DEPTO      BOLIVAR                 FECHA-INSTALACION   1981-ABR
    LONGITUD   7531 W               ENTIDAD     01  IDEAM            MUNICIPIO  CARTAGENA               FECHA-SUSPENSION
    ELEVACION  0002 m.s.n.m         REGIONAL    02  ATLANTICO        CORRIENTE  CANAL DEL DIQUE

************************************************************************************************************************************
          DIA       ENERO *  FEBRE *  MARZO *  ABRIL *  MAYO  *  JUNIO *  JULIO *  AGOST *  SEPTI *  OCTUB *  NOVIE *  DICIE *
************************************************************************************************************************************

           01         661      643      629      624      643      653      652      656      664      671      673      672
           02         670      635      629      624      643      659      657      657      663      671      674      672
           03         677      639      635      650      648      662      660      657      664      667      662      666
           04         675      641      661      646      648      663      660      661      659      658      665      665
           05         679      634      640      628      644      662      660      655      658      657      666      662
           06         675      635      639      635      653      657      658      661      658      662      666      663
           07         666      643      637      637      657      658      652      665      654      658      668      662
           08         667      637      639      627      656      657      651      652      650      663      666      666
           09         655      635      640      638      655      657      650      652      652      664      666      663
           10         654      648      642      639      655      653      647      653      652      662      673      665
           11         652      637      645      645      651      658      645      653      654      671      673      665
           12         652      629      642      640      644      647      644      657      657      664      675      666
           13         647      628      641      633      650      652      649      661      660      664      667      668
           14         652      628      637      634      644      650      646      658      663      665      674      670
           15         657      635      636      631      644      654      652      658      660      672      674      665
           16         654      641      636      634      648      656      656      666      662      672      676      665
           17         665      642      634      637      650      659      659      659      653      672      677      664
           18         666      637      635      639      649      661      659      662      655      672      674      660
           19         670      630      636      644      655      664      657      659      658      670      672      665
           20         669      634      642      646      663      663      656      658      655      670      669      662
           21         670      634      643      649      661      656      648      656      662      670      672      658
           22         672      641      644      655      657      650      652      656      649      670      667      657
           23         669      646      646      654      658      652      651      648      652      668      664      656
           24         679      644      643      649      651      645      656      656      655      668      662      656
           25         679      642      640      648      651      653      656      654      658      666      662      662
           26         670      639      638      636      652      653      664      656      661      673      671      664
           27         672      639      633      638      649      654      651      655      650      666      676      668
           28         670      635      625      639      652      657      651      657      668      668      676      667
           29         665               626      640      651      654      652      659      666      678      677      670
           30         658               629      640      654      659      655      659      669      681      671      667
           31         650               626               655               657      665               676               657

MEDIA                 665      637      637      639      651      656      653      657      658      668      670      664
MAXIMA ABSOLUTA       688      660      684      669      665      668      667      676      681      690      681      683
MINIMA MEDIA          647      628      625      624      643      645      644      648      649      657      662      656

** DATOS PRELIMINARES **              ***  VALORES  ANUALES  ***

                                     MEDIA                     655
                                     MAXIMA ABSOLUTA           690
                                     MINIMA MEDIA              624

                       I D E A M  -  INSTITUTO DE HIDROLOGIA, METEOROLOGIA Y ESTUDIOS AMBIENTALES
                                                                                                              SISTEMA DE INFORMACION
                                    VALORES MEDIOS  DIARIOS DE NIVELES (Cms)                                    NACIONAL AMBIENTAL

    FECHA DE PROCESO :  2019/05/13                    ANO  1992                              ESTACION : 29037610  KILOMETRO 107

    LATITUD    1014 N               TIPO EST    LM                   DEPTO      BOLIVAR                 FECHA-INSTALACION   1981-ABR
    LONGITUD   7531 W               ENTIDAD     01  IDEAM            MUNICIPIO  CARTAGENA               FECHA-SUSPENSION
    ELEVACION  0002 m.s.n.m         REGIONAL    02  ATLANTICO        CORRIENTE  CANAL DEL DIQUE

************************************************************************************************************************************
          DIA       ENERO *  FEBRE *  MARZO *  ABRIL *  MAYO  *  JUNIO *  JULIO *  AGOST *  SEPTI *  OCTUB *  NOVIE *  DICIE *
************************************************************************************************************************************

           01         660      626      636      635      649      658      647      647      664      672      673      672
           02         658      644      634      633      646      651      647      643      672      672      675      673
           03         662      639      633      635      641      652      651      656      669      672      672      673
           04         656      637      636      641      643      653      656      666      670      684      673      667
           05         657      641      633      634      646      664      656      660      657      671      668      669
           06         657      641      632      633      645      671      655      661      665      673      667      678
           07         654      642      632      638      644      668      641      660      666      682      664      667
           08         657      644      643      641      658      664      654      660      663      680      667      669
           09         658      646      639      647      660      671      645      660      664      676      665      666
           10         659      649      649      660      662      647      639      661      663      676      666      664
           11         660      648      652      652      654      653      644      656      666      679      664      669
           12         661      647      665      659      656      653      639      656      665      671      664      666
           13         660      653      665      643      646      658      644      655      665      669      667      670
           14         656      649      652      644      641      647      646      657      668      670      664      673
           15         660      650      634      639      651      649      648      660      663      672      668      674
           16         655      638      629      635      643      653      646      660      668      670      669      672
           17         651      635      627      639      645      653      646      665      669      670      671      673
           18         650      632      628      635      647      656      652      667      670      670      666      667
           19         645      634      627      641      645      655      652      667      669      670      668      665
           20         646      633      627      641      653      662      653      671      670      677      670      668
           21         640      638      628      643      653      659      653      665      672      687      666      666
           22         644      638      638      646      654      660      654      664      670      674      665      659
           23         646      640      645      640      655      660      646      663      669      668      663      662
           24         644      640      643      644      658      657      646      660      667      666      664      654
           25         651      647      643      649      662      658      648      660      666      669      662      663
           26         662      643      640      650      658      658      646      650      665      668      666      665
           27         647      642      644      648      657      645      647      650      671      669      660      668
           28         644      641      644      644      656      647      645      657      666      668      663      665
           29         641      638      642      645      656      650      643      660      668      673      665      663
           30         642               641      646      652      643      645      660      672      671      669      664
           31         645               648               651               651      660               671               663

MEDIA                 652      641      639      642      651      656      648      659      667      673      667      667
MAXIMA ABSOLUTA       671      665      667      666      666      673      661      678      680      698      680      680
MINIMA MEDIA          640      626      627      633      641      643      639      643      657      666      660      654

** DATOS PRELIMINARES **              ***  VALORES  ANUALES  ***

                                     MEDIA                     655
                                     MAXIMA ABSOLUTA           698
                                     MINIMA MEDIA              626

                       I D E A M  -  INSTITUTO DE HIDROLOGIA, METEOROLOGIA Y ESTUDIOS AMBIENTALES
                                                                                                              SISTEMA DE INFORMACION
                                    VALORES MEDIOS  DIARIOS DE NIVELES (Cms)                                    NACIONAL AMBIENTAL

    FECHA DE PROCESO :  2019/05/13                    ANO  1993                              ESTACION : 29037610  KILOMETRO 107

    LATITUD    1014 N               TIPO EST    LM                   DEPTO      BOLIVAR                 FECHA-INSTALACION   1981-ABR
    LONGITUD   7531 W               ENTIDAD     01  IDEAM            MUNICIPIO  CARTAGENA               FECHA-SUSPENSION
    ELEVACION  0002 m.s.n.m         REGIONAL    02  ATLANTICO        CORRIENTE  CANAL DEL DIQUE

************************************************************************************************************************************
          DIA       ENERO *  FEBRE *  MARZO *  ABRIL *  MAYO  *  JUNIO *  JULIO *  AGOST *  SEPTI *  OCTUB *  NOVIE *  DICIE *
************************************************************************************************************************************

           01         663      652      642      662      670      667      668      666      667      676      682      683
           02         664      655      642      657      671      668      664      668      670      672      681      681
           03         669      653      651      646      664      670      666      672      671      673      683      676
           04         670      651      648      654      661      666      674      670      669      682      682      679
           05         665      651      643      646      655      663      671      673      672      683      686      681
           06         662      641      650      639      655      664      674      672      670      682      692      680
           07         656      640      633      637      659      665      672      677      665      679      685      682
           08         655      641      630      638      654      670      679      677      674      682      684      675
           09         663      645      629      648      665      675      679      672      674      684      687      681
           10         654      646      635      648      660      675      679      679      670      676      683      681
           11         665      646      645      651      668      671      679      671      672      687      681      679
           12         664      657      648      654      671      676      682      669      682      684      683      673
           13         664      655      638      652      669      677      683      671      674      688      683      675
           14         663      651      636      655      671      672      674      663      680      680      683      681
           15         665      649      669      653      669      674      677      667      676      682      686      681
           16         664      642      643      652      671      674      675      665      676      680      678      681
           17         667      636      650      649      672      674      673      665      676      686      680      680
           18         656      635      636      656      669      672      676      661      675      683      686      681
           19         653      646      644      657      666      666      673      663      680      683      692      681
           20         653      637      639      650      667      667      672      665      683      677      687      674
           21         664      643      637      657      667      667      671      672      682      685      689      682
           22         665      637      641      657      664      662      682      673      680      682      689      682
           23         664      639      634      652      665      671      669      673      679      684      683      680
           24         664      641      636      655      665      679      682      673      681      687      687      678
           25         651      643      637      656      664      679      673      673      676      685      688      677
           26         650      645      639      654      674      681      687      670      678      684      686      676
           27         647      652      643      662      675      680      677      671      678      682      690      675
           28         651      646      640      667      675      679      677      669      674      680      686      679
           29         650               650      667      675      682      670      668      678      677      683      673
           30         650               653      667      675      674      668      668      678      683      686      679
           31         653               652               668               663      669               682               681

MEDIA                 659      645      642      653      667      672      674      670      675      681      685      679
MAXIMA ABSOLUTA       678      667      678      673      677      685      692      683      690      690      696      687
MINIMA MEDIA          647      635      629      637      654      662      663      661      665      672      678      673

** DATOS PRELIMINARES **              ***  VALORES  ANUALES  ***

                                     MEDIA                     667
                                     MAXIMA ABSOLUTA           696
                                     MINIMA MEDIA              629

                       I D E A M  -  INSTITUTO DE HIDROLOGIA, METEOROLOGIA Y ESTUDIOS AMBIENTALES
                                                                                                              SISTEMA DE INFORMACION
                                    VALORES MEDIOS  DIARIOS DE NIVELES (Cms)                                    NACIONAL AMBIENTAL

    FECHA DE PROCESO :  2019/05/13                    ANO  1994                              ESTACION : 29037610  KILOMETRO 107

    LATITUD    1014 N               TIPO EST    LM                   DEPTO      BOLIVAR                 FECHA-INSTALACION   1981-ABR
    LONGITUD   7531 W               ENTIDAD     01  IDEAM            MUNICIPIO  CARTAGENA               FECHA-SUSPENSION
    ELEVACION  0002 m.s.n.m         REGIONAL    02  ATLANTICO        CORRIENTE  CANAL DEL DIQUE

************************************************************************************************************************************
          DIA       ENERO *  FEBRE *  MARZO *  ABRIL *  MAYO  *  JUNIO *  JULIO *  AGOST *  SEPTI *  OCTUB *  NOVIE *  DICIE *
************************************************************************************************************************************

           01         680      672      656      660      672      688      689      689      681      685      696      691
           02         685      678      651      669      680      688      687      685      678      683      698      692
           03         681      678      649      667      682      683      685      688      678      685      698      690
           04         691      676      654      666      681      688      683      682      679      685      694      689
           05         689      670      655      670      677      690      680      681      674      679      693      681
           06         684      670      663      675      678      684      677      680      676      680      688      681
           07         688      668      658      667      674      681      679      679      676      684      685      679
           08         683      669      658      666      674      680      680      679      674      685      689      684
           09         686      666      662      667      674      681      683      685      680      688      694      688
           10         682      664      662      664      677      684      682      680      682      689      694      688
           11         681      662      659      663      677      683      682      678      672      691      692      684
           12         678      663      662      666      677      685      682      682      674      690      692      684
           13         677      655      662      665      678      683      683      679      676      690      692      688
           14         677      662      662      670      678      686      684      671      678      691      692      689
           15         684      664      661      669      679      688      675      681      678      688      693      684
           16         686      664      661      668      679      686      682      682      678      687      689      687
           17         687      665      661      669      679      687      688      681      677      688      686      688
           18         688      664      651      672      678      685      674      680      677      689      686      683
           19         685      667      668      681      684      685      677      676      675      687      683      685
           20         684      662      672      676      684      686      676      678      674      688      686      683
           21         684      664      668      675      685      677      677      682      674      688      693      682
           22         685      661      665      677      675      682      676      680      674      691      693      687
           23         684      664      661      675      679      674      680      678      677      688      693      687
           24         681      657      667      670      683      678      685      679      677      692      692      690
           25         680      657      668      665      684      682      685      673      679      694      693      692
           26         686      658      672      664      684      685      689      677      681      693      694      695
           27         684      654      665      666      676      685      691      679      680      695      696      694
           28         682      655      663      669      682      686      691      681      680      695      696      692
           29         669               657      670      686      687      685      681      683      695      696      692
           30         666               659      671      688      689      690      679      683      693      666      691
           31         669               664               686               687      681               694               691

MEDIA                 682      664      661      669      679      684      682      680      677      688      691      687
MAXIMA ABSOLUTA       693      683      678      689      692      695      695      692      690      698      699      698
MINIMA MEDIA          666      654      649      660      672      674      674      671      672      679      666      679

** DATOS PRELIMINARES **              ***  VALORES  ANUALES  ***

                                     MEDIA                     679
                                     MAXIMA ABSOLUTA           699
                                     MINIMA MEDIA              649

                       I D E A M  -  INSTITUTO DE HIDROLOGIA, METEOROLOGIA Y ESTUDIOS AMBIENTALES
                                                                                                              SISTEMA DE INFORMACION
                                    VALORES MEDIOS  DIARIOS DE NIVELES (Cms)                                    NACIONAL AMBIENTAL

    FECHA DE PROCESO :  2019/05/13                    ANO  1995                              ESTACION : 29037610  KILOMETRO 107

    LATITUD    1014 N               TIPO EST    LM                   DEPTO      BOLIVAR                 FECHA-INSTALACION   1981-ABR
    LONGITUD   7531 W               ENTIDAD     01  IDEAM            MUNICIPIO  CARTAGENA               FECHA-SUSPENSION
    ELEVACION  0002 m.s.n.m         REGIONAL    02  ATLANTICO        CORRIENTE  CANAL DEL DIQUE

************************************************************************************************************************************
          DIA       ENERO *  FEBRE *  MARZO *  ABRIL *  MAYO  *  JUNIO *  JULIO *  AGOST *  SEPTI *  OCTUB *  NOVIE *  DICIE *
************************************************************************************************************************************

           01         681      653      636      637      648      665      679      684      681      697      693      693
           02         681      643      635      643      654      668      679      684      684      695      693      694
           03         676      646      635      641      660      667      679      687      683      697      693      694
           04         687      647      643      644      660      668      679      687      682      695      693      678
           05         693      644      644      647      661      671      679      687      682      690      694      691
           06         690      647      650      654      660      672      679      687      683      690      694      683
           07         692      655      649      650      666      671      677      686      684      688      694      673
           08         684      655      648      653      668      672      677      678      682      691      694      687
           09         681      655      649      653      668      673      670      677      683      690      694      691
           10         681      645      647      649      664      673      672      676      686      691      697      693
           11         682      642      650      643      663      674      672      676      686      687      695      680
           12         677      642      649      643      662      670      671      680      687      686      693      680
           13         677      647      647      642      659      665      671      681      692      686      685      691
           14         676      636      644      642      658      668      674      686      692      687      691      691
           15         669      636      645      633      658      669      677      686      691      692      696      691
           16         668      633      648      632      661      674      677      687      691      695      695      670
           17         671      634      639      632      665      674      679      677      691      695      695      680
           18         662      636      640      638      671      679      681      677      692      695      697      685
           19         665      636      640      650      668      678      681      675      692      691      696      676
           20         665      636      640      654      674      677      681      679      694      695      696      673
           21         665      641      640      654      667      675      679      679      692      695      696      673
           22         666      638      637      656      667      672      681      678      691      693      693      682
           23         665      646      646      656      664      671      681      687      692      685      693      692
           24         674      646      650      659      663      673      680      684      689      692      693      692
           25         658      639      649      666      663      674      680      685      692      686      697      692
           26         655      645      643      643      663      668      674      685      692      691      690      694
           27         648      643      652      645      663      668      676      686      692      697      697      693
           28         641      635      649      645      664      668      679      686      694      683      697      692
           29         641               644      644      663      668      679      686      694      695      695      694
           30         642               637      648      664      668      684      686      694      695      693      691
           31                           639               665                        684               696               690

MEDIA                 670 3    643      644      646      663      671      677 3    682      688      691      694      686
MAXIMA ABSOLUTA       695 3    660      662      680      680      681      690 3    696      698      699      699      699
MINIMA MEDIA          641 3    633      635      632      648      665      670 3    675      681      683      685      670

** DATOS PRELIMINARES **              ***  VALORES  ANUALES  ***                                           ** ORIGENES DE DATO **

                                     MEDIA                     671                                         3 : INCOMPLETOS
                                     MAXIMA ABSOLUTA           699
                                     MINIMA MEDIA              632

                       I D E A M  -  INSTITUTO DE HIDROLOGIA, METEOROLOGIA Y ESTUDIOS AMBIENTALES
                                                                                                              SISTEMA DE INFORMACION
                                    VALORES MEDIOS  DIARIOS DE NIVELES (Cms)                                    NACIONAL AMBIENTAL

    FECHA DE PROCESO :  2019/05/13                    ANO  1996                              ESTACION : 29037610  KILOMETRO 107

    LATITUD    1014 N               TIPO EST    LM                   DEPTO      BOLIVAR                 FECHA-INSTALACION   1981-ABR
    LONGITUD   7531 W               ENTIDAD     01  IDEAM            MUNICIPIO  CARTAGENA               FECHA-SUSPENSION
    ELEVACION  0002 m.s.n.m         REGIONAL    02  ATLANTICO        CORRIENTE  CANAL DEL DIQUE

************************************************************************************************************************************
          DIA       ENERO *  FEBRE *  MARZO *  ABRIL *  MAYO  *  JUNIO *  JULIO *  AGOST *  SEPTI *  OCTUB *  NOVIE *  DICIE *
************************************************************************************************************************************

           01         691      668      662      675      673      676      686      668      691      697      699      692
           02         689      667      659      672      668      677      686      667      691      697      699      692
           03         689      677      659      668      668      677      686      667      692      695      698      692
           04         687      675      656      669      668      675      686      667      689      692      699      694
           05         682      675      656      665      668      685      691      678      689      693      699      695
           06         682      663      659      669      669      688      694      690      689      696      693      695
           07         681      665      656      670      669      687      694      693      688      695      691      695
           08         679      662      657      676      671      687      694      693      688      694      691      695
           09         675      662      656      678      675      687      694      691      689      830      694      695
           10         675      670      664      678      677      686      684      688      688      694      694      687
           11         674      671      663      675      676      686      684      688      691      695      694      686
           12         674      671      669      672      679      685      684      688      693      694      691      686
           13         676      667      669      674      679      685      682      689      693      694      691      685
           14         685      667      669      672      674      685      681      689      693      691      691      685
           15         685      668      668      674      675      687      689      689      693      691      692      685
           16         686      665      672      675      673      688      689      689      693      693      692      684
           17         683      666      670      669      675      687      689      690      693      693      692      684
           18         681      667      668      674      675      686      688      690      693      692      692      678
           19         684      662      669      672      675      687      688      690      693      692      693      678
           20         676      661      670      672      675      685      690      690      693      693      693      678
           21         676      661      669      672      675      687      690      689      693      694      693      677
           22         670      664      669      672      676      684      692      690      693      698      693      682
           23         682      664      671      672      677      688      691      690      693      698      694      677
           24         674      661      669      672      682      683      691      688      691      698      694      682
           25         676      663      672      672      682      683      691      688      694      695      694      677
           26         675      669      674      672      684      687      691      689      693      695      693      676
           27         667      669      672      674      685      689      690      689      693      695      693      670
           28         667      664      670      677      679      685      690      689      693      695      693      670
           29         670      668      670      671      680      685      687      689      693      696      694      664
           30         666               671      673      680      685      687      691      695      698      694      667
           31         668               671               681               681      691               699               661

MEDIA                 678      666      666      672      675      684      688      686      691      699      694      682
MAXIMA ABSOLUTA       692      688      679      683      689      690      695      696      699      964      699      696
MINIMA MEDIA          666      661      656      665      668      675      681      667      688      691      691      661

** DATOS PRELIMINARES **              ***  VALORES  ANUALES  ***

                                     MEDIA                     682
                                     MAXIMA ABSOLUTA           964
                                     MINIMA MEDIA              656

                       I D E A M  -  INSTITUTO DE HIDROLOGIA, METEOROLOGIA Y ESTUDIOS AMBIENTALES
                                                                                                              SISTEMA DE INFORMACION
                                    VALORES MEDIOS  DIARIOS DE NIVELES (Cms)                                    NACIONAL AMBIENTAL

    FECHA DE PROCESO :  2019/05/13                    ANO  1997                              ESTACION : 29037610  KILOMETRO 107

    LATITUD    1014 N               TIPO EST    LM                   DEPTO      BOLIVAR                 FECHA-INSTALACION   1981-ABR
    LONGITUD   7531 W               ENTIDAD     01  IDEAM            MUNICIPIO  CARTAGENA               FECHA-SUSPENSION
    ELEVACION  0002 m.s.n.m         REGIONAL    02  ATLANTICO        CORRIENTE  CANAL DEL DIQUE

************************************************************************************************************************************
          DIA       ENERO *  FEBRE *  MARZO *  ABRIL *  MAYO  *  JUNIO *  JULIO *  AGOST *  SEPTI *  OCTUB *  NOVIE *  DICIE *
************************************************************************************************************************************

           01         668      671      656      652      661      645      667      656      647      659      669      664
           02         668      672      658      649      662      645      667      661      647      607      669      664
           03         668      675      653      650      662      646      667      650      649      659      669      664
           04         668      676      655      648      662      649      667      651      653      659      669      663
           05         668      669      655      643      666      653      667      651      652      655      668      673
           06         673      657      653      644      664      653      665      651      652      663      668      675
           07         669      654      653      643      662      654      657      650      656      671      668      675
           08         664      654      635      630      657      655      657      651      656      665      668      671
           09         662      656      635      631      650      658      657      648      659      671      664      674
           10         660      658      635      631      652      658      657      648      658      671      662      667
           11         660      658      635      643      652      664      657      657      658      669      662      668
           12         663      660      635      644      661      664      658      657      658      663      664      664
           13         665      665      641      649      661      664      663      657      658      663      661      665
           14         667      665      641      649      664      663      663      657      657      661      660      660
           15         666      665      637      650      662      662      657      655      652      659      656      657
           16         664      665      637      646      659      661      665      655      657      665      659      657
           17         663      664      637      646      663      660      656      649      658      668      660      668
           18         662      659      638      645      653      658      656      648      658      665      660      666
           19         654      661      638      643      656      654      656      647      658      665      662      666
           20         648      661      638      638      655      654      654      655      658      665      669      666
           21         656      653      644      638      655      654      655      655      655      665      673      666
           22         651      653      643      642      652      654      658      654      659      664      673      664
           23         652      652      643      645      654      660      663      654      658      664      673      662
           24         652      651      643      645      655      663      666      651      658      666      674      666
           25         660      652      641      646      655      663      666      651      656      671      674      666
           26         659      655      641      653      655      668      667      652      656      671      674      666
           27         657      656      640      653      655      668      664      653      656      662      671      659
           28         657      657      642      662      655      668      659      653      656      663      672      654
           29         661               643      662      663      667      656      653      656      663      670      654
           30         661               640      662      663      660      656      654      659      663      665      646
           31         661               651               662               656      654               663               646

MEDIA                 661      660      643      646      658      658      660      653      655      662      667      664
MAXIMA ABSOLUTA       677      680      668      669      668      668      671      666      668      677      677      680
MINIMA MEDIA          648      651      635      630      650      645      654      647      647      607      656      646

** DATOS PRELIMINARES **              ***  VALORES  ANUALES  ***

                                     MEDIA                     657
                                     MAXIMA ABSOLUTA           680
                                     MINIMA MEDIA              607

                       I D E A M  -  INSTITUTO DE HIDROLOGIA, METEOROLOGIA Y ESTUDIOS AMBIENTALES
                                                                                                              SISTEMA DE INFORMACION
                                    VALORES MEDIOS  DIARIOS DE NIVELES (Cms)                                    NACIONAL AMBIENTAL

    FECHA DE PROCESO :  2019/05/13                    ANO  1998                              ESTACION : 29037610  KILOMETRO 107

    LATITUD    1014 N               TIPO EST    LM                   DEPTO      BOLIVAR                 FECHA-INSTALACION   1981-ABR
    LONGITUD   7531 W               ENTIDAD     01  IDEAM            MUNICIPIO  CARTAGENA               FECHA-SUSPENSION
    ELEVACION  0002 m.s.n.m         REGIONAL    02  ATLANTICO        CORRIENTE  CANAL DEL DIQUE

************************************************************************************************************************************
          DIA       ENERO *  FEBRE *  MARZO *  ABRIL *  MAYO  *  JUNIO *  JULIO *  AGOST *  SEPTI *  OCTUB *  NOVIE *  DICIE *
************************************************************************************************************************************

           01         647      651      641      649      664      677      677      679      690      687      693      694
           02         647      651      641      654      662      672      675      679      690      687      692      694
           03         651      651      640      654      662      672      673      679      689      686      694      694
           04         654      650      646      647      662      669      672      680      683      689      691      694
           05         655      649      653      646      662      669      672      680      681      689      691      694
           06         655      649      653      646      659      669      672      679      682      688      689      694
           07         655      644      648      646      659      669      672      679      684      687      692      694
           08         646      638      648      646      662      669      673      679      686      689      692      694
           09         641      638      639      646      657      673      669      679      681      691      694      694
           10         641      638      651      644      657      674      674      679      685      690      696      694
           11         641      638      643      644      656      674      674      682      686      691      697      694
           12         641      636      638      648      657      673      674      682      689      694      697      694
           13         641      646      638      645      657      673      674      682      689      694      698      695
           14         641      643      636      645      657      673      676      682      690      688      698      695
           15         640      643      639      645      661      676      676      683      687      690      698      695
           16         644      643      646      649      672      676      676      687      687      690      698      695
           17         644      644      645      661      671      676      677      687      686      689      698      695
           18         644      647      644      661      671      677      677      687      686      689      695      697
           19         646      648      642      666      667      677      673      686      686      692      696      697
           20         649      648      644      663      667      677      671      686      686      692      696      697
           21         649      641      644      663      667      674      674      675      684      692      696      697
           22         649      646      649      663      667      674      674      685      687      692      696      697
           23         649      637      651      663      667      674      679      685      689      693      696      697
           24         649      637      641      663      667      674      679      685      689      692      698      694
           25         641      637      639      663      667      674      679      688      689      692      698      694
           26         641      632      639      663      667      687      679      688      690      692      695      694
           27         641      637      639      663      677      682      687      686      690      691      698      694
           28         641      637      637      663      677      682      682      680      688      691      699      694
           29         640               635      663      677      679      679      686      686      691      694      694
           30         644               635      663      677      679      679      684      687      691      694      694
           31         644               649               677               679      689               691               694

MEDIA                 645      643      643      654      665      675      676      683      687      690      695      695
MAXIMA ABSOLUTA       656      662      662      670      680      699      699      690      692      699      700      700
MINIMA MEDIA          640      632      635      644      656      669      669      675      681      686      689      694

** DATOS PRELIMINARES **              ***  VALORES  ANUALES  ***

                                     MEDIA                     671
                                     MAXIMA ABSOLUTA           700
                                     MINIMA MEDIA              632

                       I D E A M  -  INSTITUTO DE HIDROLOGIA, METEOROLOGIA Y ESTUDIOS AMBIENTALES
                                                                                                              SISTEMA DE INFORMACION
                                    VALORES MEDIOS  DIARIOS DE NIVELES (Cms)                                    NACIONAL AMBIENTAL

    FECHA DE PROCESO :  2019/05/13                    ANO  1999                              ESTACION : 29037610  KILOMETRO 107

    LATITUD    1014 N               TIPO EST    LM                   DEPTO      BOLIVAR                 FECHA-INSTALACION   1981-ABR
    LONGITUD   7531 W               ENTIDAD     01  IDEAM            MUNICIPIO  CARTAGENA               FECHA-SUSPENSION
    ELEVACION  0002 m.s.n.m         REGIONAL    02  ATLANTICO        CORRIENTE  CANAL DEL DIQUE

************************************************************************************************************************************
          DIA       ENERO *  FEBRE *  MARZO *  ABRIL *  MAYO  *  JUNIO *  JULIO *  AGOST *  SEPTI *  OCTUB *  NOVIE *  DICIE *
************************************************************************************************************************************

           01         697      687      684      680      688      697      694      697      696      700      700      702
           02         697      687      685      682      687      697      697      697      696      699      700      702
           03         694      685      685      683      687      697      697      697      696      699      700      702
           04         694      685      688      688      689      697      695      699      696      699      700      702
           05         699      687      688      692      686      696      696      699      699      699      700      702
           06         699      686      687      687      691      697      696      699      697      698      700      702
           07         699      686      688      687      689      697      697      698      699      699      700      702
           08         698      686      692      685      691      699      697      697      697      699      700      702
           09         694      684      695      685      690      699      697      697      695      699      700      702
           10         695      685      692      687      690      697      696      696      697      700      700      702
           11         695      680      692      689      691      692      695      692      697      700      700      702
           12         693      681      696      680      691      692      693      692      696      699      700      702
           13         693      681      696      675      691      692      693      699      696      699      700      702
           14         694      687      696      675      692      690      691      699      696      699      700      702
           15         693      685      692      675      692      690      694      699      697      699      700      702
           16         692      683      690      676      691      690      696      699      699      699      700      702
           17         691      680      690      683      691      694      698      699      698      699      700      702
           18         692      680      690      684      691      694      698      699      698      698      700      702
           19         691      683      690      678      691      694      697      699      698      698      700      702
           20         689      683      690      680      689      693      695      699      697      699      700      701
           21         691      692      688      686      689      694      693      699      697      699      700      700
           22         691      685      679      684      684      694      695      699      697      699      700      700
           23         692      691      679      688      682      694      696      699      696      699      700      700
           24         694      683      679      687      688      696      696      696      699      700      700      700
           25         694      683      678      689      688      695      694      696      699      700      700      700
           26         695      682      678      686      683      694      695      696      700      700      700      699
           27         693      685      679      686      683      694      696      695      700      700      700      695
           28         696      684      679      686      684      694      693      695      700      700      700      695
           29         691               678      688      688      694      693      698      700      700      700      695
           30         691               681      689      686      694      693      698      697      700      700      694
           31         695               680               689               693      696               700               693

MEDIA                 694      684      686      684      688      694      695      697      697      699      700      700
MAXIMA ABSOLUTA       700      696      697      695      693      699      699      699      700      700      700      702
MINIMA MEDIA          689      680      678      675      682      690      691      692      695      698      700      693

** DATOS PRELIMINARES **              ***  VALORES  ANUALES  ***

                                     MEDIA                     693
                                     MAXIMA ABSOLUTA           702
                                     MINIMA MEDIA              675

                       I D E A M  -  INSTITUTO DE HIDROLOGIA, METEOROLOGIA Y ESTUDIOS AMBIENTALES
                                                                                                              SISTEMA DE INFORMACION
                                    VALORES MEDIOS  DIARIOS DE NIVELES (Cms)                                    NACIONAL AMBIENTAL

    FECHA DE PROCESO :  2019/05/13                    ANO  2000                              ESTACION : 29037610  KILOMETRO 107

    LATITUD    1014 N               TIPO EST    LM                   DEPTO      BOLIVAR                 FECHA-INSTALACION   1981-ABR
    LONGITUD   7531 W               ENTIDAD     01  IDEAM            MUNICIPIO  CARTAGENA               FECHA-SUSPENSION
    ELEVACION  0002 m.s.n.m         REGIONAL    02  ATLANTICO        CORRIENTE  CANAL DEL DIQUE

************************************************************************************************************************************
          DIA       ENERO *  FEBRE *  MARZO *  ABRIL *  MAYO  *  JUNIO *  JULIO *  AGOST *  SEPTI *  OCTUB *  NOVIE *  DICIE *
************************************************************************************************************************************

           01         700      693      668      662      667      680      684      693      493      700      705      712
           02         700      687      669      631      666      673      682      693      696      695      710      712
           03         698      685      668      661      667      674      683      697      696      699      705      711
           04         699      684      668      662      667      674      687      699      696      699      705      711
           05         698      684      669      660      668      680      691      700      695      699      700      711
           06         699      682      670      659      666      678      689      698      696      698      700      710
           07         701      681      670      662      667      676      699      698      695      697      700      712
           08         700      682      670      662      681      684      699      696      699      689      705      711
           09         698      683      669      660      676      681      697      700      695      700      705      711
           10         699      682      666               681      686      697      695      693      700      705      711
           11         698      686      668               684      686      694      696      692      699      705      711
           12         697      681      669               681      686      688      690      692      699      705      710
           13         698      681      666               680      683      688      692      695      699      705      711
           14         698      682      666               675      680      689      694      696      699      705      712
           15         698      689      666               672      678      689      694      696      689      698      711
           16         699      688      660               675      678      689      691      697      688      699      711
           17         699      681      662               676      675      691      691      696      663      699      711
           18         698      680      661               676      675      695      691      687      663      684      710
           19         699      677      667               676      678      695      691      689      660      694      710
           20         691      671      666               672      680      695      690      690      660      691      705
           21         689      668      665               677      683      695      690               668      689      705
           22         689      668      665               677      683      699      696               659      689      705
           23         692      665      665               677      683      699      695               662      692      710
           24         693      668      663               678      679      694      692               668      693      703
           25         692      673      662               683      689      697      693               673      694      698
           26         690      669      661               686      690      695      690               669      693      704
           27         690      669      660               687      692      695      691               669      693      705
           28         689      664      660               686      691      696      688               669      691      698
           29         684      660      660               681      684      696      689               668      689      697
           30         684               661               681      686      690      689               669      689      703
           31         684               662               680               692      689               672               700

MEDIA                 695      678      665      *        676      681      692      693      684 3    682      698      708
MAXIMA ABSOLUTA       701      694      672      *        690      692      700      700      700 3    700      710      712
MINIMA MEDIA          684      660      660      *        666      673      682      688      493 3    659      684      697

** DATOS PRELIMINARES **              ***  VALORES  ANUALES  ***                                           ** ORIGENES DE DATO **

                                     MEDIA                     687                                         3 : INCOMPLETOS
                                     MAXIMA ABSOLUTA           712
                                     MINIMA MEDIA              493

                       I D E A M  -  INSTITUTO DE HIDROLOGIA, METEOROLOGIA Y ESTUDIOS AMBIENTALES
                                                                                                              SISTEMA DE INFORMACION
                                    VALORES MEDIOS  DIARIOS DE NIVELES (Cms)                                    NACIONAL AMBIENTAL

    FECHA DE PROCESO :  2019/05/13                    ANO  2001                              ESTACION : 29037610  KILOMETRO 107

    LATITUD    1014 N               TIPO EST    LM                   DEPTO      BOLIVAR                 FECHA-INSTALACION   1981-ABR
    LONGITUD   7531 W               ENTIDAD     01  IDEAM            MUNICIPIO  CARTAGENA               FECHA-SUSPENSION
    ELEVACION  0002 m.s.n.m         REGIONAL    02  ATLANTICO        CORRIENTE  CANAL DEL DIQUE

************************************************************************************************************************************
          DIA       ENERO *  FEBRE *  MARZO *  ABRIL *  MAYO  *  JUNIO *  JULIO *  AGOST *  SEPTI *  OCTUB *  NOVIE *  DICIE *
************************************************************************************************************************************

           01         690      665      637      661      656      663      664      658      654      662      683      684
           02         692      662      636      661      656      657      662      654      658      668      686      676
           03         695      660      647      670      654      657      661      658      657      669      679      677
           04         686      669      649      651      644      656      656      657      659      673      667      678
           05         683      654      645      650      650      655      657      660      659      670      683      688
           06         685      643      647      645      645      655      659      663      666      673      687      688
           07         676      658      643      650      648      657      660      665      665      675      684      689
           08         675      646      636      639      648      657      660      670      664      679      689      691
           09         666      649      637      639      646      662      656      668      665      670      686      688
           10         676      642      638      642      649      664      662      668      665      669      691      690
           11         670      643      641      652      653      667      665      669      662      679      693      684
           12         676      646      650      652      658      667      669      668      668      679      690      683
           13         677      650      649      642      657      666      674      668      662      675      686      684
           14         678      645      649      651      655      667      674      665      651      676      687      686
           15         677      636      655      654      662      666      669      659      655      677      687      686
           16         677      640      655      656      656      668      663      659      655      674      688      681
           17         680      643      653      656      657      666      657      655      660      679      689      685
           18         684      642      656      653      661      673      659      650      658      679      684      689
           19         685      642      653      648      663      663      658      654      663      677      686      691
           20         664      642      649      652      663      656      651      658      665      682      686      691
           21         661      648      649      647      655      657      652      662      665      683      683      691
           22         658      648      644      641      658      659      657      669      664      676      688      694
           23         663      645      647      640      656      662      663      659      667      676      689      691
           24         662      656      647      643      659      663      667      666      663      684      689      692
           25         667      651      645      646      659      673      668      667      666      684      689      693
           26         668      641      647      646      667      676      671      666      664      688      694      694
           27         662      637      647      648      661      673      668      661      666      673      686      690
           28         666      633      653      652      671      671      668      654      665      690      688      683
           29         664               653      653      671      670      669      658      665      686      687      686
           30         664               655      656      671      668      670      657      665      381      688      690
           31         669               668               671               657      649               685               691

MEDIA                 674      648      648      650      657      664      663      661      662      667      686      687
MAXIMA ABSOLUTA       695      672      670      675      674      678      675      678      678      692      698      698
MINIMA MEDIA          658      633      636      639      644      655      651      649      651      381      667      676

** DATOS PRELIMINARES **              ***  VALORES  ANUALES  ***

                                     MEDIA                     664
                                     MAXIMA ABSOLUTA           698
                                     MINIMA MEDIA              381

                       I D E A M  -  INSTITUTO DE HIDROLOGIA, METEOROLOGIA Y ESTUDIOS AMBIENTALES
                                                                                                              SISTEMA DE INFORMACION
                                    VALORES MEDIOS  DIARIOS DE NIVELES (Cms)                                    NACIONAL AMBIENTAL

    FECHA DE PROCESO :  2019/05/13                    ANO  2002                              ESTACION : 29037610  KILOMETRO 107

    LATITUD    1014 N               TIPO EST    LM                   DEPTO      BOLIVAR                 FECHA-INSTALACION   1981-ABR
    LONGITUD   7531 W               ENTIDAD     01  IDEAM            MUNICIPIO  CARTAGENA               FECHA-SUSPENSION
    ELEVACION  0002 m.s.n.m         REGIONAL    02  ATLANTICO        CORRIENTE  CANAL DEL DIQUE

************************************************************************************************************************************
          DIA       ENERO *  FEBRE *  MARZO *  ABRIL *  MAYO  *  JUNIO *  JULIO *  AGOST *  SEPTI *  OCTUB *  NOVIE *  DICIE *
************************************************************************************************************************************

           01         692      661      658      648      671      684      680      682      663      674      680      687
           02         691      666      651      656      673      669      681      676      672      671      675      686
           03         694      665      650      658      676      668      680      677      675      669      685      683
           04         693      662      648      666      676      672      675      682      673      677      680      673
           05         696      659      646      660      676      668      678      668      667      671      684      679
           06         695      656      639      664      675      668      667      673      669      670      685      677
           07         691      659      653      663      674      667      666      663      659      673      683      681
           08         690      656      650      656      671      668      663      664      673      665      688      683
           09         690      656      652      660      670      668      664      668      673      666      687      689
           10         687      651      644      653      666      667      668      660      679      679      684      691
           11         685      646      646      651      666      662      670      660      676      683      693      689
           12         692      649      646      653      666      666      666      663      668      676      689      689
           13         690      650      647      651      670      665      677      672      665      677      687      691
           14         690      642      647      654      677      680      674      677      678      674      690      684
           15         685      644      645      655      665      681      686      679      666      672      687      681
           16         689      648      650      657      667      673      688      668      666      675      688      680
           17         687      653      650      662      671      674      688      665      666      673      688      674
           18         686      652      663      656      672      687      681      664      663      669      689      677
           19         686      653      660      664      674      684      687      658      663      677      684      680
           20         685      652      645      664      682      684      676      660      668      673      692      682
           21         688      644      647      667      676      685      676      660      668      670      689      678
           22         684      657      646      669      677      674      673      660      671      672      689      678
           23         687      638      661      673      670      669      673      663      673      670      685      685
           24         684      650      665      666      668      663      666      662      674      676      690      683
           25         674      650      654      663      662      665      670      668      674      674      692      686
           26         670      649      659      655      669      667      674      668      672      684      691      687
           27         665      656      653      660      663      668      676      669      673      681      696      689
           28         666      661      647      659      674      666      672      668      672      677      695      683
           29         666               648      667      675      665      675      673      667      678      696      681
           30         671               649      666      676      687      677      673      668      678      690      680
           31         663               655               676               674      668               681               680

MEDIA                 684      653      651      660      672      672      675      668      670      674      688      683
MAXIMA ABSOLUTA       697      672      680      680      688      688      690      690      688      690      698      697
MINIMA MEDIA          663      638      639      648      662      662      663      658      659      665      675      673

** DATOS PRELIMINARES **              ***  VALORES  ANUALES  ***

                                     MEDIA                     671
                                     MAXIMA ABSOLUTA           698
                                     MINIMA MEDIA              638

                       I D E A M  -  INSTITUTO DE HIDROLOGIA, METEOROLOGIA Y ESTUDIOS AMBIENTALES
                                                                                                              SISTEMA DE INFORMACION
                                    VALORES MEDIOS  DIARIOS DE NIVELES (Cms)                                    NACIONAL AMBIENTAL

    FECHA DE PROCESO :  2019/05/13                    ANO  2003                              ESTACION : 29037610  KILOMETRO 107

    LATITUD    1014 N               TIPO EST    LM                   DEPTO      BOLIVAR                 FECHA-INSTALACION   1981-ABR
    LONGITUD   7531 W               ENTIDAD     01  IDEAM            MUNICIPIO  CARTAGENA               FECHA-SUSPENSION
    ELEVACION  0002 m.s.n.m         REGIONAL    02  ATLANTICO        CORRIENTE  CANAL DEL DIQUE

************************************************************************************************************************************
          DIA       ENERO *  FEBRE *  MARZO *  ABRIL *  MAYO  *  JUNIO *  JULIO *  AGOST *  SEPTI *  OCTUB *  NOVIE *  DICIE *
************************************************************************************************************************************

           01         685      655      655      647      669      673      678      683      693      694      700      705
           02         678      650      651      647      665      671      683      693      690      693      699      705
           03         675      652      648      644      668      669      679      693      690      695      700      706
           04         677      659      641      649      670      670      677      691      686      693      699      715
           05         671      653      646      657      668      670      686      691      689      692      699      705
           06         679      651      640      660      665      678      686      688      687      693      701      691
           07         671      659      645      656      668      670      686      688      686      693      701      702
           08         669      645      643      647      672      683      685      690      684      693      701      704
           09         664      664      651      646      672      678      679      686      685      695      699      706
           10         676      667      653      658      676      678      682      684      682      694      698      702
           11         670      659      653      645      675      674      681      687      686      688      700      705
           12         668      653      651      660      674      671      679      685      685      688      699      708
           13         664      654      644      663      673      675      688      689      686      691      700      707
           14         664      658      656      652      673      671      675      689      691      697      701      708
           15         662      654      651      646      667      671      683      686      686      697      700      703
           16         657      653      648      650      662      672      683      688      690      696      700      697
           17         656      650      648      652      663      677      687      688      695      699      700      703
           18         655      648      641      651      664      671      690      694      690      697      701      709
           19         646      651      648      661      662      684      691      691      691      697      701      705
           20         655      647      645      654      671      683      690      688      687      697      701      699
           21         656      647      648      663      670      682      687      691      691      698      701      700
           22         657      654      650      657      675      686      687      690      684      700      701      703
           23         661      655      651      656      679      681      685      687      685      699      700      705
           24         656      651      656      656      675      681      685      685      685      690      701      701
           25         655      640      651      665      679      682      683      687      684      700      705      700
           26         664      642      651      671      673      674      688      690      686      701      705      702
           27         660      644      653      664      674      684      685      689      688      699      710      700
           28         658      637      646      664      673      676      685      689      688      700      705      696
           29         664               640      666      673      675      688      689      695      699      701      702
           30         648               646      669      673      676      684      689      693      700      706      696
           31         643                                 675               687      692               697               696

MEDIA                 663      652      648 3    656      671      676      684      689      688      695      701      703
MAXIMA ABSOLUTA       690      669      670 3    675      685      690      695      698      700      702      710      720
MINIMA MEDIA          643      637      640 3    644      662      669      675      683      682      688      698      691

** DATOS PRELIMINARES **              ***  VALORES  ANUALES  ***                                           ** ORIGENES DE DATO **

                                     MEDIA                     677                                         3 : INCOMPLETOS
                                     MAXIMA ABSOLUTA           720
                                     MINIMA MEDIA              637

                       I D E A M  -  INSTITUTO DE HIDROLOGIA, METEOROLOGIA Y ESTUDIOS AMBIENTALES
                                                                                                              SISTEMA DE INFORMACION
                                    VALORES MEDIOS  DIARIOS DE NIVELES (Cms)                                    NACIONAL AMBIENTAL

    FECHA DE PROCESO :  2019/05/13                    ANO  2004                              ESTACION : 29037610  KILOMETRO 107

    LATITUD    1014 N               TIPO EST    LM                   DEPTO      BOLIVAR                 FECHA-INSTALACION   1981-ABR
    LONGITUD   7531 W               ENTIDAD     01  IDEAM            MUNICIPIO  CARTAGENA               FECHA-SUSPENSION
    ELEVACION  0002 m.s.n.m         REGIONAL    02  ATLANTICO        CORRIENTE  CANAL DEL DIQUE

************************************************************************************************************************************
          DIA       ENERO *  FEBRE *  MARZO *  ABRIL *  MAYO  *  JUNIO *  JULIO *  AGOST *  SEPTI *  OCTUB *  NOVIE *  DICIE *
************************************************************************************************************************************

           01         697      689      653      650      670      689      682      679      687      688      694      708
           02         700      681      655      644      673      685      676      681      688      695      703      701
           03         700      683      655      649      667      678      678      683      685      688      690      700
           04         699      683      652      643      662      681      672      685      685      688      696      707
           05         698      673      650      641      672      680      681      684      684      691      703      706
           06         697      671      646      640      668      689      686      690      685      700      698      703
           07         697      672      653      638      669      688      689      688      684      694      705      704
           08         697      676      648      640      676      686      688      685      690      692      701      704
           09         699      667      654      645      678      686      682      689      685      688      702      703
           10         698      661      650      645      682      693      688      688      684      691      710      700
           11         698      665      652      643      675      691      684      689      683      691      711      696
           12         700      661      654      637      684      691      679      683      686      691      710      698
           13         700      666      654      640      681      691      671      679      685      689      708      697
           14         700      664      650      641      675      690      671      684      685      687      706      698
           15         694      665      652      645      674      686      679      675      685      696      696      700
           16         699      668      654      646      669      695      676      681      686      693      696      701
           17         693      659      668      645      667      683      678      681      686      692      696      707
           18         697      649      653      643      672      687      675      685      688      696      696      703
           19         691      663      656      647      674      676      681      685      699      690      700      707
           20         691      657      656      653      669      679      679      686      692      700      707      704
           21         688      653      646      656      674      681      679      689      689      695      707      704
           22         691      653      657      646      675      692      680      677      689      698      706      708
           23         693      687      649      647      672      685      684      686      693      698      704      702
           24         692      647      650      651      679      694      683      684      689      699      704      704
           25         694      657      649      662      675      694      687      686      695      697      702      703
           26         695      664      640      668      690      692      684      682      687      695      706      704
           27         694      657      635      671      686      692      684      677      692      694      705      702
           28         689      657      631      669      691      692      683      684      691      695      707      700
           29         691      658      638      669      691      685      679      684      692      694      706      704
           30         684               642      672      690      684 6    680      686               695      705      704
           31         688               637               688                        684               691               703

MEDIA                 695      666      650      649      676      687 6    680 3    684      688 3    693      702      703
MAXIMA ABSOLUTA       702      698      686      677      697      699      693 3    696      699 3    702      711      710
MINIMA MEDIA          684      647      631      637      662      676      671 3    675      683 3    687      690      696

** DATOS PRELIMINARES **              ***  VALORES  ANUALES  ***                                           ** ORIGENES DE DATO **

                                     MEDIA                     681                                         3 : INCOMPLETOS
                                     MAXIMA ABSOLUTA           711                                         6 : EST.  REGRESION
                                     MINIMA MEDIA              631

                       I D E A M  -  INSTITUTO DE HIDROLOGIA, METEOROLOGIA Y ESTUDIOS AMBIENTALES
                                                                                                              SISTEMA DE INFORMACION
                                    VALORES MEDIOS  DIARIOS DE NIVELES (Cms)                                    NACIONAL AMBIENTAL

    FECHA DE PROCESO :  2019/05/13                    ANO  2005                              ESTACION : 29037610  KILOMETRO 107

    LATITUD    1014 N               TIPO EST    LM                   DEPTO      BOLIVAR                 FECHA-INSTALACION   1981-ABR
    LONGITUD   7531 W               ENTIDAD     01  IDEAM            MUNICIPIO  CARTAGENA               FECHA-SUSPENSION
    ELEVACION  0002 m.s.n.m         REGIONAL    02  ATLANTICO        CORRIENTE  CANAL DEL DIQUE

************************************************************************************************************************************
          DIA       ENERO *  FEBRE *  MARZO *  ABRIL *  MAYO  *  JUNIO *  JULIO *  AGOST *  SEPTI *  OCTUB *  NOVIE *  DICIE *
************************************************************************************************************************************

           01         706      686      662      648      669      691      689      690      688      691      700      708
           02         705      675      656      660      667      696      687      687      686      692      697      709
           03         705      672      663      650      675      690      685      685      685      693      697      708
           04         702      670      653      651      673      686      683      686      688      693      699      708
           05         702      668      662      652      662      687      685      686      690      693      698      709
           06         701      657      671      650      669      677      679      686      689      692      699      709
           07         694      663      664      651      676      685      686      683      691      694      697      708
           08         703      667      657      647      669      684      687      683      688      692      700      708
           09         691      662      650      653      672      683      688      683      687      692      701      708
           10         690      665      644      649      672      690      690      683      690      693      703      708
           11         689      659      645      653      673      695      692      684      691      692      705      707
           12         684      665      645      652      684      692      692      684      686      693      704      708
           13         696      661      648      646      678      693      693      691      691      693      703      706
           14         695      667      662      678      680      695      695      689      690      689      703      705
           15         693      661      650      669      682      696      696      685      686      689      705      706
           16         691      670      658      669      687      696      692      684      686      696      703      706
           17         688      670      656      670      688      693      693      686      684      693      710      706
           18         691      675      660      659      686      693      692      685      687      693      710      705
           19         694      667      662      668      683      698      696      682      688      693      710      705
           20         688      661      662      674      671      691      697      684      686      693      710      705
           21         688      663      657      668      679      689      689      686      690      694      710      706
           22         693      659      656      666      676      688      688      687      693      695      711      706
           23         693      659      649      665      675      689      690      689      689      691      711      705
           24         686      663      647      662      683      693      692      691      690      696      711      706
           25         684      658      651      669      678      693      694      690      694      695      711      706
           26         688      659      653      664      677      698      691      692      692      696      708      708
           27         686      662      651      669      678      697      689      692      695      694      709      705
           28         681      664      658      669      680      698      691      690      692      696      706      705
           29         684               653      668      684      698      690      690      691      704      705      705
           30         684               652      661      684      692      687      690      688      702      706      705
           31         682               646               684               690      690               700               704

MEDIA                 692      665      655      660      677      691      690      687      689      694      704      706
MAXIMA ABSOLUTA       708      687      678      678      694      699      699      698      700      709      712      710
MINIMA MEDIA          681      657      644      646      662      677      679      682      684      689      697      704

** DATOS PRELIMINARES **              ***  VALORES  ANUALES  ***

                                     MEDIA                     684
                                     MAXIMA ABSOLUTA           712
                                     MINIMA MEDIA              644

                       I D E A M  -  INSTITUTO DE HIDROLOGIA, METEOROLOGIA Y ESTUDIOS AMBIENTALES
                                                                                                              SISTEMA DE INFORMACION
                                    VALORES MEDIOS  DIARIOS DE NIVELES (Cms)                                    NACIONAL AMBIENTAL

    FECHA DE PROCESO :  2019/05/13                    ANO  2006                              ESTACION : 29037610  KILOMETRO 107

    LATITUD    1014 N               TIPO EST    LM                   DEPTO      BOLIVAR                 FECHA-INSTALACION   1981-ABR
    LONGITUD   7531 W               ENTIDAD     01  IDEAM            MUNICIPIO  CARTAGENA               FECHA-SUSPENSION
    ELEVACION  0002 m.s.n.m         REGIONAL    02  ATLANTICO        CORRIENTE  CANAL DEL DIQUE

************************************************************************************************************************************
          DIA       ENERO *  FEBRE *  MARZO *  ABRIL *  MAYO  *  JUNIO *  JULIO *  AGOST *  SEPTI *  OCTUB *  NOVIE *  DICIE *
************************************************************************************************************************************

           01         704      691      656      670      671      691      705      699      688      698      709      716
           02         703      692      656      671      673      692      704      700      688      698      709      710
           03         704      688      663      672      679      692      704      695      687      698      700      705
           04         704      691      652      673      677      695      702      695      689      698      694      705
           05         705      692      654      673      678      695      704      696      684      702      694      703
           06         706      688      659      675      674      694      705      698      693      702      696      704
           07         701      686      649      668      682      690      705      702      695      702      692      704
           08         702      673      650      672      682      691      704      695      695      702      693      704
           09         700      670      651      676      682      691      705      691      695      702      695      707
           10         698      664      654      675      682      687      705      692      695      698      694      703
           11         690      668      649      676      679      688      705      686      695      701      698      707
           12         701      664      649      669      679      696      704      687      695      701      699      710
           13         700      674      653      670      688      700      705      692      695      702      699      710
           14         694      668      654      675      698      700      704      691      695      702      699      710
           15         695      667      656      679      689      694      703      692      695      697      697      711
           16         699      671      655      679      688      697      701      684      696      697      702      711
           17         702      666      652      680      696      704      702      693      698      698      702      711
           18         702      664      652      680      688      705      702      690      698      701      701      712
           19         698      663      650      679      690      705      701      690      698      701      702      712
           20         703      664      651      674      690      705      700      694      698      697      703      712
           21         699      662      653      674      690      704      693      694      698      697      703      713
           22         701      661      654      670      691      702      691      692      699      701      705      713
           23         697      666      655      677      694      704      692      690      699      702      701      710
           24         691      672      655      678      694      705      688      687      702      702      701      711
           25         695      663      654      679      694      706      689      686      700      697      712      711
           26         694      663      654      674      697      705      692      687      698      695      713      712
           27         693      657      653      681      698      705      695      690      698      701      713      712
           28         688      654      653      678      699      704      693      689      698      702      713      712
           29         686               656      674      690      705      692      690      698      702      708      705
           30         685               655      673      688      704      698      685      698      703      715      701
           31         690               655               693               700      686               705               700

MEDIA                 698      671      653      675      687      698      699      691      695      700      702      708
MAXIMA ABSOLUTA       707      698      669      688      699      706      705      705      706      708      720      721
MINIMA MEDIA          685      654      649      668      671      687      688      684      684      695      692      700

** DATOS PRELIMINARES **              ***  VALORES  ANUALES  ***

                                     MEDIA                     690
                                     MAXIMA ABSOLUTA           721
                                     MINIMA MEDIA              649

                       I D E A M  -  INSTITUTO DE HIDROLOGIA, METEOROLOGIA Y ESTUDIOS AMBIENTALES
                                                                                                              SISTEMA DE INFORMACION
                                    VALORES MEDIOS  DIARIOS DE NIVELES (Cms)                                    NACIONAL AMBIENTAL

    FECHA DE PROCESO :  2019/05/13                    ANO  2007                              ESTACION : 29037610  KILOMETRO 107

    LATITUD    1014 N               TIPO EST    LM                   DEPTO      BOLIVAR                 FECHA-INSTALACION   1981-ABR
    LONGITUD   7531 W               ENTIDAD     01  IDEAM            MUNICIPIO  CARTAGENA               FECHA-SUSPENSION
    ELEVACION  0002 m.s.n.m         REGIONAL    02  ATLANTICO        CORRIENTE  CANAL DEL DIQUE

************************************************************************************************************************************
          DIA       ENERO *  FEBRE *  MARZO *  ABRIL *  MAYO  *  JUNIO *  JULIO *  AGOST *  SEPTI *  OCTUB *  NOVIE *  DICIE *
************************************************************************************************************************************

           01         698      670      651      651      687      693      699      703      707      708      718      717
           02         698      663      650      653      678      692      699      703      707      708      717      717
           03         698      657      649      654      679      700      702      701      707      710      717      717
           04         697      657      648      653      681      700      704      701      707      710      718      715
           05         697      652      655      652      682      700      705      701      708      710      717      714
           06         697      658      652      651      832      701      705      701      708      710      717      714
           07         694      660      649      652      683      701      705      701      707      710      714      713
           08         694      662      648      663      683      701      705      701      707      710      714      713
           09         694      662      649      663      695      701      704      701      707      710      714      713
           10         692      661      652      665      695      700      704      701      707      710      714      712
           11         692      661      653      666      690      700      704      701      708      710      716      712
           12         689      660      655      667      691      700      704      701      707      710      716      712
           13         685      660      654      671      694      700      705      702      707      711      716      711
           14         683      661      653      671      695      701      705      702      708      706      716      711
           15         678      655      653      672      698      703      705      702      708      708      716      711
           16         678      650      653      676      689      703      702      705      708      708      716      708
           17         679      650      652      672      684      704      702      709      708      708      716      708
           18         683      644      650      667      683      704      702      705      708      708      716      708
           19         683      642      651      667      683      704      702      706      708      709      716      708
           20         686      639      651      664      683      704      702      706      708      709      718      708
           21         690      642      651      671      679      703      702      707      708      711      718      707
           22         692      651      654      677      684      703      703      707      708      712      719      707
           23         699      652      653      679      684      704      703      704      707      716      720      707
           24         699 6    652      653      680      683      704      703      705      707      720      719      707
           25         688      655      656      680      686      706      703      705      707      720      719      707
           26         677      654      657      681      698      707      704      706      709      720      719      706
           27         678      654      658      681      697      705      703      706      709      722      719      706
           28         678      652      668      682      697      704      703      706      709      721      717      706
           29         678               668      682      697      703      703      707      709      721      717      706
           30         678               656      689      699      702      703      708      709      719      717      705
           31         678               653               698               703      706               716               705

MEDIA                 688 6    655      653      668      693      701      703      704      708      712      717      710
MAXIMA ABSOLUTA       703      672      669      699      973      707      706      710      709      722      722      718
MINIMA MEDIA          677      639      648      651      678      692      699      701      707      706      714      705

** DATOS PRELIMINARES **              ***  VALORES  ANUALES  ***                                           ** ORIGENES DE DATO **

                                     MEDIA                     693                                         6 : EST.  REGRESION
                                     MAXIMA ABSOLUTA           973
                                     MINIMA MEDIA              639

                       I D E A M  -  INSTITUTO DE HIDROLOGIA, METEOROLOGIA Y ESTUDIOS AMBIENTALES
                                                                                                              SISTEMA DE INFORMACION
                                    VALORES MEDIOS  DIARIOS DE NIVELES (Cms)                                    NACIONAL AMBIENTAL

    FECHA DE PROCESO :  2019/05/13                    ANO  2008                              ESTACION : 29037610  KILOMETRO 107

    LATITUD    1014 N               TIPO EST    LM                   DEPTO      BOLIVAR                 FECHA-INSTALACION   1981-ABR
    LONGITUD   7531 W               ENTIDAD     01  IDEAM            MUNICIPIO  CARTAGENA               FECHA-SUSPENSION
    ELEVACION  0002 m.s.n.m         REGIONAL    02  ATLANTICO        CORRIENTE  CANAL DEL DIQUE

************************************************************************************************************************************
          DIA       ENERO *  FEBRE *  MARZO *  ABRIL *  MAYO  *  JUNIO *  JULIO *  AGOST *  SEPTI *  OCTUB *  NOVIE *  DICIE *
************************************************************************************************************************************

           01         702      695      667      656      681      695      695      708      716      715      716      719
           02         702      695      665      657      682      695      696      706      716      715      716      719
           03         702      695      669      657      679      695      700      706      716      715      716      719
           04         703      698      672      657      677      695      700      705      715      715      716      719
           05         703      698      672      658      673      695      700      704      715      715      716      721
           06         703      694      672      658      673      691      700      704      715      715      717      721
           07         699      694      670      658      673      691      700      704      714      715      717      721
           08         699      690      670      659      674      691      700      704      713      715      717      721
           09         699      684      669      661      681      698      700      707      713      716      717      721
           10         699      684      667      661      682      697      700      710      713      715      719      721
           11         699      684      668      662      683      697      701      711      714      715      719      719
           12         699      673      668      664      683      697      701      712      715      715      717      719
           13         700      668      674      664      683      697      703      710      715      715      719      719
           14         700      668      674      667      683      697      703      710      715      715      719      719
           15         700      667      673      684      681      697      702      711      714      714      719      717
           16         700      667      678      684      680      697      702      711      713      714      719      717
           17         700      666      672      684      680      697      703      711      713      714      719      716
           18         699      661      672      684      680      692      703      711      712      714      720      715
           19         699      660      672      684      679      693      703      711      712      712      721      715
           20         699      660      672      684      679      693      705      711      714      713      721      713
           21         699      660      672      684      679      693      704      713      714      715      721      713
           22         700      660      672      683      687      693      704      713      715      715      723      712
           23         700      661      672      683      688      693      704      713      716      716      723      712
           24         700      661      673      683      688      691      704      714      719      716      725      710
           25         699      661      673      683      688      692      705      714      717      716      720      710
           26         699      666      677      683      688      692      705      715      718      714      721      710
           27         699      666      677      683      688      692      707      715      715      713      721      708
           28         699      666      677      683      695      692      706      715      715      713      721      708
           29         698      666      679      683      695      699      706      715      715      713      721      708
           30         698               679      683      695      699      707      715      715      713      721      707
           31         698               679               695               707      715               713               707

MEDIA                 700      675      672      672      683      694      702      710      715      714      719      715
MAXIMA ABSOLUTA       703      698      686      690      695      699      708      717      720      717      728      721
MINIMA MEDIA          698      660      665      656      673      691      695      704      712      712      716      707

** DATOS PRELIMINARES **              ***  VALORES  ANUALES  ***

                                     MEDIA                     698
                                     MAXIMA ABSOLUTA           728
                                     MINIMA MEDIA              656

                       I D E A M  -  INSTITUTO DE HIDROLOGIA, METEOROLOGIA Y ESTUDIOS AMBIENTALES
                                                                                                              SISTEMA DE INFORMACION
                                    VALORES MEDIOS  DIARIOS DE NIVELES (Cms)                                    NACIONAL AMBIENTAL

    FECHA DE PROCESO :  2019/05/13                    ANO  2009                              ESTACION : 29037610  KILOMETRO 107

    LATITUD    1014 N               TIPO EST    LM                   DEPTO      BOLIVAR                 FECHA-INSTALACION   1981-ABR
    LONGITUD   7531 W               ENTIDAD     01  IDEAM            MUNICIPIO  CARTAGENA               FECHA-SUSPENSION
    ELEVACION  0002 m.s.n.m         REGIONAL    02  ATLANTICO        CORRIENTE  CANAL DEL DIQUE

************************************************************************************************************************************
          DIA       ENERO *  FEBRE *  MARZO *  ABRIL *  MAYO  *  JUNIO *  JULIO *  AGOST *  SEPTI *  OCTUB *  NOVIE *  DICIE *
************************************************************************************************************************************

           01         706      692      682      678      686      684      697      685      693      684      698      669
           02         706      694      681      679      686      684      696      682      693      683      700      669
           03         706      694      675      679      686      684      696      682      693      682      701      669
           04         706      692      675      675      687      685      690      682      693      689      702      669
           05         706      692      675      675      688      684      690      682      694      689      702      669
           06         706      692      676      674      688      687      690      680      694      689      702      669
           07         706      692      677      673      688      687      693      680      694      689      702      670
           08         706      692      677      671      688      690      695      689      694      689      700      670
           09         706      690      674      671      688      690      695      689      694      690      700      670
           10         705      691      674      671      697      691      694      688      694      690      700      670
           11         705      691      674      671      694      696      694      688      694      690      701      670
           12         705      691      674      672      694      697      694      688      694      690      702      670
           13         704      691      673      673      693      697      695      688      693      690      703      668
           14         704      690      677      676      693      697      694      688      693      690      703      668
           15         701      698      677      682      693      697      696      681      687      692      704      668
           16         701      698      677      682      693      697      697      683      687      691      702      668
           17         701      694      676      687      691      693      692      689      685      692      701      668
           18         701      686      678      684      691      694      692      686      685      692      701      668
           19         697      686      677      685      691      693      693      689      685      689      701      668
           20         697      685      677      685      691      693      694      689      685      689      701      668
           21         697      685      674      685      691      693      693      689      685      687      698      669
           22         697      683      667      685      690      692      693      689      684      687      699      669
           23         697      682      671      685      690      694      693      692      684      688      701      669
           24         697      682      669      685      691      694      693      693      684      681      701      670
           25         699      682      669      685      691      693      693      693      684      681      701      670
           26         699      682      670      685      691      691      693      693      684      686      702      670
           27         699      682      670      685      691      697      693      693      684      681      702      670
           28         699      682      670      685      691      697      693      693      683      681      694      670
           29         697               670      685      691      697      693      693      683      681      692      670
           30         702               671      685      691      697      692      693      683      686      692      670
           31         702               675               691               692      693               692               670

MEDIA                 702      689      674      680      690      692      693      688      688      687      700      669
MAXIMA ABSOLUTA       708      699      687      690      701      699      705      701      703      702      705      670
MINIMA MEDIA          697      682      667      671      686      684      690      680      683      681      692      668

** DATOS PRELIMINARES **              ***  VALORES  ANUALES  ***

                                     MEDIA                     688
                                     MAXIMA ABSOLUTA           708
                                     MINIMA MEDIA              667

                       I D E A M  -  INSTITUTO DE HIDROLOGIA, METEOROLOGIA Y ESTUDIOS AMBIENTALES
                                                                                                              SISTEMA DE INFORMACION
                                    VALORES MEDIOS  DIARIOS DE NIVELES (Cms)                                    NACIONAL AMBIENTAL

    FECHA DE PROCESO :  2019/05/13                    ANO  2010                              ESTACION : 29037610  KILOMETRO 107

    LATITUD    1014 N               TIPO EST    LM                   DEPTO      BOLIVAR                 FECHA-INSTALACION   1981-ABR
    LONGITUD   7531 W               ENTIDAD     01  IDEAM            MUNICIPIO  CARTAGENA               FECHA-SUSPENSION
    ELEVACION  0002 m.s.n.m         REGIONAL    02  ATLANTICO        CORRIENTE  CANAL DEL DIQUE

************************************************************************************************************************************
          DIA       ENERO *  FEBRE *  MARZO *  ABRIL *  MAYO  *  JUNIO *  JULIO *  AGOST *  SEPTI *  OCTUB *  NOVIE *  DICIE *
************************************************************************************************************************************

           01         670      647      656      644      670      679      701      707      716      720      725      722
           02         670      649      656      649      670      677      701      708      716      722      726      723
           03         670      651      656      653      670      677      703      711      715      723      726      723
           04         670      653      656      654      670      677      703      711      715      724      725      723
           05         670      653      656      654      670      680      703      712      715      724      725      722
           06         670      653      661      654      669      681      704      713      715      724      724      720
           07         670      650      658      654      670      681      703      713      714      724      723      720
           08         671      651      658      654      670      681      702      713      715      724      723      720
           09         667      651      659      654      670      687      701      713      715      724      723      720
           10         659      651      659      654      670      687      702      712      715      724      723      721
           11         658      648      659      654      670      689      702      714      715      722      724      721
           12         655      648      660      655      670      689      702      714      715      722      723      722
           13         655      648      660      655      670      689      704      714      716      722      725      723
           14         654      648      660      655      672      688      704      714      716      721      725      726
           15         656      648      660      655      677      693      704      714      717      721      726      729
           16         654      647      662      655      677      699      707      715      717      721      726      732
           17         655      647      650      658      677      707      707      714      717      721      726      735
           18         660      647      650      658      678      706      703      714      717      722      725      735
           19         655      647      649      656      678      707      708      715      716      721      724      735
           20         656      655      649      657      682      703      708      714      716      721      722      735
           21         656      656      649      664      684      703      708      714      716      720      720      735
           22         649      657      656      668      684      705      705      714      716      719      720      736
           23         649      659      662      674      683      705      703      714      717      719      720      735
           24         649      659      665      675      682      702      703      715      716      723      720      735
           25         660      660      662      671      681      702      703      716      716      721      720      735
           26         660      659      659      666      681      702      705      716      716      721      721      734
           27         659      659      659      666      680      702      705      716      715      721      721      733
           28         649      658      653      667      680      702      705      717      715      721      721      733
           29         647               648      668      680      702      707      717      715      721      721      733
           30         647               644      667      678      702      707      717      715      722      721      737
           31         646               644               678               707      717               722               737

MEDIA                 658      652      656      659      675      693      704      714      715      722      723      728
MAXIMA ABSOLUTA       673      674      674      679      686      711      710      718      719      729      728      740
MINIMA MEDIA          646      647      644      644      669      677      701      707      714      719      720      720

** DATOS PRELIMINARES **              ***  VALORES  ANUALES  ***

                                     MEDIA                     692
                                     MAXIMA ABSOLUTA           740
                                     MINIMA MEDIA              644

                       I D E A M  -  INSTITUTO DE HIDROLOGIA, METEOROLOGIA Y ESTUDIOS AMBIENTALES
                                                                                                              SISTEMA DE INFORMACION
                                    VALORES MEDIOS  DIARIOS DE NIVELES (Cms)                                    NACIONAL AMBIENTAL

    FECHA DE PROCESO :  2019/05/13                    ANO  2012                              ESTACION : 29037610  KILOMETRO 107

    LATITUD    1014 N               TIPO EST    LM                   DEPTO      BOLIVAR                 FECHA-INSTALACION   1981-ABR
    LONGITUD   7531 W               ENTIDAD     01  IDEAM            MUNICIPIO  CARTAGENA               FECHA-SUSPENSION
    ELEVACION  0002 m.s.n.m         REGIONAL    02  ATLANTICO        CORRIENTE  CANAL DEL DIQUE

************************************************************************************************************************************
          DIA       ENERO *  FEBRE *  MARZO *  ABRIL *  MAYO  *  JUNIO *  JULIO *  AGOST *  SEPTI *  OCTUB *  NOVIE *  DICIE *
************************************************************************************************************************************

           01         716      693      681      665      689      695      692      680      690      686      691      696
           02         715      688      680      665      685      693      692      680      691      687      692      696
           03         715      688      680      666      684      692      692      681      690      689      693      696
           04         715      688      677      669      681      692      692      681      689      689      694      696
           05         713      686      677      669      681      693      691      681      689      690      695      697
           06         713      686      676      670      682      690      691      681      689      690      696      697
           07         713      685      676      670      680      694      691      681      690      690      697      698
           08         713      685      675      671      682      693      690      681      690      691      698      697
           09         712      685      675      666      686      698      691      681      690      690      697      697
           10         711      684      676      671      693      698      692      679      691      689      699      694
           11         711      684      676      671      694      698      687      679      691      689      696      691
           12         711      681      669      675      695      696      688      679      691      689      690      690
           13         711      681      666      678      695      696      687      680      691      688      688      687
           14         709      680      665      675      695      697      686      679      691      687      687      683
           15         707      680      665      675      695      696      690      679      691      686      685      684
           16         706      680      660      677      695      695      684      679      691      687      691      688
           17         706      680      660      672      695      693      681      680      690      688      692      687
           18         706      680      659      673      694      692      679      680      690      690      693      690
           19         703      678      659      674      692      693      675      682      690      694      693      688
           20         703      678      659      678      692      693      673      683      690      695      699      686
           21         702      678      654      679      692      693      675      684      690      697      698      685
           22         702      678      653      680      692      694      679      684      690      701      698      684
           23         701      678      650      678      692      694      676      684      690      702      698      684
           24         701      678      650      682      694      694      680      686      690      700      697      683
           25         704      679      650      680      695      693      673      690      689      693      698      681
           26         698      679      650      685      694      698      673      692      689      691      698      681
           27         698      681      650      686      694      699      673      693      688      688      697      682
           28         698      681      660      686      694      699      673      689      687      688      697      682
           29         695      682      661      689      693      699      673      690      688      688      696      681
           30         695               661      692      697      696      672      691      688      686      696      680
           31         695               661               695               666      692               686               680

MEDIA                 706      682      665      675      691      695      682      683      690      690      694      688
MAXIMA ABSOLUTA       716      693      685      694      700      700      694      701      701      705      702      699
MINIMA MEDIA          695      678      650      665      680      690      666      679      687      686      685      680

** DATOS PRELIMINARES **              ***  VALORES  ANUALES  ***

                                     MEDIA                     687
                                     MAXIMA ABSOLUTA           716
                                     MINIMA MEDIA              650

                       I D E A M  -  INSTITUTO DE HIDROLOGIA, METEOROLOGIA Y ESTUDIOS AMBIENTALES
                                                                                                              SISTEMA DE INFORMACION
                                    VALORES MEDIOS  DIARIOS DE NIVELES (Cms)                                    NACIONAL AMBIENTAL

    FECHA DE PROCESO :  2019/05/13                    ANO  2013                              ESTACION : 29037610  KILOMETRO 107

    LATITUD    1014 N               TIPO EST    LM                   DEPTO      BOLIVAR                 FECHA-INSTALACION   1981-ABR
    LONGITUD   7531 W               ENTIDAD     01  IDEAM            MUNICIPIO  CARTAGENA               FECHA-SUSPENSION
    ELEVACION  0002 m.s.n.m         REGIONAL    02  ATLANTICO        CORRIENTE  CANAL DEL DIQUE

************************************************************************************************************************************
          DIA       ENERO *  FEBRE *  MARZO *  ABRIL *  MAYO  *  JUNIO *  JULIO *  AGOST *  SEPTI *  OCTUB *  NOVIE *  DICIE *
************************************************************************************************************************************

           01         680      668      663      664      669      693      692      682      685      695      700      699
           02         678      666      663      663      671      692      693      679      685      695      699      698
           03         676      666      664      664      673      691      692      676      688      698      700      698
           04         676      667      664      667      674      690      694      676      688      700      700      699
           05         675      667      664      668      672      686      692      677      687      700      705      699
           06         678      666      660      668      670      686      691      678      687      704      704      698
           07         668      668      663      668      672      681      691      678      688      707      704      697
           08         662      662      663      668      673      681      689      679      691      700      705      698
           09         656      663      663      667      675      681      690      677      691      704      705      698
           10         655      663      663      667      676      682      690      683      692      701      701      699
           11         656      662      665      667      677      684      691      679      693      701      706      699
           12         653      656      665      667      677      684      690      680      693      700      700      699
           13         653      655      664      667      680      686      690      683      697      700      700      699
           14         653      651      664      667      680      686      693      683      691      700      700      698
           15         657      652      664      667      681      686      693      683      687      701      700      696
           16         659      659      664      668      681      686      692      683      688      701      700      696
           17         653      659      667      668      680      687      692      685      688      701      699      698
           18         654      659      665      667      686      689      690      685      688      702      699      699
           19         655      660      664      666      687      691      690      685      689      702      700      699
           20         653      660      664      669      687      691      684      685      689      702      701      699
           21         654      659      663      664      687      689      684      685      689      702      701      699
           22         654      658      663      661      686      689      682      685      688      703      702      699
           23         649      661      665      660      686      690      683      685      688      703      702      698
           24         644      657      666      652      686      689      680      685      687      702      701      698
           25         645      658      666      648      685      687      681      685      689      702      702      698
           26         647      659      666      648      687      688      681      685      689      702      703      699
           27         649      661      666      648      688      691      682      685      687      701      703      700
           28         658      663      664      657      688      690      683      687      688      700      703      699
           29         660               663      662      699      691      684      687      689      700      702      699
           30         661               663      669      699      692      684      685      690      704      700      699
           31         665               663               699               682      685               701               698

MEDIA                 659      661      664      663      681      687      688      682      689      701      701      698
MAXIMA ABSOLUTA       680      675      672      679      699      699      699      694      708      708      711      703
MINIMA MEDIA          644      651      660      648      669      681      680      676      685      695      699      696

** DATOS PRELIMINARES **              ***  VALORES  ANUALES  ***

                                     MEDIA                     681
                                     MAXIMA ABSOLUTA           711
                                     MINIMA MEDIA              644

                       I D E A M  -  INSTITUTO DE HIDROLOGIA, METEOROLOGIA Y ESTUDIOS AMBIENTALES
                                                                                                              SISTEMA DE INFORMACION
                                    VALORES MEDIOS  DIARIOS DE NIVELES (Cms)                                    NACIONAL AMBIENTAL

    FECHA DE PROCESO :  2019/05/13                    ANO  2014                              ESTACION : 29037610  KILOMETRO 107

    LATITUD    1014 N               TIPO EST    LM                   DEPTO      BOLIVAR                 FECHA-INSTALACION   1981-ABR
    LONGITUD   7531 W               ENTIDAD     01  IDEAM            MUNICIPIO  CARTAGENA               FECHA-SUSPENSION
    ELEVACION  0002 m.s.n.m         REGIONAL    02  ATLANTICO        CORRIENTE  CANAL DEL DIQUE

************************************************************************************************************************************
          DIA       ENERO *  FEBRE *  MARZO *  ABRIL *  MAYO  *  JUNIO *  JULIO *  AGOST *  SEPTI *  OCTUB *  NOVIE *  DICIE *
************************************************************************************************************************************

           01         696      664      656      657      663      691      687      663      680      690      707      709
           02         696      664      659      657      673      695      689      663      680      691      700      710
           03         694      661      660      656      675      694      689      663      683      692      700      709
           04         693      663      661      657      674      693      688      662      684      692      700      704
           05         693      661      663      658      680      695      688      662      685      693      700      706
           06         691      661      664      659      680      695      688      663      685      692      700      704
           07         691      661      663      661      680      697      689      663      686      695      699      706
           08         690      660      669      662      681      695      687      663      681      692      699      705
           09         688      660      669      661      682      686      686      664      683      693      699      706
           10         685      662      671      660      682      686      682      662      683      693      703      709
           11         683      663      670      659      682      685      678      661      684      692      708      709
           12         682      664      668      659      682      681      678      661      685      693      708      709
           13         683      663      668      656      683      682      678      662      684      695      708      710
           14         683      662      668      659      678      682      679      663      686      695      708      711
           15         683      661      666      656      679      684      672      664      684      696      708      711
           16         682      661      667      657      679      689      672      665      682      696      708      712
           17         681      661      667      657      680      695      672      667      683      700      708      712
           18         680      659      667      660      682      696      674      668      683      702      708      711
           19         676      659      666      661      686      696      674      668      683      702      708      709
           20         675      659      666      665      689      697      674      668      684      703      705      706
           21         675      659      666      666      689      695      672      667      685      704      705      704
           22         677      655      667      673      685      695      671      668      687      702      705      703
           23         678      656      666      675      685      688      672      668      687      702      706      702
           24         677      656      666      672      685      684      668      668      686      698      708      702
           25         675      657      666      669      687      685      667      668      689      702      708      702
           26         674      654      667      669      685      683      666      670      690      702      709      702
           27         674      654      667      663      686      684      665      669      690      703      710      706
           28         671      652      667      663      686      686      665      671      691      698      711      706
           29         670               667      663      687      685      664      678      692      700      710      703
           30         667               667      666      688      686      664      679      694      702      711      700
           31         666               668               690               664      679               706               700

MEDIA                 681      660      666      662      682      689      676      666      685      697      705      706
MAXIMA ABSOLUTA       698      670      677      683      693      699      694      680      698      708      712      714
MINIMA MEDIA          666      652      656      656      663      681      664      661      680      690      699      700

** DATOS PRELIMINARES **              ***  VALORES  ANUALES  ***

                                     MEDIA                     681
                                     MAXIMA ABSOLUTA           714
                                     MINIMA MEDIA              652

                       I D E A M  -  INSTITUTO DE HIDROLOGIA, METEOROLOGIA Y ESTUDIOS AMBIENTALES
                                                                                                              SISTEMA DE INFORMACION
                                    VALORES MEDIOS  DIARIOS DE NIVELES (Cms)                                    NACIONAL AMBIENTAL

    FECHA DE PROCESO :  2019/05/13                    ANO  2015                              ESTACION : 29037610  KILOMETRO 107

    LATITUD    1014 N               TIPO EST    LM                   DEPTO      BOLIVAR                 FECHA-INSTALACION   1981-ABR
    LONGITUD   7531 W               ENTIDAD     01  IDEAM            MUNICIPIO  CARTAGENA               FECHA-SUSPENSION
    ELEVACION  0002 m.s.n.m         REGIONAL    02  ATLANTICO        CORRIENTE  CANAL DEL DIQUE

************************************************************************************************************************************
          DIA       ENERO *  FEBRE *  MARZO *  ABRIL *  MAYO  *  JUNIO *  JULIO *  AGOST *  SEPTI *  OCTUB *  NOVIE *  DICIE *
************************************************************************************************************************************

           01         697      664      667      664      680      679      671      672      679      669      682      697
           02         694      667      660      661      680      680      671      673      682      670      685      699
           03         692      664      658      662      679      681      671      676      689      676      688      700
           04         691      664      655      663      678      681      672      675      692      671      690      699
           05         685      665      650      663      679      681      673      675      692      670      691      699
           06         683      665      652      663      682      683      675      675      690      673      691      698
           07         681      665      649      663      683      687      675      675      689      681      694      696
           08         679      665      651      664      686      691      670      673      688      676      694      690
           09         681      666      653      668      689      693      668      675      687      674      694      686
           10         679      667      657      669      690      692      664      675      680      674      695      684
           11         674      669      660      668      690      694      663      675      676      669      695      678
           12         669      670      661      676      692      693      662      671      676      668      694      679
           13         671      669      663      675      692      690      662      667      677      668      693      679
           14         673      677      666      673      680      689      662      666      678      669      694      677
           15         677      674      667      673      677      687      660      669      679      671      695      675
           16         673      662      667      674      674      683      660      671      679      671      694      676
           17         673      665      662      671      672      681      662      672      680      671      694      673
           18         669      666      660      669      667      684      661      672      680      671      694      665
           19         662      667      660      670      670      685      668      674      681      673      697      661
           20         654      668      653      677      668      684      673      678      681      680      697      660
           21         658      668      654      678      671      683      676      679      678      675      694      660
           22         663      666      657      676      677      682      677      678      679      680      694      660
           23         667      664      661      678      680      684      679      678      679      682      690      660
           24         664      673      664      682      682      679      682      679      674      683      689      658
           25         673      672      664      686      683      678      683      680      673      684      690      657
           26         674      674      668      685      682      676      681      678      672      682      694      656
           27         676      671      675      687      684      673      684      679      671      684      695      655
           28         675      671      672      683      682      670      682      678      670      684      696      656
           29         676               671      682      682      670      672      678      670      684      697      658
           30         674               668      680      682      667      673      678      668      681      698      663
           31         670               667               681               672      679               683               663

MEDIA                 675      668      661      673      680      682      671      675      679      675      693      674
MAXIMA ABSOLUTA       701      684      683      689      695      694      696      689      703      689      700      700
MINIMA MEDIA          654      662      649      661      667      667      660      666      668      668      682      655

** DATOS PRELIMINARES **              ***  VALORES  ANUALES  ***

                                     MEDIA                     676
                                     MAXIMA ABSOLUTA           703
                                     MINIMA MEDIA              649

