2015,12,2015.9166666666699,0.867528545310018,0.14470000000000005,0.013212434804341321
2015,11,2015.8333333333333,0.91638074656303581,0.13203333333333336,0.013959533011594508
2015,10,2015.7499999999998,0.9190185767048531,0.11679999999999995,0.0140082652283899
2015,9,2015.6666666666665,0.77072902658359699,0.10663333333333336,0.011736870791782475
2015,8,2015.5833333333333,0.68201023584482035,0.10663333333333336,0.010386265800863997
2015,7,2015.4999999999998,0.59832238575415808,0.10663333333333336,0.0091201359751979256
2015,6,2015.4166666666665,0.56464060832224849,0.10666666666666662,0.0085986058908400255
2015,5,2015.3333333333333,0.57385430715891472,0.10663333333333336,0.0087471960775364413
2015,4,2015.2499999999998,0.55907199961787624,0.10663333333333336,0.0085137739588871351
2015,3,2015.1666666666665,0.49275577511308993,0.13203333333333336,0.0075041364135110698
2015,2,2015.083333333333,0.48718179224756403,0.15743333333333323,0.0074256537693899493
2015,1,2014.9999999999998,0.56768071093087002,0.18789999999999996,0.0086479903984911007
2014,12,2014.9166666666665,0.70164265339370213,0.18786666666666671,0.010686668759085968
2014,11,2014.8333333333333,0.83715795377991753,0.16756666666666664,0.012752557349006315
2014,10,2014.75,0.90984753741380575,0.13710000000000008,0.013863898450869527
2014,9,2014.6666666666665,0.79873133894393411,0.11679999999999986,0.012163771313582952
2014,8,2014.5833333333333,0.71505647689053076,0.11173333333333331,0.010895769279765558
2014,7,2014.5,0.71862485279216926,0.11679999999999986,0.010953938580378644
2014,6,2014.4166666666665,0.67705936703818037,0.11173333333333331,0.010308206874936946
2014,5,2014.3333333333333,0.57862547351084503,0.11676666666666675,0.0088198713553544073
2014,4,2014.25,0.43950145926887024,0.11173333333333346,0.006691251244348371
2014,3,2014.1666666666665,0.38454763988598223,0.12693333333333356,0.005861580103426879
2014,2,2014.0833333333333,0.38465559735165583,0.14219999999999988,0.0058581855979544543
2014,1,2014,0.53623293452301024,0.16249999999999995,0.0081699199781436818
2013,12,2013.91666666678,0.65267168707863299,0.16759999999999989,0.0099444206478906515
2013,11,2013.8333333334499,0.72805547100143475,0.15233333333333329,0.01109316087685615
2013,10,2013.7500000001201,0.75687403208538517,0.13203333333333322,0.01152346570267951
2013,9,2013.66666666679,0.68453232343383807,0.11676666666666662,0.010434265610567353
2013,8,2013.5833333334599,0.67078340190562924,0.11173333333333346,0.010212673956375585
2013,7,2013.5000000001301,0.66233422238176121,0.11680000000000017,0.010095885461469145
2013,6,2013.4166666668,0.64777497922568483,0.11173333333333346,0.009870248016360092
2013,5,2013.3333333334699,0.54406558042370667,0.11679999999999986,0.0082851058481523861
2013,4,2013.2500000001401,0.49349331296002569,0.11169999999999991,0.0075196209449642278
2013,3,2013.16666666681,0.49232435451632756,0.15743333333333323,0.0074973719114723126
2013,2,2013.0833333334799,0.55152580772657167,0.20310000000000006,0.0084037558402291802
2013,1,2013.0000000001501,0.54447283399228041,0.25390000000000007,0.0082919142677741284
2012,12,2012.91666666682,0.61132452807260063,0.25896666666666679,0.0093134536321105646
2012,11,2012.8333333334899,0.70386958130323685,0.21836666666666668,0.010723579853700215
2012,10,2012.7500000001601,0.71694939507800148,0.1777333333333333,0.010921848174058118
2012,9,2012.66666666683,0.71189729437027549,0.13203333333333322,0.010844318032164603
2012,8,2012.5833333334999,0.72433933682169804,0.13203333333333353,0.011037170187599109
2012,7,2012.5000000001701,0.68879372233372982,0.13203333333333322,0.010492644014308381
2012,6,2012.41666666684,0.55590263319610655,0.13709999999999992,0.0084686269216616636
2012,5,2012.3333333335099,0.5004152146780384,0.13203333333333322,0.007622933521032404
2012,4,2012.2500000001801,0.55806785965667471,0.13203333333333353,0.0085034144072632205
2012,3,2012.16666666685,0.51404474783667375,0.12189999999999983,0.0078305940568702721
2012,2,2012.0833333335199,0.51295846113296861,0.12186666666666657,0.0078190938520472809
2012,1,2012.0000000001901,0.59570859431899403,0.11679999999999986,0.0090697051720321446
2011,12,2011.91666666686,0.5292458260533488,0.12186666666666686,0.0080646957325489713
2011,11,2011.8333333335299,0.51957164159532543,0.11680000000000017,0.0079171509978895674
2011,10,2011.7500000002001,0.53569952096518958,0.11173333333333346,0.0081579362566953952
2011,9,2011.66666666687,0.50319078810367257,0.1117000000000002,0.007670012685481291
2011,8,2011.5833333335399,0.49506354041593087,0.11173333333333346,0.0075373213275750474
2011,7,2011.5000000002101,0.52470950300361796,0.1117000000000002,0.0079980954962824737
2011,6,2011.41666666688,0.51840111914688036,0.10666666666666676,0.007894432533980044
2011,5,2011.3333333335499,0.4796559991518729,0.10663333333333291,0.0073112810403980323
2011,4,2011.2500000002201,0.44176973490142551,0.10663333333333291,0.0067274642607414491
2011,3,2011.16666666689,0.41374638328376062,0.12186666666666628,0.0063008664565552324
2011,2,2011.0833333335499,0.43992148804814635,0.14220000000000019,0.0067045316224206408
2011,1,2011.0000000002201,0.57449133849757217,0.16250000000000023,0.0087534344015427895
2010,12,2010.91666666689,0.64887458673434117,0.16250000000000023,0.009880732593242833
2010,11,2010.8333333335599,0.64813301035869286,0.14726666666666688,0.0098776690010419967
2010,10,2010.7500000002301,0.67626402887558368,0.13203333333333353,0.010304412471539293
2010,9,2010.6666666669,0.68038418777459542,0.12186666666666628,0.010358840721373478
2010,8,2010.58333333357,0.66983197542388229,0.11676666666666631,0.010206692223805641
2010,7,2010.5000000002401,0.6424014926126318,0.11679999999999957,0.0097827843393738616
2010,6,2010.41666666691,0.69287401972844009,0.11680000000000017,0.010557516292544129
2010,5,2010.33333333358,0.65885353953535053,0.11680000000000017,0.010039451654832171
2010,4,2010.2500000002501,0.57996347777575952,0.11680000000000017,0.0088321785363567207
2010,3,2010.16666666692,0.53741486871609967,0.10663333333333351,0.0081888940312285861
2010,2,2010.08333333359,0.54274110380124418,0.1015666666666668,0.0082677071978300379
2010,1,2010.0000000002599,0.62874624695772974,0.091400000000000148,0.0095779165928663052
2009,12,2009.91666666693,0.65566366350703831,0.091400000000000148,0.0099879576034095797
2009,11,2009.8333333336,0.66594460748441253,0.091400000000000148,0.010144462001108448
2009,10,2009.7500000002699,0.66225652164930204,0.091399999999999551,0.010088591757165781
2009,9,2009.66666666694,0.5905635920803044,0.091399999999999551,0.0089966638419163494
2009,8,2009.58333333361,0.54126637011751777,0.091433333333332811,0.0082454541231399923
2009,7,2009.5000000002799,0.53508435435716095,0.091433333333333408,0.0081600760926792502
2009,6,2009.4166666669501,0.56098400885465605,0.091433333333333408,0.0085457643133578769
2009,5,2009.33333333362,0.56468220498543031,0.086300000000000196,0.0086018580116017113
2009,4,2009.2500000002899,0.51731497614650235,0.086300000000000196,0.0078735337612217578
2009,3,2009.1666666669601,0.45918562224205833,0.096466666666666853,0.0069951318073064638
2009,2,2009.08333333363,0.46800790065905246,0.11173333333333346,0.0071311604259892292
2009,1,2009.0000000002999,0.56509049005349787,0.12696666666666681,0.0086103492669812529
2008,12,2008.9166666669701,0.63875853170573327,0.12696666666666681,0.0097304470194202897
2008,11,2008.83333333364,0.73904164437519282,0.11680000000000017,0.01126129683867331
2008,10,2008.7500000003099,0.75753929257399866,0.1015666666666668,0.011539680309984097
2008,9,2008.6666666669801,0.73619624742865009,0.096466666666666256,0.011214663917963255
2008,8,2008.58333333365,0.7774423580297779,0.096466666666666256,0.011839335355808124
2008,7,2008.5000000003199,0.74921514729466843,0.096466666666666256,0.011413400115089773
2008,6,2008.4166666669901,0.68167156786967753,0.091400000000000148,0.010384470256045877
2008,5,2008.33333333366,0.6480913515136647,0.091433333333333408,0.0098726702466815312
2008,4,2008.2500000003299,0.62834966087322652,0.091433333333333408,0.0095822642882465031
2008,3,2008.1666666670001,0.58003861021040404,0.1015666666666668,0.0088356322086773926
2008,2,2008.08333333367,0.56683615528457465,0.1117000000000002,0.0086301276536987458
2008,1,2008.0000000003399,0.60220386919112634,0.12693333333333356,0.0091759246014930362
2007,12,2007.9166666670101,0.70437291980579231,0.12696666666666681,0.010729960057905706
2007,11,2007.83333333368,0.75123037548219707,0.12696666666666681,0.011446861926401559
2007,10,2007.7500000003499,0.74794165231772125,0.12186666666666628,0.011396641832897294
2007,9,2007.6666666670201,0.69480357265131032,0.12693333333333298,0.01057837758026583
2007,8,2007.58333333369,0.67007654348426637,0.12693333333333298,0.010207473973121238
2007,7,2007.5000000003599,0.65690914103098164,0.12696666666666681,0.010009884854190741
2007,6,2007.4166666670301,0.64163625445103456,0.12190000000000012,0.0097769497734696564
2007,5,2007.3333333337,0.60970890968456914,0.12186666666666686,0.0092903224083903148
2007,4,2007.2500000003699,0.56066214881385645,0.12186666666666686,0.0085359959651766792
2007,3,2007.1666666670401,0.5398140737564695,0.10663333333333351,0.0082257764759733117
2007,2,2007.08333333371,0.48998151187668054,0.0965000000000001,0.0074672576073209831
2007,1,2007.0000000003799,0.55050740652381036,0.081266666666666751,0.0083860359085185816
2006,12,2006.9166666670501,0.64378195933772164,0.081233333333333491,0.0098114574578463398
2006,11,2006.83333333372,0.70576171931259313,0.071100000000000094,0.010741714057194634
2006,10,2006.7500000003899,0.72347360164234276,0.065999999999999545,0.011032830735110199
2006,9,2006.6666666670601,0.67115818010921346,0.060966666666666093,0.010218178160436225
2006,8,2006.58333333373,0.67466020453909703,0.06093333333333284,0.010288773322701644
2006,7,2006.5000000004,0.73672681652783845,0.06093333333333343,0.01121697423168545
2006,6,2006.4166666670701,0.77787565277330661,0.06093333333333343,0.011843192705412718
2006,5,2006.33333333374,0.77355447628828877,0.055866666666666731,0.011796759774702166
2006,4,2006.25000000041,0.76843345291963228,0.055866666666666731,0.01170554874594616
2006,3,2006.1666666670801,0.73332852081235333,0.071066666666666833,0.01116476063602064
2006,2,2006.08333333375,0.73422208785363618,0.096466666666666853,0.011181028174427643
2006,1,2006.00000000042,0.76993218614116188,0.11173333333333346,0.011731772332910242
2005,12,2005.9166666670901,0.80646911382556696,0.11173333333333346,0.01229285248351077
2005,11,2005.83333333376,0.86898542165748316,0.13709999999999964,0.013233620145922628
2005,10,2005.75000000043,0.85970254359867115,0.16756666666666634,0.013094034834732617
2005,9,2005.6666666670999,0.69085868322461219,0.20313333333333303,0.010528011046365641
2005,8,2005.58333333377,0.64245788969788276,0.20313333333333361,0.0097884118193284509
2005,7,2005.50000000044,0.62312276276641598,0.20313333333333361,0.0094904775081224874
2005,6,2005.4166666671099,0.57095510505311786,0.20310000000000036,0.0087004025027063239
2005,5,2005.33333333378,0.5025298009139012,0.20313333333333361,0.0076526913175593379
2005,4,2005.25000000045,0.52707118219153148,0.20310000000000036,0.0080317435950982719
2005,3,2005.1666666671199,0.50935139852151445,0.15743333333333354,0.0077578788987479989
2005,2,2005.0833333337901,0.49333065766256734,0.11680000000000017,0.0075182459711160389
2005,1,2005.00000000046,0.55510650405512729,0.076200000000000045,0.0084601162278664932
2004,12,2004.9166666671299,0.61911787906430094,0.071100000000000094,0.0094357742435029549
2004,11,2004.8333333338001,0.66321330808737122,0.091400000000000148,0.010097524004764987
2004,10,2004.75000000047,0.67098952662954603,0.10663333333333351,0.010221411007464518
2004,9,2004.6666666671399,0.6878785808730068,0.12693333333333237,0.010481572414690846
2004,8,2004.5833333338101,0.64901048236058179,0.12186666666666568,0.0098811364164585261
2004,7,2004.50000000048,0.5955226024407223,0.12186666666666568,0.0090745182450258609
2004,6,2004.4166666671499,0.54310642426806754,0.12696666666666681,0.008275689576429662
2004,5,2004.3333333338201,0.52310778461934548,0.12696666666666681,0.0079686541874084034
2004,4,2004.25000000049,0.60844036322766526,0.12696666666666681,0.0092713503606360291
2004,3,2004.1666666671599,0.65501221829322531,0.0965000000000001,0.0099806780790234143
2004,2,2004.0833333338301,0.64627429037006578,0.071100000000000094,0.0098450324531342802
2004,1,2004.0000000005,0.66428471616765461,0.045700000000000074,0.010119562605440309
2003,12,2003.9166666671699,0.70029320088190505,0.045700000000000074,0.010668381179177176
2003,11,2003.8333333338401,0.75183706301236242,0.071066666666666833,0.011453461255217999
2003,10,2003.75000000051,0.72116106775774957,0.091400000000000148,0.010979623159036288
2003,9,2003.6666666671799,0.66911788058441346,0.1117000000000002,0.010199268872899866
2003,8,2003.5833333338501,0.65191446365874761,0.11173333333333346,0.0099276791069926405
2003,7,2003.50000000052,0.68822198580948557,0.1117000000000002,0.01048666438872569
2003,6,2003.4166666671899,0.65900182692180509,0.11680000000000017,0.010035854200930033
2003,5,2003.3333333338601,0.58733743049670062,0.11173333333333346,0.0089496837637070645
2003,4,2003.25000000053,0.57597896088362077,0.11173333333333346,0.0087794246519480243
2003,3,2003.1666666671999,0.52269104983678072,0.12186666666666686,0.0079597056800137008
2003,2,2003.0833333338701,0.54213083913397497,0.13710000000000022,0.0082563968590029287
2003,1,2003.00000000054,0.65953150021305029,0.15743333333333354,0.01005114114311188
2002,12,2002.9166666672099,0.70041761681181858,0.15743333333333354,0.01067201710629734
2002,11,2002.8333333338801,0.76204786984144524,0.14216666666666575,0.011606079184956078
2002,10,2002.75000000055,0.76080008654480935,0.11676666666666573,0.011586089250118007
2002,9,2002.6666666672199,0.6965003525691591,0.09646666666666566,0.010610226461390017
2002,8,2002.5833333338901,0.67009842846783652,0.0965000000000001,0.01020796052364969
2002,7,2002.50000000056,0.66661210543932281,0.0965000000000001,0.010161029923713682
2002,6,2002.4166666672299,0.68885267815162876,0.1015666666666668,0.010493585221401279
2002,5,2002.3333333339001,0.63813472473098687,0.096466666666666853,0.0097179511265037422
2002,4,2002.25000000057,0.64169318034440281,0.096466666666666853,0.0097750434150010307
2002,3,2002.16666666724,0.58463447390543066,0.086333333333333442,0.0089064129322647591
2002,2,2002.0833333339101,0.59052748523154286,0.081266666666666751,0.0089987260963632874
2002,1,2002.00000000058,0.73877857536944203,0.076200000000000045,0.011258476941236332
2001,12,2001.91666666725,0.80568860865810288,0.076166666666666785,0.012278742403634432
2001,11,2001.8333333339201,0.81955138806937811,0.12186666666666686,0.012473559650976792
2001,10,2001.75000000059,0.79849400518587499,0.16250000000000023,0.012165693581225349
2001,9,2001.66666666726,0.74756182911921631,0.2082000000000003,0.011391731252730327
2001,8,2001.5833333339301,0.74145759986413862,0.20313333333333361,0.011291343550637519
2001,7,2001.5000000006,0.68829397029822248,0.2082000000000003,0.010488494967470218
2001,6,2001.41666666727,0.63758543581420635,0.20313333333333361,0.00971403403146558
2001,5,2001.3333333339399,0.57315530753405031,0.20313333333333242,0.0087294840639028128
2001,4,2001.25000000061,0.62211992032078622,0.20309999999999917,0.0094801000530194898
2001,3,2001.16666666728,0.61264121302247865,0.15743333333333234,0.0093295593007516782
2001,2,2001.0833333339499,0.58811096069430846,0.1117000000000002,0.0089687146757307483
2001,1,2001.00000000062,0.61001159894523194,0.06096666666666669,0.009287506031441543
2000,12,2000.91666666729,0.64339023831827113,0.06093333333333343,0.0098118245442280257
2000,11,2000.8333333339599,0.65607252323664444,0.091400000000000148,0.0099887150517614653
2000,10,2000.7500000006301,0.64790394714888377,0.12186666666666686,0.0098676206631233502
2000,9,2000.6666666673,0.6555045521670555,0.15233333333333357,0.0099899178913760069
2000,8,2000.5833333339699,0.5959212938690428,0.15743333333333354,0.009075721909370997
2000,7,2000.5000000006401,0.46697481744344993,0.15740000000000029,0.0071151271360432458
2000,6,2000.41666666731,0.568331697112894,0.15743333333333354,0.0086556449104835571
2000,5,2000.3333333339799,0.63484175060301395,0.15233333333333357,0.0096749809329409152
2000,4,2000.2500000006501,0.6639934647927237,0.15236666666666684,0.010112575736836004
2000,3,2000.16666666732,0.69553682384605875,0.13710000000000022,0.010599883891950275
2000,2,2000.0833333339899,0.70736648449602435,0.12696666666666681,0.010772262865219555
2000,1,2000.0000000006601,0.79081931576372066,0.11680000000000017,0.012050334973208569
1999,12,1999.91666666732,0.81474709746476448,0.12186666666666686,0.012414640368687151
1999,11,1999.8333333339899,0.80214441950486659,0.13709999999999903,0.012212551316821686
1999,10,1999.7500000006601,0.78276505385049233,0.1523333333333324,0.011926655217940218
1999,9,1999.66666666733,0.79448880341809058,0.16249999999999906,0.012105138755729323
1999,8,1999.5833333339999,0.78040352836201055,0.16250000000000023,0.011885941506663195
1999,7,1999.5000000006701,0.63167436010206168,0.16250000000000023,0.0096244612756079158
1999,6,1999.41666666734,0.68589240538642293,0.16760000000000019,0.010450551739752985
1999,5,1999.3333333340099,0.64943785476507232,0.16250000000000023,0.0098949939972145847
1999,4,1999.2500000006801,0.64887997867355085,0.16250000000000023,0.0098824911082440268
1999,3,1999.16666666735,0.58582314845157635,0.13203333333333353,0.0089257176239302093
1999,2,1999.0833333340199,0.5534215250651553,0.10663333333333351,0.0084342545003359918
1999,1,1999.0000000006901,0.61107305132509682,0.076166666666666785,0.0093004790225250256
1998,12,1998.91666666736,0.72083805799703138,0.076153333333332782,0.010985178109693884
1998,11,1998.8333333340299,0.78869908478138606,0.10155333333332923,0.01201340403047698
1998,10,1998.7500000007001,0.75244012331214982,0.12184333333332613,0.011459663078043265
1998,9,1998.66666666737,0.64291082072583983,0.14722333333332335,0.009791531799653877
1998,8,1998.5833333340399,0.62010727534749033,0.14214666666665701,0.0094442338035416358
1998,7,1998.5000000007101,0.69868550573616084,0.14722333333332335,0.010640980252361008
1998,6,1998.41666666738,0.65861753994501337,0.14214666666665701,0.010030745133361873
1998,5,1998.3333333340499,0.64126333848661776,0.14722333333332335,0.0097664406451505245
1998,4,1998.2500000007201,0.63818020530287323,0.14214666666665701,0.0097194845267621014
1998,3,1998.16666666739,0.5891937690351623,0.11676333333332541,0.0089734211024049132
1998,2,1998.0833333340599,0.56484251048469158,0.086303333333327473,0.0086025514346812684
1998,1,1998.0000000007301,0.63777086479887335,0.060919999999995866,0.0097132502708861812
1997,12,1997.9166666674,0.76136881190611683,0.055843333333329546,0.011595647005329373
1997,11,1997.8333333340699,0.85959298641352555,0.065996666666662193,0.013091601183077103
1997,10,1997.7500000007401,0.82833527332714441,0.071073333333328506,0.012615546212771554
1997,9,1997.66666666741,0.72452186051434431,0.08122666666666116,0.011034467935632715
1997,8,1997.58333333408,0.67739927585694215,0.076149999999994833,0.010316790971300529
1997,7,1997.5000000007501,0.65131714502613536,0.08122666666666116,0.0099195601187473687
1997,6,1997.41666666742,0.64828349556474929,0.08122666666666116,0.0098733576374504615
1997,5,1997.33333333409,0.61147557154799137,0.08122666666666116,0.0093127729546752733
1997,4,1997.2500000007601,0.58118285257133573,0.076149999999994833,0.0088514148446608432
1997,3,1997.16666666743,0.53895180309179302,0.0913799999999938,0.0082082359610874504
1997,2,1997.0833333341,0.53708707978708659,0.11168666666665909,0.0081798362251567745
1997,1,1997.0000000007699,0.61225110923086645,0.13199333333332439,0.0093245843935854632
1996,12,1996.91666666744,0.71106056066212453,0.13199333333332439,0.010829452338883423
1996,11,1996.83333333411,0.78725661132936131,0.13199333333332439,0.011989918190545359
1996,10,1996.7500000007799,0.78471354464917398,0.12691666666665805,0.011951187285006109
1996,9,1996.66666666745,0.73471266637840182,0.12691666666665805,0.011189673908942301
1996,8,1996.58333333412,0.73451606255867063,0.12691666666665805,0.011186679632767796
1996,7,1996.5000000007899,0.59025895843088905,0.12691666666665805,0.0089896439369018324
1996,6,1996.41666666746,0.54528317500417034,0.12691666666665805,0.0083046627553129519
1996,5,1996.33333333413,0.53840366941583462,0.12691666666665805,0.0081998878852026034
1996,4,1996.2500000007999,0.50250865245252618,0.12691666666665805,0.0076532067768514556
1996,3,1996.1666666674701,0.44230956009010819,0.11168666666665909,0.0067363746001718903
1996,2,1996.08333333414,0.42669006148102862,0.0913799999999938,0.0064984896363556241
1996,1,1996.0000000008099,0.52738163466078947,0.076149999999994833,0.0080320222958832795
1995,12,1995.9166666674801,0.76009141802383606,0.071073333333328506,0.011576192296502238
1995,11,1995.83333333415,0.92154836477059721,0.08122666666666116,0.014035181595455243
1995,10,1995.7500000008199,0.91486253190332556,0.0913799999999938,0.013933356360886703
1995,9,1995.6666666674901,0.91399760285739984,0.10660999999999277,0.013920183491517255
1995,8,1995.58333333416,0.82041221238184259,0.10153333333332644,0.012494877994574617
1995,7,1995.5000000008299,0.80696917500009613,0.10153333333332644,0.012290140535250632
1995,6,1995.4166666675001,0.72807346676357554,0.10153333333332644,0.011088558898808502
1995,5,1995.33333333417,0.68365735760916557,0.10153333333332644,0.010412101556386884
1995,4,1995.2500000008399,0.69985965758848423,0.10153333333332644,0.010658862585071892
1995,3,1995.1666666675101,0.68508712884091849,0.086303333333327473,0.010433876972246481
1995,2,1995.08333333418,0.67208598198477665,0.076149999999994833,0.010235869505627455
1995,1,1995.0000000008499,0.73002996324857117,0.060919999999995866,0.011118356340274983
1994,12,1994.9166666675201,0.78978398783656789,0.060919999999995866,0.012028410134750114
1994,11,1994.83333333419,0.86237719250245704,0.086303333333327473,0.013134004641811529
1994,10,1994.7500000008599,0.83945502488751378,0.1066099999999975,0.01278490002903597
1994,9,1994.6666666675301,0.7712935936890768,0.12691666666667226,0.011746801431885187
1994,8,1994.5833333342,0.81259779987258884,0.12184000000001542,0.012375864492061574
1994,7,1994.5000000008699,0.85852239984112955,0.12184000000002015,0.013075296149582569
1994,6,1994.4166666675401,0.84351349199638204,0.12691666666668766,0.012846710483107024
1994,5,1994.33333333421,0.78040889729979268,0.12691666666668766,0.011885627505877808
1994,4,1994.2500000008799,0.70515532009687432,0.12691666666668766,0.010739515525077173
1994,3,1994.1666666675501,0.59665870315447767,0.11168666666668514,0.0090871120490441989
1994,2,1994.08333333422,0.55516391426773415,0.10661000000001764,0.0084551464142989894
1994,1,1994.0000000008899,0.61003205792156012,0.10153333333335013,0.0092907882421468958
1993,12,1993.9166666675601,0.68589178109222215,0.10153333333335013,0.010446131826036273
1993,11,1993.83333333423,0.83645088873651119,0.10661000000001764,0.012739147035459171
1993,10,1993.7500000008999,0.85564694438780997,0.11168666666668514,0.013031502963028503
1993,9,1993.6666666675701,0.79971482243515912,0.12184000000002015,0.01217965674568949
1993,8,1993.58333333424,0.81347269161713376,0.12184000000002015,0.012389189093330998
1993,7,1993.5000000009099,0.79262677478064159,0.12184000000002015,0.012071705779911167
1993,6,1993.4166666675801,0.70145223062938089,0.12184000000002015,0.010683117472487237
1993,5,1993.33333333425,0.6467425944252635,0.11676333333335265,0.0098498897130983934
1993,4,1993.25000000092,0.62229641936856439,0.11676333333335265,0.009477574466984804
1993,3,1993.1666666675901,0.53476667711957615,0.11676333333335265,0.0081444964925324916
1993,2,1993.08333333426,0.50470594498433741,0.12184000000002015,0.0076866715421127305
1993,1,1993.00000000093,0.57822224253855914,0.12184000000002015,0.0088063247538637136
1992,12,1992.9166666676001,0.62442726365832801,0.12184000000002015,0.0095100272255179089
1992,11,1992.83333333427,0.7995180254713824,0.12184000000002015,0.012176659527931167
1992,10,1992.75000000094,0.83876686287174862,0.12184000000002015,0.012774419321538846
1992,9,1992.6666666676099,0.65322479278625867,0.12184000000002015,0.0099486135941363636
1992,8,1992.58333333428,0.68071070368161901,0.12184000000002015,0.01036722401707277
1992,7,1992.50000000095,0.75789943951556626,0.11676333333335265,0.011542808463823983
1992,6,1992.4166666676199,0.81337022309188822,0.11676333333335265,0.012387628497691509
1992,5,1992.33333333429,0.76233655392170852,0.11676333333335265,0.011610385716229542
1992,4,1992.25000000096,0.77550016571317748,0.12184000000002015,0.01181086752381365
1992,3,1992.1666666676299,0.74118561593179555,0.10153333333335013,0.011288256930643115
1992,2,1992.0833333343001,0.72534723838874837,0.076150000000012597,0.011047038440662463
1992,1,1992.00000000097,0.76498658360980609,0.055843333333342571,0.011650745668379273
1991,12,1991.9166666676399,0.79931408015081828,0.050766666666675064,0.012173553440698974
1991,11,1991.8333333343101,0.87662530006977679,0.076150000000012597,0.013351003320064911
1991,10,1991.75000000098,0.83838842897869936,0.096456666666682622,0.012768655773347706
1991,9,1991.6666666676499,0.74460672126044414,0.12184000000002015,0.011340360364798442
1991,8,1991.5833333343201,0.67929405123841935,0.12184000000002015,0.010345648400362837
1991,7,1991.50000000099,0.7533914591655827,0.12184000000002015,0.011474151923093721
1991,6,1991.4166666676599,0.7719625688004631,0.12184000000002015,0.011756989922832998
1991,5,1991.3333333343301,0.8176897100332331,0.11676333333335265,0.0124534142838082
1991,4,1991.250000001,0.85774296298838393,0.11676333333335265,0.013063425326315246
1991,3,1991.1666666676699,0.78177398394671915,0.096456666666682622,0.011906417775510502
1991,2,1991.0833333343401,0.73369905333608476,0.081226666666680103,0.011174236582310419
1991,1,1991.00000000101,0.74719761737363832,0.060920000000010077,0.011379819712602395
1990,12,1990.9166666676799,0.76816610485156733,0.060920000000010077,0.011699169776891304
1990,11,1990.8333333343501,0.84610947337995335,0.081226666666680103,0.01288624727957882
1990,10,1990.75000000102,0.8208116592321677,0.096456666666682622,0.012500961570107983
1990,9,1990.6666666676899,0.80610826213986775,0.11676333333335265,0.012277028832392215
1990,8,1990.5833333343601,0.90058174158019888,0.11676333333335265,0.013715859924268695
1990,7,1990.50000000103,0.76621378241014071,0.11676333333335265,0.011669435906108369
1990,6,1990.4166666676999,0.63681685041382796,0.11676333333335265,0.0096987206318042037
1990,5,1990.3333333343701,0.6231731106831182,0.11676333333335265,0.0094909264757054596
1990,4,1990.25000000104,0.71117601612765202,0.11676333333335265,0.010831210725625933
1990,3,1990.1666666677099,0.73649242206954268,0.091380000000015116,0.011216779588120993
1990,2,1990.0833333343801,0.71535768265743549,0.065996666666677584,0.010894897506874545
1990,1,1990.00000000105,0.72343313457018421,0.045690000000007558,0.011017886639505729
1989,12,1989.9166666677199,0.7647556095748721,0.040613333333340051,0.011647227933827229
1989,11,1989.8333333343901,0.80514510005360185,0.050766666666675064,0.012262359873818384
1989,10,1989.75000000106,0.79742391261851642,0.055843333333342571,0.012144766189182013
1989,9,1989.6666666677299,0.72453583346633454,0.065996666666677584,0.011034680743694099
1989,8,1989.5833333344001,0.6347142950199387,0.060920000000010077,0.0096666987131552654
1989,7,1989.50000000107,0.55525468408495016,0.060920000000010077,0.0084565288386151873
1989,6,1989.4166666677399,0.55819524557929168,0.060920000000010077,0.008501313590174019
1989,5,1989.3333333344101,0.56382806074861458,0.060920000000010077,0.0085871013652028191
1989,4,1989.25000000108,0.5327158894489501,0.060920000000010077,0.0081132629963088509
1989,3,1989.16666666775,0.47628281558479796,0.10153333333335013,0.0072537872813576718
1989,2,1989.0833333344201,0.47729166888242541,0.14722333333335769,0.0072691521170805415
1989,1,1989.00000000109,0.56152353361966445,0.19291333333336524,0.0085520034170289035
1988,12,1988.91666666776,0.67651491013354736,0.19799000000003275,0.010303322081335629
1988,11,1988.8333333344301,0.85936978417567478,0.18276000000003023,0.013088201812997692
1988,10,1988.7500000011,0.92559138855514878,0.16245333333336021,0.014096756847697251
1988,9,1988.66666666776,0.77920679151996652,0.14214666666669018,0.011867319434851054
1988,8,1988.5833333344301,0.73863689543887479,0.13707000000002267,0.011249439917535919
1988,7,1988.5000000011,0.74913332267774146,0.13707000000002267,0.011409300504383891
1988,6,1988.41666666777,0.76404364107716483,0.14214666666669018,0.011636384653607144
1988,5,1988.3333333344401,0.68686638827515478,0.14214666666669018,0.010460975093432339
1988,4,1988.25000000111,0.85465670015530459,0.14214666666669018,0.013016421543367442
1988,3,1988.16666666778,0.82703458918642159,0.10661000000001764,0.012595736793311284
1988,2,1988.0833333344499,0.78778718408234705,0.07107333333334509,0.011997998813576131
1988,1,1988.00000000112,0.8206721186268916,0.040613333333340051,0.012498836366689626
1987,12,1987.91666666779,0.87208272681069798,0.035536666666672545,0.013281819929329128
1987,11,1987.8333333344599,0.91467998644606352,0.045690000000007558,0.013930576193575852
1987,10,1987.75000000113,0.90816077204241208,0.045690000000007558,0.013831288558208223
1987,9,1987.6666666678,0.86543797226792785,0.055843333333342571,0.013180620317642722
1987,8,1987.5833333344699,0.88520445244381585,0.050766666666675064,0.013481663810721547
1987,7,1987.5000000011401,0.91828804017580457,0.055843333333342571,0.013985526851879815
1987,6,1987.41666666781,0.86083309522285723,0.050766666666675064,0.013110488040246282
1987,5,1987.3333333344799,0.75474097089789882,0.055843333333342571,0.011494704986776899
1987,4,1987.2500000011501,0.67673954075668463,0.050766666666675064,0.010306743205726013
1987,3,1987.16666666782,0.63371114427486541,0.065996666666677584,0.0096514207273077964
1987,2,1987.0833333344899,0.62559912085372182,0.081226666666680103,0.0095278746106037589
1987,1,1987.0000000011601,0.63739578644762163,0.10153333333335013,0.009707537827598884
1986,12,1986.91666666783,0.6879778088067291,0.10153333333335013,0.010477902028128218
1986,11,1986.8333333344999,0.7741909131897553,0.12691666666668766,0.011790927607881923
1986,10,1986.7500000011701,0.78756351708004935,0.15230000000002519,0.011994592365131137
1986,9,1986.66666666784,0.70766232874907109,0.18783666666669774,0.010777697266850135
1986,8,1986.5833333345099,0.72621322341647443,0.18783666666669774,0.011060227392634734
1986,7,1986.5000000011801,0.72267666319064305,0.18783666666669774,0.011006365580395314
1986,6,1986.41666666785,0.6458805062648213,0.18276000000003023,0.009836760110414856
1986,5,1986.3333333345199,0.63993401144282647,0.18276000000003023,0.0097461949942758575
1986,4,1986.2500000011901,0.81690794384790866,0.18276000000003023,0.012441507984805705
1986,3,1986.16666666786,0.90166526097482436,0.15230000000002519,0.013732361924648844
1986,2,1986.0833333345299,0.83186066455798302,0.12184000000002015,0.012669237921220175
1986,1,1986.0000000012001,0.89903478987613339,0.091380000000015116,0.013692299849815777
1985,12,1985.91666666787,0.95185003066509644,0.091380000000015116,0.014496675967031816
1985,11,1985.8333333345399,1.0670878738443121,0.10153333333335013,0.016251748318651563
1985,10,1985.7500000012101,1.0699512434289256,0.11168666666668514,0.016295357437425231
1985,9,1985.66666666788,0.91647974065651971,0.12184000000002015,0.013957986450201102
1985,8,1985.5833333345499,0.87761717944036732,0.12184000000002015,0.013366109642879008
1985,7,1985.5000000012201,0.92490551948621835,0.12184000000002015,0.014086311061777435
1985,6,1985.41666666789,0.89309985558523364,0.12184000000002015,0.013601910800565357
1985,5,1985.3333333345599,0.85667351028395011,0.12184000000002015,0.013047137561626718
1985,4,1985.2500000012301,0.89932469413694038,0.12184000000002015,0.01369671509170787
1985,3,1985.1666666679,0.8330323232304,0.10153333333335013,0.012687082282801089
1985,2,1985.0833333345699,0.79280130845518326,0.081226666666680103,0.012074363927774438
1985,1,1985.0000000012401,0.8182806385582384,0.060920000000010077,0.012462414125244034
1984,12,1984.91666666791,0.8528755359579594,0.055843333333342571,0.012989294412641869
1984,11,1984.8333333345799,0.88282312178044109,0.076150000000012597,0.013445396144718342
1984,10,1984.7500000012501,0.88230561663539497,0.091380000000015116,0.013437514541359288
1984,9,1984.66666666792,0.85684406315582717,0.11168666666668514,0.01304973508186541
1984,8,1984.58333333459,0.78552050084095038,0.11168666666668514,0.011963477227809651
1984,7,1984.5000000012601,0.73018525835191694,0.11168666666668514,0.011120721484701532
1984,6,1984.41666666793,0.72060249996455217,0.11168666666668514,0.010974776074461944
1984,5,1984.3333333346,0.76172644435161796,0.11168666666668514,0.011601093747477061
1984,4,1984.2500000012701,0.8203313345651464,0.11168666666668514,0.012493646225429244
1984,3,1984.16666666794,0.81305911525458274,0.091380000000015116,0.012382890325329342
1984,2,1984.08333333461,0.79844283988254239,0.065996666666677584,0.012160284451413131
1984,1,1984.0000000012799,0.8553399761203252,0.045690000000007558,0.013026827836314708
1983,12,1983.91666666795,0.93618585602841453,0.040613333333340051,0.014258110587315112
1983,11,1983.83333333462,0.97082765292619344,0.055843333333342571,0.014785705154068372
1983,10,1983.7500000012899,0.96236519854430425,0.065996666666677584,0.014656821973832175
1983,9,1983.66666666796,0.93218947915404049,0.086303333333347609,0.014197245767518388
1983,8,1983.58333333463,0.88700204612051381,0.081226666666680103,0.013509041162417657
1983,7,1983.5000000012999,0.84913718464164989,0.086303333333347609,0.012932359322094467
1983,6,1983.41666666797,0.76328788661714553,0.081226666666680103,0.011624874513181052
1983,5,1983.33333333464,0.70107438807860101,0.086303333333347609,0.010677362930438861
1983,4,1983.2500000013099,0.67384911336677689,0.081226666666680103,0.010262721996577706
1983,3,1983.1666666679801,0.6719233329103782,0.081226666666680103,0.010233392360226754
1983,2,1983.08333333465,0.67329039728960738,0.081226666666680103,0.010254212750722413
1983,1,1983.0000000013199,0.71169009854542287,0.086303333333347609,0.010839040200848582
1982,12,1982.9166666679901,0.77366522435638319,0.086303333333347609,0.011782921366949665
1982,11,1982.83333333466,0.863846304725856,0.081226666666680103,0.013156379220976963
1982,10,1982.7500000013299,0.85546020129817057,0.07107333333334509,0.01302865886577329
1982,9,1982.6666666680001,0.74543861498845243,0.07107333333334509,0.011353030106276009
1982,8,1982.58333333467,0.72039331836444731,0.065996666666677584,0.010971590238692347
1982,7,1982.5000000013399,0.71387649985593715,0.07107333333334509,0.01087233909280772
1982,6,1982.4166666680101,0.81559043632850536,0.065996666666677584,0.012421442345285192
1982,5,1982.33333333468,0.8947595158957532,0.07107333333334509,0.013627187427094574
1982,4,1982.2500000013499,0.89639616754634588,0.065996666666677584,0.013652113631733107
1982,3,1982.1666666680201,0.82896785028088238,0.065996666666677584,0.012625180359779928
1982,2,1982.08333333469,0.81388254799199233,0.060920000000010077,0.012395431205920094
1982,1,1982.0000000013599,0.84421549066935775,0.060920000000010077,0.012857401922896446
2015,12,2015.9166666666665,0.60403842305872346,0.12304999999999977,0.072432353170263683
2015,11,2015.8333333333333,0.6295481304247752,0.1231000000000001,0.07446689616386358
2015,10,2015.7499999999998,0.65419837743700349,0.06150000000000011,0.040233200212375787
2015,9,2015.6666666666665,0.72263661871325169,0.061499999999999888,0.044442152050864901
2015,8,2015.5833333333333,0.63869189927525039,0.061549999999999772,0.039315139802503105
2015,7,2015.4999999999998,0.70084376922350811,0.06150000000000011,0.043101891807245829
2015,6,2015.4166666666665,0.6185991881567845,0.061550000000000216,0.038071195280105122
2015,5,2015.3333333333333,0.68246175834180167,0.061599999999999877,0.042039644313854901
2015,4,2015.2499999999998,0.60191816946197418,0.061499999999999888,0.037017967421911366
2015,3,2015.1666666666665,0.66793107946196206,0.06150000000000011,0.041077761386910744
2015,2,2015.083333333333,0.58999037195866566,0.12310000000000021,0.072627814788111839
2015,1,2014.9999999999998,0.6111796996580956,0.12299999999999978,0.075175103057945614
2014,12,2014.9166666666665,0.6432382520575024,0.12309999999999999,0.079182628828278534
2014,11,2014.8333333333333,0.70779154991314952,0.12310000000000021,0.087129139794308863
2014,10,2014.75,0.75740441171695361,0.15379999999999971,0.11978832099329235
2014,9,2014.6666666666665,0.73117413980604096,0.15385000000000004,0.1155671928322574
2014,8,2014.5833333333333,0.70172341673346739,0.092249999999999943,0.067399137373155643
2014,7,2014.5,0.66947594100449703,0.15385000000000026,0.10550885936023002
2014,6,2014.4166666666665,0.63625989306017594,0.15379999999999971,0.10045770201193199
2014,5,2014.3333333333333,0.61111666643674867,0.092349999999999932,0.058984175754410895
2014,4,2014.25,0.58146849725711602,0.15380000000000016,0.091709606838056318
2014,3,2014.1666666666665,0.54313954941034537,0.092300000000000049,0.051842002174083412
2014,2,2014.0833333333333,0.53725588312845185,0.1846000000000001,0.096057067331848184
2014,1,2014,0.569306624569617,0.18454999999999977,0.10355022506279532
2013,12,2013.91666666678,0.58001090357365004,0.18460000000000054,0.10556174944658583
2013,11,2013.8333333334499,0.58983524633759299,0.1230500000000001,0.071059910033391793
2013,10,2013.7500000001201,0.60746089223699529,0.12309999999999954,0.074778435834373838
2013,9,2013.66666666679,0.58142587998785156,0.092300000000000271,0.05281507419096132
2013,8,2013.5833333334599,0.56034760364344804,0.12304999999999966,0.068952678046776322
2013,7,2013.5000000001301,0.57108245849502315,0.092300000000000271,0.051628315447237449
2013,6,2013.4166666668,0.58691607445925564,0.12304999999999966,0.072222226679985013
2013,5,2013.3333333334699,0.5848350204817313,0.092299999999999827,0.051768582536934754
2013,4,2013.2500000001401,0.56184092662978435,0.12310000000000043,0.069162618068126722
2013,3,2013.16666666681,0.54245452890095913,0.092249999999999499,0.047879961915113116
2013,2,2013.0833333334799,0.52968543267818258,0.061549999999999994,0.032598797481415698
2013,1,2013.0000000001501,0.53503621004608215,0.061550000000000438,0.032934959793188952
2012,12,2012.91666666682,0.54485200283314927,0.06150000000000011,0.033508398174238709
2012,11,2012.8333333334899,0.55497352960994206,0.061549999999999994,0.034154655960047617
2012,10,2012.7500000001601,0.5509018327059414,0.12304999999999966,0.072108161911269536
2012,9,2012.66666666683,0.5404937366402125,0.12309999999999999,0.066534778980410145
2012,8,2012.5833333334999,0.5017755295200701,0.1230500000000001,0.063137599239381989
2012,7,2012.5000000001701,0.5254139022378197,0.12309999999999999,0.064678451365475592
2012,6,2012.41666666684,0.48088490773663817,0.12304999999999966,0.059522414532880027
2012,5,2012.3333333335099,0.51260369769654734,0.12309999999999999,0.063101515186444967
2012,4,2012.2500000001801,0.53595570785798685,0.12305000000000055,0.069928863422314358
2012,3,2012.16666666685,0.59705188899747064,0.12309999999999999,0.073497087535588632
2012,2,2012.0833333335199,0.53221647099208469,0.12299999999999978,0.065462625932026314
2012,1,2012.0000000001901,0.57680401287303451,0.092350000000000154,0.055331883956649286
2011,12,2011.91666666686,0.61925461831017647,0.092299999999999827,0.059725201600342059
2011,11,2011.8333333335299,0.64835242471623911,0.092249999999999499,0.062432134724543356
2011,10,2011.7500000002001,0.65817926777927527,0.092300000000000715,0.057755469142430543
2011,9,2011.66666666687,0.54738831200933491,0.12309999999999999,0.067383501208349114
2011,8,2011.5833333335399,0.6342039309030475,0.092300000000000271,0.055470088767292029
2011,7,2011.5000000002101,0.52153158826888557,0.1230999999999991,0.064200538515899339
2011,6,2011.41666666688,0.61828402296808649,0.092300000000000271,0.054506077893929569
2011,5,2011.3333333335499,0.56555487682505534,0.12299999999999933,0.069563249849481423
2011,4,2011.2500000002201,0.60328094349606576,0.092300000000000715,0.053614198324581051
2011,3,2011.16666666689,0.48997324802928133,0.061499999999999666,0.030133354753800638
2011,2,2011.0833333335499,0.56788709305140328,0.12309999999999999,0.069906901154627665
2011,1,2011.0000000002201,0.64466166236573452,0.061499999999999222,0.039646692235492206
2010,12,2010.91666666689,0.71129829793242627,0.061549999999999994,0.04378456257356169
2010,11,2010.8333333335599,0.78487607019196171,0.061550000000000438,0.048305215293715287
2010,10,2010.7500000002301,0.80071257367612592,0.092249999999999943,0.071587245146117418
2010,9,2010.6666666669,0.79384581963914447,0.061600000000000321,0.048900902489771553
2010,8,2010.58333333357,0.78898575560514272,0.092249999999999055,0.070804934502067707
2010,7,2010.5000000002401,0.78953388382767131,0.061500000000000554,0.048556333855402221
2010,6,2010.41666666691,0.77739172842390847,0.092299999999999827,0.070882301541942902
2010,5,2010.33333333358,0.75212869311036101,0.061550000000000438,0.046293936595133547
2010,4,2010.2500000002501,0.7184706697344605,0.092299999999998938,0.066340304920793847
2010,3,2010.16666666692,0.69549880540477127,0.061500000000002331,0.042773176532395055
2010,2,2010.08333333359,0.68523960763630598,0.09234999999999971,0.063065045187106761
2010,1,2010.0000000002599,0.7005228992982655,0.092250000000000831,0.064817865343072642
2009,12,2009.91666666693,0.72435140665347086,0.092299999999998938,0.067727712433251264
2009,11,2009.8333333336,0.83311443961762399,0.1230999999999991,0.10255638751692876
2009,10,2009.7500000002699,0.79963797033639639,0.061550000000000438,0.049212630893407147
2009,9,2009.66666666694,0.67218976816180953,0.061500000000000554,0.041339670741951662
2009,8,2009.58333333361,0.73609898681163943,0.061500000000000554,0.04527008768891623
2009,7,2009.5000000002799,0.60387196304845114,0.061599999999998545,0.037198512923783712
2009,6,2009.4166666669501,0.65298049105579592,0.06154999999999955,0.040194984222950474
2009,5,2009.33333333362,0.55214268144520051,0.061500000000000554,0.03395677490888014
2009,4,2009.2500000002899,0.59061776251406028,0.061499999999999666,0.036322992394614562
2009,3,2009.1666666669601,0.52167286381630407,0.061600000000000321,0.032135048411084499
2009,2,2009.08333333363,0.54660650817936052,0.18460000000000054,0.10090356140991021
2009,1,2009.0000000002999,0.61802231536303442,0.21534999999999993,0.13501742770276212
2008,12,2008.9166666669701,0.69829421569309669,0.18459999999999965,0.12890511221694539
2008,11,2008.83333333364,0.80172403275486004,0.18460000000000054,0.14799825644654763
2008,10,2008.7500000003099,0.83217864054622037,0.092299999999999827,0.078665175524522735
2008,9,2008.6666666669801,0.78480971389205745,0.092250000000000831,0.074562622483516916
2008,8,2008.58333333365,0.77923901414524999,0.1230999999999991,0.095924322641279577
2008,7,2008.5000000003199,0.66045313560755825,0.092249999999999055,0.061678357631138575
2008,6,2008.4166666669901,0.609239787313272,0.092350000000000598,0.057584371580962398
2008,5,2008.33333333366,0.65764066925269793,0.12310000000000088,0.080955566385007685
2008,4,2008.2500000003299,0.57838294835080895,0.061499999999999666,0.035570551323574492
2008,3,2008.1666666670001,0.63617467689359553,0.12310000000000088,0.078313102725602171
2008,2,2008.08333333367,0.55769930352378161,0.15379999999999949,0.083721889765171975
2008,1,2008.0000000003399,0.57841920155752091,0.15385000000000026,0.086572036726508872
2007,12,2007.9166666670101,0.60996475831804942,0.15379999999999949,0.090819584738324896
2007,11,2007.83333333368,0.70309186797385848,0.12310000000000088,0.086550608947582597
2007,10,2007.7500000003499,0.78451437570358662,0.061499999999999666,0.04824763410577021
2007,9,2007.6666666670201,0.77833578111490032,0.06154999999999955,0.04791243308702503
2007,8,2007.58333333369,0.73928552896874256,0.061499999999999666,0.045466060031577327
2007,7,2007.5000000003599,0.70230404093363175,0.06154999999999955,0.043222027640848343
2007,6,2007.4166666670301,0.66717943111601419,0.061550000000001326,0.041069201630964974
2007,5,2007.3333333337,0.64518050323003795,0.061499999999999666,0.03967860094864719
2007,4,2007.2500000003699,0.63030146848033897,0.061550000000000438,0.038790610414856028
2007,3,2007.1666666670401,0.61571401248044011,0.06154999999999955,0.037901820296436316
2007,2,2007.08333333371,0.61312440362902709,0.18459999999999965,0.11318276490991803
2007,1,2007.0000000003799,0.66525113520431578,0.15380000000000038,0.10047999421032421
2006,12,2006.9166666670501,0.68974471975096696,0.15384999999999938,0.10394385555370567
2006,11,2006.83333333372,0.74364759059839036,0.15380000000000038,0.11234838274587847
2006,10,2006.7500000003899,0.791623515772793,0.092300000000000715,0.074034110900748518
2006,9,2006.6666666670601,0.78032120080075873,0.092299999999999827,0.072854903543727145
2006,8,2006.58333333373,0.73444630338776407,0.12299999999999933,0.09033689531669449
2006,7,2006.5000000004,0.67294669410730923,0.09234999999999971,0.060778553496680356
2006,6,2006.4166666670701,0.64860936715702422,0.092300000000001603,0.058805756748019467
2006,5,2006.33333333374,0.66802837572496165,0.12299999999999756,0.082167490214168651
2006,4,2006.25000000041,0.65636143348073106,0.092299999999999827,0.0607509082661754
2006,3,2006.1666666670801,0.62085427574212038,0.061500000000000554,0.03818253795814075
2006,2,2006.08333333375,0.62727054717914865,0.15384999999999938,0.097371521514957898
2006,1,2006.00000000042,0.66622576306431913,0.15379999999999949,0.1028819326929262
2005,12,2005.9166666670901,0.70636789654955989,0.15385000000000115,0.10825795567860996
2005,11,2005.83333333376,0.76938070283730053,0.12309999999999999,0.094710764519271684
2005,10,2005.75000000043,0.81158658000997519,0.1230500000000001,0.099942611230462303
2005,9,2005.6666666670999,0.76659302723588274,0.092249999999999055,0.069687769579669254
2005,8,2005.58333333377,0.73029165726555267,0.092350000000001486,0.066369726397056031
2005,7,2005.50000000044,0.70677771105739828,0.092299999999998938,0.064465654869564362
2005,6,2005.4166666671099,0.6894272248502985,0.092249999999999943,0.063279706317286591
2005,5,2005.33333333378,0.68574893017245808,0.092299999999999827,0.063271005532618635
2005,4,2005.25000000045,0.65957134883660429,0.12300000000000111,0.081127275906903065
2005,3,2005.1666666671199,0.64833613470798435,0.092349999999998822,0.058715069259298577
2005,2,2005.0833333337901,0.64460850029288608,0.092300000000000715,0.058237135843670421
2005,1,2005.00000000046,0.65816100126563382,0.09225000000000172,0.05988913990660235
2004,12,2004.9166666671299,0.66920810298013311,0.092349999999998822,0.061706699233424853
2004,11,2004.8333333338001,0.69730945512345865,0.061499999999998778,0.042884531490091853
2004,10,2004.75000000047,0.68425888054941009,0.092300000000001603,0.064182190982925436
2004,9,2004.6666666671399,0.6851546602249613,0.1230999999999991,0.084342538673692125
2004,8,2004.5833333338101,0.64787770110680087,0.12299999999999933,0.079688957236136074
2004,7,2004.50000000048,0.62299102172899512,0.1230999999999991,0.076690194774838738
2004,6,2004.4166666671499,0.61292864325292462,0.092250000000000831,0.056010009889258028
2004,5,2004.3333333338201,0.54387708248751077,0.1230999999999991,0.066951268854212084
2004,4,2004.25000000049,0.49293017264892014,0.12310000000000088,0.0606797042530825
2004,3,2004.1666666671599,0.44562538636027166,0.12299999999999756,0.054811922522312324
2004,2,2004.0833333338301,0.51860508310404074,0.15385000000000026,0.076796293332070692
2004,1,2004.0000000005,0.57299224865134446,0.12310000000000088,0.070535345808980826
2003,12,2003.9166666671699,0.62099789511923453,0.12299999999999844,0.076382741099665002
2003,11,2003.8333333338401,0.63278596584708535,0.12309999999999999,0.077895952395776097
2003,10,2003.75000000051,0.62952592325954004,0.1230500000000001,0.077457224301040448
2003,9,2003.6666666671799,0.58881349832896157,0.092300000000000715,0.056881973002462186
2003,8,2003.5833333338501,0.55043847815307634,0.12309999999999999,0.067758976660643649
2003,7,2003.50000000052,0.53064741851857078,0.092250000000000831,0.050226871023118624
2003,6,2003.4166666671899,0.51767658046478415,0.092299999999998938,0.04892194722900868
2003,5,2003.3333333338601,0.51118977244202835,0.12309999999999999,0.062927460987613648
2003,4,2003.25000000053,0.49369997901982554,0.092249999999999055,0.047603590822249318
2003,3,2003.1666666671999,0.46280801246823622,0.092300000000002491,0.044604242510573863
2003,2,2003.0833333338701,0.43659679573806864,0.092299999999997162,0.038524720783147184
2003,1,2003.00000000054,0.45819137316649039,0.092300000000000715,0.041169809980178787
2002,12,2002.9166666672099,0.49455107802875692,0.092299999999999827,0.045103268729552469
2002,11,2002.8333333338801,0.51289034817368051,0.092300000000001603,0.046793070761915426
2002,10,2002.75000000055,0.52285565294397995,0.12309999999999732,0.064363530877402528
2002,9,2002.6666666672199,0.48092161634359931,0.12300000000000466,0.059153358810264955
2002,8,2002.5833333338901,0.44208780325972952,0.12309999999999732,0.054421008581271517
2002,7,2002.50000000056,0.45170949378995462,0.12305000000000099,0.055584372154971334
2002,6,2002.4166666672299,0.47000498409677088,0.12304999999999744,0.057832071132634957
2002,5,2002.3333333339001,0.4911841145510748,0.12310000000000265,0.060464764501238707
2002,4,2002.25000000057,0.50583282445242417,0.12299999999999933,0.062217437407647722
2002,3,2002.16666666724,0.47406819427761993,0.12310000000000088,0.05835779471557543
2002,2,2002.0833333339101,0.45644759674120727,0.15384999999999849,0.069192909920567439
2002,1,2002.00000000058,0.51909988059353362,0.092299999999999827,0.046766980932630389
2001,12,2001.91666666725,0.5789927427627084,0.092249999999999943,0.052077923219426371
2001,11,2001.8333333339201,0.6428189584765156,0.09234999999999971,0.05772278418471008
2001,10,2001.75000000059,0.66644174345776297,0.061500000000000554,0.040986167222652879
2001,9,2001.66666666726,0.61496305556843112,0.061500000000002331,0.037820227917459946
2001,8,2001.5833333339301,0.64366680218002681,0.061550000000000438,0.039616114712120641
2001,7,2001.5000000006,0.60939227724708012,0.061499999999998778,0.037477625050694685
2001,6,2001.41666666727,0.61750816507737616,0.061550000000000438,0.038008621756811106
2001,5,2001.3333333339399,0.57601246077720569,0.061599999999998545,0.035482367583875032
2001,4,2001.25000000061,0.57860600186613564,0.061499999999998778,0.035584269114766642
2001,3,2001.16666666728,0.53541422184208232,0.061500000000002331,0.032927974643289309
2001,2,2001.0833333339499,0.57511710295526286,0.18459999999999965,0.10874492653592943
2001,1,2001.00000000062,0.63913657653505529,0.18459999999999965,0.12341689162798455
2000,12,2000.91666666729,0.71979053993008035,0.18459999999999965,0.14113105823612843
2000,11,2000.8333333339599,0.77230978445864051,0.12304999999999922,0.10392744114008187
2000,10,2000.7500000006301,0.79929311629528921,0.092300000000001603,0.078119145413296731
2000,9,2000.6666666673,0.78391298702028189,0.092299999999999827,0.076426426220226662
2000,8,2000.5833333339699,0.74574512249660618,0.092249999999999943,0.073179035073255572
2000,7,2000.5000000006401,0.72176759927811796,0.09234999999999971,0.071683779854420565
2000,6,2000.41666666731,0.69930770923441832,0.092299999999999827,0.070176605968015726
2000,5,2000.3333333339799,0.67019339203760597,0.09225000000000172,0.067345313704456386
2000,4,2000.2500000006501,0.64778686314105161,0.09234999999999971,0.064934784471163257
2000,3,2000.16666666732,0.62703805793444967,0.09229999999999805,0.062630330571226411
2000,2,2000.0833333339899,0.61632380298400369,0.15380000000000038,0.090276833424384112
2000,1,2000.0000000006601,0.65633147273141001,0.092299999999999827,0.055868434968427721
1999,12,1999.91666666732,0.69834433632228055,0.092300000000001603,0.059698707106598532
1999,11,1999.8333333339899,0.74758425984711296,0.092299999999999827,0.064313752529696983
1999,10,1999.7500000006601,0.75233167594422401,0.092299999999999827,0.073654736453169806
1999,9,1999.66666666733,0.81382111294114146,0.12300000000000111,0.1000999968917613
1999,8,1999.5833333339999,0.64695309238130772,0.09229999999999805,0.061370842175334603
1999,7,1999.5000000006701,0.56140521639812291,0.12310000000000088,0.069108982138609415
1999,6,1999.41666666734,0.53618712479774799,0.092300000000001603,0.048399764649057452
1999,5,1999.3333333340099,0.50678339256141425,0.12310000000000088,0.062385035624310539
1999,4,1999.2500000006801,0.52758056389762731,0.092249999999998167,0.047945863837708103
1999,3,1999.16666666735,0.4943810092802004,0.061600000000002098,0.03045387017166138
1999,2,1999.0833333340199,0.51805941713036563,0.12304999999999744,0.063748331555009446
1999,1,1999.0000000006901,0.54689958599677446,0.092300000000003379,0.050354541030515718
1998,12,1998.91666666736,0.57917508665466211,0.09229999999999805,0.052718679449793492
1998,11,1998.8333333340299,0.62038948668398375,0.092299999999999827,0.056022286071430935
1998,10,1998.7500000007001,0.60828768139315814,0.15380000000000216,0.09422372989397744
1998,9,1998.66666666737,0.5540661458864784,0.09229999999999805,0.050528313724855244
1998,8,1998.5833333340399,0.54838066428563281,0.15384999999999849,0.084040438561323955
1998,7,1998.5000000007101,0.54339160111374218,0.09225000000000172,0.050484589782888264
1998,6,1998.41666666738,0.54007728830627177,0.12310000000000088,0.068221318754608837
1998,5,1998.3333333340499,0.5093940030517965,0.12304999999999922,0.062682115380967005
1998,4,1998.2500000007201,0.47700641053471882,0.1230999999999991,0.059082970726246548
1998,3,1998.16666666739,0.45379982801905577,0.092299999999999827,0.041587896593494308
1998,2,1998.0833333340599,0.44824475450892909,0.12305000000000099,0.055976042989012625
1998,1,1998.0000000007301,0.47789991247275176,0.15380000000000216,0.07578612205846981
1997,12,1997.9166666674,0.49690108826434465,0.12309999999999732,0.062696863525324803
1997,11,1997.8333333340699,0.53454244062541956,0.12304999999999922,0.068409572151938172
1997,10,1997.7500000007401,0.55537373830326897,0.09225000000000172,0.049566748484207987
1997,9,1997.66666666741,0.49388478562147564,0.12309999999999732,0.060797217110002327
1997,8,1997.58333333408,0.5451584888577421,0.092350000000003263,0.049084342971776954
1997,7,1997.5000000007501,0.5386683937979817,0.12299999999999756,0.066256212437150436
1997,6,1997.41666666742,0.57458188840236046,0.092299999999999827,0.05337762608682587
1997,5,1997.33333333409,0.65172768788622992,0.12309999999999732,0.08022767837879316
1997,4,1997.2500000007601,0.61391779049011075,0.092249999999999943,0.058858969352679119
1997,3,1997.16666666743,0.67598683010206906,0.061499999999998778,0.041573190051276424
1997,2,1997.0833333341,0.60555890213206043,0.12310000000000265,0.074544300852458362
1997,1,1997.0000000007699,0.63497629134022349,0.09224999999999639,0.056401208255173099
1996,12,1996.91666666744,0.67115037783947917,0.092350000000003263,0.059933770399264563
1996,11,1996.83333333411,0.71932475247691507,0.092299999999999827,0.064803750640826566
1996,10,1996.7500000007799,0.73743111145278739,0.12304999999999922,0.093783063211101123
1996,9,1996.66666666745,0.70193566592766476,0.092300000000001603,0.066742554846045216
1996,8,1996.58333333412,0.62099245762060451,0.12309999999999732,0.078193184574046101
1996,7,1996.5000000007899,0.56522913145496334,0.092249999999999943,0.05261088247264957
1996,6,1996.41666666746,0.56048913116126453,0.092300000000001603,0.053025875993274629
1996,5,1996.33333333413,0.54420996756919737,0.12310000000000088,0.069529560801575546
1996,4,1996.2500000007999,0.51096660037573516,0.09224999999999639,0.047845190770832546
1996,3,1996.1666666674701,0.5150587817502259,0.12310000000000088,0.063403736033453256
1996,2,1996.08333333414,0.4986508740935241,0.15385000000000204,0.076295753049293341
1996,1,1996.0000000008099,0.59495664837432316,0.1537999999999986,0.091891865819788393
1995,12,1995.9166666674801,0.71122135048396007,0.12305000000000277,0.090019656785289587
1995,11,1995.83333333415,0.82143494773808556,0.12309999999999732,0.10481585064824482
1995,10,1995.7500000008199,0.86164387669132281,0.09225000000000172,0.077050400512468642
1995,9,1995.6666666674901,0.67440371317819647,0.12310000000000088,0.08301909709223658
1995,8,1995.58333333416,0.75763457596313089,0.09229999999999805,0.065704468741851568
1995,7,1995.5000000008299,0.628435980514648,0.12310000000000088,0.077360469201353713
1995,6,1995.4166666675001,0.76166280610815973,0.09229999999999805,0.067523217154980275
1995,5,1995.33333333417,0.77546633462495329,0.12300000000000111,0.095382359158870111
1995,4,1995.2500000008399,0.80256547733600536,0.092300000000001603,0.073830179616214478
1995,3,1995.1666666675101,0.6789596123867403,0.12310000000000088,0.083579928284808327
1995,2,1995.08333333418,0.72040878298036548,0.092299999999999827,0.063993856136094235
1995,1,1995.0000000008499,0.77986876101365499,0.09229999999999805,0.069478597188158797
1994,12,1994.9166666675201,0.85637684883540055,0.092250000000003496,0.076875040664705796
1994,11,1994.83333333419,0.961240725983455,0.092299999999999827,0.087705946377026958
1994,10,1994.7500000008599,1.0094618086344034,0.12309999999999732,0.12426474864289225
1994,9,1994.6666666675301,0.94941552402702656,0.09225000000000172,0.085012097587130603
1994,8,1994.5833333342,0.9289037619170698,0.09234999999999971,0.08272850913622419
1994,7,1994.5000000008699,0.94744808062349739,0.12304999999999922,0.11658124749979629
1994,6,1994.4166666675401,0.93787038033818237,0.09229999999999805,0.08668528169315233
1994,5,1994.33333333421,0.90770310106789398,0.092300000000003379,0.084104320657294354
1994,4,1994.2500000008799,0.86586564661482535,0.092249999999998167,0.079910136922704794
1994,3,1994.1666666675501,0.80203135943965864,0.1230999999999991,0.098730060347021309
1994,2,1994.08333333422,0.76551172028405023,0.061500000000002331,0.047078970797470872
1994,1,1994.0000000008899,0.78528352113144628,0.061599999999998545,0.048373464901695945
1993,12,1993.9166666675601,0.81324437679899109,0.061499999999998778,0.050014529173136958
1993,11,1993.83333333423,0.84362822531973336,0.061500000000002331,0.051883135857165572
1993,10,1993.7500000008999,0.83563655431407924,0.092299999999999827,0.079580278071439331
1993,9,1993.6666666675701,0.76856556495004502,0.061549999999998661,0.047303737520258592
1993,8,1993.58333333424,0.70831380045846237,0.12310000000000088,0.087193428836437339
1993,7,1993.5000000009099,0.70824849580082727,0.061500000000000554,0.043557282491751247
1993,6,1993.4166666675801,0.71365480151078498,0.092300000000001603,0.067561937767676064
1993,5,1993.33333333425,0.8055532381714291,0.061500000000002331,0.049541524147544765
1993,4,1993.25000000092,0.69142006250078936,0.092349999999997934,0.065989428773205988
1993,3,1993.1666666675901,0.71857752187975343,0.061500000000002331,0.044192517595606509
1993,2,1993.08333333426,0.65141429418401275,0.061499999999998778,0.040061979092315986
1993,1,1993.00000000093,0.66795476980196922,0.061550000000000438,0.041115318904356206
1992,12,1992.9166666676001,0.68490389722713108,0.061550000000000438,0.042152975032503003
1992,11,1992.83333333427,0.70229654928190133,0.061500000000000554,0.04319123778083743
1992,10,1992.75000000094,0.70825390716305481,0.061550000000000438,0.043596196012471708
1992,9,1992.6666666676099,0.67933490215716552,0.061549999999998661,0.041810085408830355
1992,8,1992.58333333428,0.65174475008010191,0.061500000000002331,0.040082302129927784
1992,7,1992.50000000095,0.62512991413818331,0.061549999999998661,0.038479372164041778
1992,6,1992.4166666676199,0.60488938874166298,0.061549999999998661,0.037228472546061188
1992,5,1992.33333333429,0.60116726851036495,0.061500000000002331,0.036971787013388845
1992,4,1992.25000000096,0.59758895542881107,0.061499999999995225,0.036751720758869025
1992,3,1992.1666666676299,0.54785272112525241,0.061499999999998778,0.033692942349202351
1992,2,1992.0833333343001,0.59429519791118102,0.092350000000003263,0.056323418033455072
1992,1,1992.00000000097,0.61190311424355026,0.061499999999997002,0.037632041525976614
1991,12,1991.9166666676399,0.62940966837030965,0.06155000000000399,0.038743731737014869
1991,11,1991.8333333343101,0.6478385350605117,0.061549999999996885,0.039870249148574441
1991,10,1991.75000000098,0.63910030530361195,0.09229999999999805,0.061294761577089893
1991,9,1991.6666666676499,0.62689157168439369,0.061500000000002331,0.038553831658591671
1991,8,1991.5833333343201,0.55576125437789847,0.092300000000001603,0.051427858300763289
1991,7,1991.50000000099,0.58540650939024308,0.061499999999998778,0.036002500327499236
1991,6,1991.4166666676599,0.59575215649069957,0.092299999999999827,0.056723556552132529
1991,5,1991.3333333343301,0.71104043141970041,0.061599999999998545,0.043800090575452512
1991,4,1991.250000001,0.60172152088797271,0.09225000000000172,0.057807303337904965
1991,3,1991.1666666676699,0.64340449027256741,0.061599999999998545,0.039633716600789216
1991,2,1991.0833333343401,0.57566845912469766,0.061500000000000554,0.035403610236169128
1991,1,1991.00000000101,0.59213703364266801,0.061550000000000438,0.036443017125372595
1990,12,1990.9166666676799,0.60915497327809565,0.061550000000000438,0.037496805776771017
1990,11,1990.8333333343501,0.62664302370767055,0.061499999999998778,0.038538545958020975
1990,10,1990.75000000102,0.63417372213921186,0.12310000000000088,0.078066785195337537
1990,9,1990.6666666676899,0.61565367792688641,0.12300000000000111,0.075725402385007717
1990,8,1990.5833333343601,0.6061610586616496,0.12310000000000088,0.074618426321249598
1990,7,1990.50000000103,0.61377177859556575,0.12304999999999566,0.075519867971335169
1990,6,1990.4166666676999,0.61914473609216791,0.12305000000000454,0.076191188555754186
1990,5,1990.3333333343701,0.61908253775931854,0.1230999999999991,0.076209060398171352
1990,4,1990.25000000104,0.60436563496888041,0.12304999999999922,0.074361517025164581
1990,3,1990.1666666677099,0.56471079765732168,0.09229999999999805,0.054792909381844918
1990,2,1990.0833333343801,0.54395775069784591,0.092300000000001603,0.04791609236676251
1990,1,1990.00000000105,0.58486243025703621,0.061550000000002214,0.036002522958800985
1989,12,1989.9166666677199,0.62888090059583379,0.061499999999998778,0.038676175386642669
1989,11,1989.8333333343901,0.67617982892178197,0.061499999999997002,0.041585059478687764
1989,10,1989.75000000106,0.69387794564035743,0.092350000000001486,0.060004131009096635
1989,9,1989.6666666677299,0.49552504319570678,0.061499999999998778,0.030474790156535363
1989,8,1989.5833333344001,0.59130291907259958,0.09229999999999805,0.049992036975623336
1989,7,1989.50000000107,0.43317451933141571,0.061499999999998778,0.026640232938881538
1989,6,1989.4166666677399,0.55158946595914238,0.092300000000001603,0.047476440129954216
1989,5,1989.3333333344101,0.44593517492561774,0.061500000000002331,0.027425013257926529
1989,4,1989.25000000108,0.51916907343021734,0.092299999999999827,0.045614200557158001
1989,3,1989.16666666775,0.44259812609695798,0.061500000000002331,0.027219784754963946
1989,2,1989.0833333344201,0.49457209967267662,0.092349999999997934,0.044086370554816387
1989,1,1989.00000000109,0.51510441148214725,0.092250000000003496,0.045403334907453449
1988,12,1988.91666666776,0.53989959546045618,0.092299999999999827,0.04724243202559756
1988,11,1988.8333333344301,0.57209562613394149,0.09234999999999971,0.049915733777249588
1988,10,1988.7500000011,0.583550136377325,0.092249999999998167,0.056755615898044572
1988,9,1988.66666666776,0.59959785391711151,0.12310000000000088,0.073810495817196953
1988,8,1988.5833333344301,0.50912642483601533,0.092300000000001603,0.048180461005794067
1988,7,1988.5000000011,0.53731848451264819,0.12299999999999756,0.066090173595054411
1988,6,1988.41666666777,0.49787601149310612,0.09234999999999971,0.047346344028833684
1988,5,1988.3333333344401,0.58195775479056233,0.12299999999999756,0.071580803839237747
1988,4,1988.25000000111,0.51890359245360784,0.092300000000005156,0.050424962134168583
1988,3,1988.16666666778,0.57088341166288692,0.12309999999999377,0.070275747975697828
1988,2,1988.0833333344499,0.49810648411897074,0.092299999999999827,0.044293705042702552
1988,1,1988.00000000112,0.52890262782729658,0.061499999999998778,0.03252751161137795
1987,12,1987.91666666779,0.55367422351714901,0.061550000000002214,0.034080184393151677
1987,11,1987.8333333344599,0.57583690097559537,0.061499999999998778,0.035413969409998323
1987,10,1987.75000000113,0.67092181117848038,0.12300000000000288,0.086177284922181685
1987,9,1987.6666666678,0.71770901392073039,0.18450000000000344,0.13241731306837723
1987,8,1987.5833333344699,0.5920140735561974,0.12305000000000277,0.0738511015008219
1987,7,1987.5000000011401,0.52333927056164753,0.12300000000000466,0.064370730279085089
1987,6,1987.41666666781,0.5264773373101177,0.12299999999999756,0.063800338962265349
1987,5,1987.3333333344799,0.48286963864307325,0.18450000000000699,0.089089448329650392
1987,4,1987.2500000011501,0.47440364559934955,0.12299999999999756,0.05614584576012821
1987,3,1987.16666666782,0.391716750403033,0.12300000000000466,0.048181160299574886
1987,2,1987.0833333344899,0.455597269335416,0.12304999999999922,0.059299068972940031
1987,1,1987.0000000011601,0.52169819326198963,0.15380000000000038,0.089422807595956291
1986,12,1986.91666666783,0.64259342148662257,0.12305000000000277,0.091408369489063904
1986,11,1986.8333333344999,1.0261516202498273,0.18460000000000321,0.18942758909812141
1986,10,1986.7500000011701,0.79078526897100243,0.061550000000000438,0.048689362545231749
1986,9,1986.66666666784,0.80702098807473333,0.061499999999998778,0.049631790766593881
1986,8,1986.5833333345099,0.45854149707187036,0.061499999999995225,0.028200302069917839
1986,7,1986.5000000011801,0.8231657489650186,0.061500000000002331,0.050624693561350562
1986,6,1986.41666666785,0.4568891008656783,0.061500000000002331,0.02809867970324028
1986,5,1986.3333333345199,0.83895995467235374,0.061550000000000438,0.051657217101092376
1986,4,1986.2500000011901,0.85522676749609505,0.061500000000002331,0.052596446201011837
1986,3,1986.16666666786,0.44942706997684739,0.061499999999995225,0.027639764803573968
1986,2,1986.0833333345299,0.871480447759717,0.061500000000002331,0.053596047537224627
1986,1,1986.0000000012001,0.45794578042539391,0.061500000000002331,0.028163665496162792
1985,12,1985.91666666787,0.8995675625962678,0.061500000000002331,0.055323405099672568
1985,11,1985.8333333345399,0.47788121324645327,0.061500000000002331,0.029389694614657989
1985,10,1985.7500000012101,0.9220125651604415,0.092299999999994498,0.098581936717646604
1985,9,1985.66666666788,1.336992007061607,0.12310000000000088,0.16458371606928499
1985,8,1985.5833333345499,0.86972322478788611,0.092249999999999943,0.092738674762139803
1985,7,1985.5000000012201,1.1290447740806768,0.12310000000000088,0.13898541168933232
1985,6,1985.41666666789,0.73967914563077819,0.092300000000001603,0.077418545773972447
1985,5,1985.3333333345599,1.0466367263304364,0.12299999999999756,0.1287363173386411
1985,4,1985.2500000012301,0.71519025541692305,0.092300000000001603,0.075002956475098428
1985,3,1985.1666666679,0.85320896171936034,0.12300000000000466,0.1049447022914853
1985,2,1985.0833333345699,0.59040097796970326,0.09229999999999805,0.049304160835961813
1985,1,1985.0000000012401,0.64785353081444441,0.092249999999999943,0.054398243892600617
1984,12,1984.91666666791,0.70220152172256678,0.092250000000003496,0.058984220957297856
1984,11,1984.8333333345799,0.73963052143123309,0.061549999999996885,0.045535497084772877
1984,10,1984.7500000012501,0.75138614710398688,0.092250000000003496,0.076574816077032967
1984,9,1984.66666666792,0.68349704404264788,0.061550000000000438,0.042077704611678812
1984,8,1984.58333333459,0.74076711755736568,0.12299999999999756,0.091114355459554167
1984,7,1984.5000000012601,0.61879739314945814,0.061550000000000438,0.038093075078995439
1984,6,1984.41666666793,0.63714773257864366,0.092250000000003496,0.063608365338941514
1984,5,1984.3333333346,0.84928633739505421,0.061599999999998545,0.052316038383534103
1984,4,1984.2500000012701,0.64949530708042169,0.092249999999999943,0.065625947709119822
1984,3,1984.16666666794,0.82106016861762965,0.061499999999995225,0.0504952003699803
1984,2,1984.08333333461,0.63407174495138208,0.092300000000001603,0.052983765019984766
1984,1,1984.0000000012799,0.68288004752410769,0.092250000000003496,0.056373271918236552
1983,12,1983.91666666795,0.73716245237206357,0.092249999999999943,0.060234522337395402
1983,11,1983.83333333462,0.80015054161256161,0.092300000000001603,0.064919574178707862
1983,10,1983.7500000012899,0.85464906474220914,0.092249999999999943,0.088929078521429436
1983,9,1983.66666666796,1.1342397636799266,0.06160000000000565,0.069869169442689893
1983,8,1983.58333333463,0.80336545652647862,0.092249999999992838,0.082874141863125805
1983,7,1983.5000000012999,1.0613251987321801,0.06160000000000565,0.06537763224190829
1983,6,1983.41666666797,0.77683689443378934,0.092249999999999943,0.079857860241133949
1983,5,1983.33333333464,1.0254598178446708,0.061500000000002331,0.063065778797449637
1983,4,1983.2500000013099,0.7478712400857741,0.092300000000001603,0.076585428785585594
1983,3,1983.1666666679801,0.96203496268785227,0.061499999999995225,0.05916515020529832
1983,2,1983.08333333465,0.7373373911219766,0.15380000000000393,0.12009475634333912
1983,1,1983.0000000013199,0.79012915005183992,0.12304999999999922,0.10961725812993468
1982,12,1982.9166666679901,0.82712754486192663,0.12304999999999922,0.1132972764150362
1982,11,1982.83333333466,0.86953910114027577,0.12305000000000277,0.11815797508033538
1982,10,1982.7500000013299,0.89730409783351706,0.092300000000001603,0.087238721240510381
1982,9,1982.6666666680001,0.80547131369722447,0.061499999999998778,0.049536485792377905
1982,8,1982.58333333467,0.73997493702329398,0.061499999999998778,0.045508458626932077
1982,7,1982.5000000013399,0.68617239806887331,0.092300000000001603,0.066844125416131994
1982,6,1982.4166666680101,0.68227218249986055,0.061500000000002331,0.041959739223743006
1982,5,1982.33333333468,0.69261681058347913,0.092300000000001603,0.069839403223571392
1982,4,1982.2500000013499,0.68965021517210712,0.061499999999998778,0.042413488233082997
1982,3,1982.1666666680201,0.67939615194156366,0.061549999999996885,0.041827892420663433
1982,2,1982.08333333469,0.67070016887470341,0.092250000000003496,0.054795245553196814
1982,1,1982.0000000013599,0.69893746723716732,0.12305000000000277,0.086016943995631576
1981,12,1981.9166666680301,0.79868696273330197,0.092249999999999943,0.063736413071184911
1981,11,1981.8333333347,0.91953519519818572,0.092249999999999943,0.074541836489822447
1981,10,1981.7500000013699,1.012291336727678,0.15379999999999683,0.16657724560677761
1981,9,1981.6666666680401,0.93831891715988747,0.092300000000001603,0.096910485919566469
1981,8,1981.58333333471,0.91863793083450651,0.15380000000000393,0.15250781101928004
1981,7,1981.5000000013799,0.93274728694138431,0.092249999999999943,0.097766670049891313
1981,6,1981.4166666680501,0.94172496526740268,0.15380000000000038,0.15625191617514614
1981,5,1981.33333333472,0.96820073003069906,0.092300000000001603,0.10100853265850492
1981,4,1981.2500000013899,0.97236832928723882,0.15380000000000038,0.16216741672224969
1981,3,1981.1666666680601,0.90497065658486275,0.092249999999999943,0.094811707092935543
1981,2,1981.08333333473,0.86002677107654246,0.092300000000001603,0.069066410105371012
1981,1,1981.0000000013999,0.88176025999915808,0.092250000000003496,0.070792806588506701
1980,12,1980.9166666680701,0.91608860358361555,0.092249999999999943,0.073922459268338098
1980,11,1980.83333333474,0.98009402531504186,0.092300000000001603,0.080741281173707796
1980,10,1980.7500000014099,1.0154537938481187,0.12299999999999756,0.12490081664331612
1980,9,1980.6666666680801,0.94919620316085795,0.061550000000000438,0.058436446720053832
1980,8,1980.58333333475,0.88629913219433565,0.12300000000000111,0.1090147932599034
1980,7,1980.5000000014199,0.85722835395090002,0.06155000000000399,0.052775064290096901
1980,6,1980.4166666680901,0.84845894224208185,0.12299999999999756,0.104360449895774
1980,5,1980.33333333476,0.84058901922200291,0.061499999999998778,0.051696224682151085
1980,4,1980.25000000143,0.7739579224393911,0.12305000000000277,0.095247181384436302
1980,3,1980.1666666681001,0.71061574380583037,0.061499999999998778,0.043702868244058307
1980,2,1980.08333333477,0.67887979223642714,0.092300000000001603,0.058700190280825904
1980,1,1980.00000000144,0.73962695438590509,0.092250000000003496,0.063878714380285417
1979,12,1979.9166666681101,0.81338014119452806,0.092249999999999943,0.07000241126139406
1979,11,1979.83333333478,0.89328934726875597,0.092300000000001603,0.076616688500117047
1979,10,1979.75000000145,0.96751696634833861,0.09224999999999639,0.082062878927981822
1979,9,1979.6666666681199,0.92450732366665422,0.061500000000002331,0.056857200405501393
1979,8,1979.58333333479,0.87503864757458438,0.092300000000001603,0.074217795334020453
1979,7,1979.50000000146,0.84757800504093628,0.061500000000002331,0.05212604731001956
1979,6,1979.4166666681299,0.83264594108998669,0.092249999999999943,0.072523611484175965
1979,5,1979.3333333348,0.81740607048493685,0.061550000000000438,0.05031617073101715
1979,4,1979.25000000147,0.78291732050651774,0.092250000000003496,0.069875929084609517
1979,3,1979.1666666681399,0.74987085446834678,0.061499999999995225,0.04611705754979975
1979,2,1979.08333333481,0.73494805666131868,0.21530000000000626,0.15710507243841965
1979,1,1979.00000000148,0.80237310697861508,0.21530000000000271,0.1721635104482524
1978,12,1978.9166666681499,0.92197247802722382,0.21529999999999916,0.19986789099965885
1978,11,1978.8333333348201,1.0634854099000663,0.21530000000000271,0.23046328459677431
1978,10,1978.75000000149,1.1288571953838786,0.092300000000001603,0.1045982966977311
1978,9,1978.6666666681599,1.1040124387482226,0.061499999999995225,0.067896764983010421
1978,8,1978.5833333348301,1.0474949198174455,0.092249999999999943,0.09707586326935036
1978,7,1978.5000000015,1.0430878647220974,0.06160000000000565,0.06425421246688709
1978,6,1978.4166666681699,0.99663816220305845,0.092249999999999943,0.09330572036512072
1978,5,1978.3333333348401,1.0387265739441121,0.061599999999998545,0.063985556954955794
1978,4,1978.25000000151,0.94506295119994277,0.09224999999999639,0.089252808259435157
1978,3,1978.1666666681799,0.98367582216791205,0.061599999999998545,0.060594430645541951
1978,2,1978.0833333348501,0.89136091179456223,0.12300000000000466,0.1050854505114926
1978,1,1978.00000000152,0.94149073847086395,0.12300000000000111,0.11019135020799981
1977,12,1977.9166666681899,1.0027733046872678,0.12305000000000277,0.11615318322289445
1977,11,1977.8333333348601,1.061678267810676,0.12300000000000111,0.12113749791875197
1977,10,1977.75000000153,1.1184688230324686,0.061500000000002331,0.068785832616499426
1977,9,1977.6666666681999,1.0696359049011124,0.061499999999995225,0.065782608151413305
1977,8,1977.5833333348701,0.95733991430953724,0.061500000000002331,0.058876404730038773
1977,7,1977.50000000153,0.99395943280432419,0.061500000000002331,0.061128505117468257
1977,6,1977.4166666681999,0.86065728078151404,0.061499999999998778,0.052930422768062264
1977,5,1977.3333333348701,0.84001344171891446,0.061500000000002331,0.051660826665715198
1977,4,1977.25000000154,0.76688941132226485,0.061499999999998778,0.047163698796318293
1977,3,1977.1666666682099,Nan,Nan,Nan
1977,2,1977.0833333348801,0.76511228940572729,0.18450000000000699,0.14116321739536203
1977,1,1977.00000000155,0.9186730844607307,0.15374999999999872,0.14049505954971547
1976,12,1976.9166666682199,1.0081251441520149,0.15375000000000227,0.15294044183760136
1976,11,1976.8333333348901,1.0600164869142046,0.15375000000000583,0.15994357169275109
1976,10,1976.75000000156,1.0902770275977223,0.092249999999999943,0.1042078825559698
1976,9,1976.6666666682299,1.028966459594846,0.061499999999998778,0.063281437265082216
1976,8,1976.5833333349001,0.94832639370629401,0.061500000000002331,0.058322073212939286
1976,7,1976.50000000157,0.85572689247730849,0.061500000000002331,0.052627203887356463
1976,6,1976.4166666682399,0.76110284449457,0.061499999999998778,0.046807824936414943
1976,5,1976.3333333349101,0.69963178397491388,0.061500000000002331,0.043027354714458829
1976,4,1976.25000000158,0.65693059285667954,0.061499999999998778,0.040401231460684861
1976,3,1976.1666666682499,0.62990915542425752,0.061500000000002331,0.038739413058593304
1976,2,1976.0833333349201,0.6386204528801207,0.15375000000000227,0.10030101178196466
1976,1,1976.00000000159,0.71940549463380066,0.15375000000000227,0.1121307554882147
1975,12,1975.9166666682599,0.80568468792666303,0.15375000000000227,0.12212927133334908
1975,11,1975.8333333349301,0.92048360647847915,0.15375000000000227,0.13706498404707101
1975,10,1975.7500000016,0.96619656990808034,0.092250000000003496,0.093638324358440134
1975,9,1975.66666666827,0.95261348407252444,0.061499999999998778,0.058585729270459588
1975,8,1975.5833333349401,0.9437436381865455,0.061499999999998778,0.058040233748470893
1975,7,1975.50000000161,0.93236491544446065,0.061500000000002331,0.057340442299836501
1975,6,1975.41666666828,0.91232456651458138,0.061500000000002331,0.056107960840648882
1975,5,1975.3333333349501,0.8792956697275085,0.061500000000002331,0.054076683688243823
1975,4,1975.25000000162,0.84793203733250322,0.061499999999998778,0.052147820295948367
1975,3,1975.16666666829,0.82456440784176677,0.061499999999998778,0.050710711082267164
1975,2,1975.0833333349599,0.81531835936489216,0.12300000000000466,0.10993755079566915
1975,1,1975.00000000163,0.90398056145327876,0.12300000000000111,0.12361399569970499
1974,12,1974.9166666683,1.0365230751133541,0.12300000000000466,0.14437685052324239
1974,11,1974.8333333349699,1.1713328778139394,0.12299999999999756,0.16520562381067061
1974,10,1974.75000000164,1.2402226588731189,0.092250000000003496,0.12491046568603173
1974,9,1974.66666666831,1.1438670352406537,0.092249999999999943,0.11587833991434596
1974,8,1974.5833333349799,1.0772847957908529,0.061500000000002331,0.066253014941139957
1974,7,1974.5000000016501,1.017654158416226,0.092250000000003496,0.10154693313834914
1974,6,1974.41666666832,0.99356912433882483,0.09224999999999639,0.099622239693315073
1974,5,1974.3333333349899,0.98957771455821042,0.061500000000002331,0.060859029445332245
1974,4,1974.2500000016601,0.97019074428586249,0.092250000000003496,0.098088501159295682
1974,3,1974.16666666833,1.2104141996264277,0.061499999999995225,0.074440473277019525
1974,2,1974.0833333349999,0.97091567254002087,0.12300000000000466,0.11942262772242709
1974,1,1974.0000000016701,1.0650739249815753,0.092249999999999943,0.10595265783018343
1973,12,1973.91666666834,1.2084223432036014,0.12300000000000111,0.14863594821404333
1973,11,1973.8333333350099,1.2972099427601116,0.061500000000002331,0.0797784114797499
1973,10,1973.7500000016801,1.3715738934537882,0.12300000000000111,0.16870358889481846
1973,9,1973.66666666835,1.3315640340727302,0.061499999999998778,0.081891188095470233
1973,8,1973.5833333350199,1.2821881633800134,0.092250000000003496,0.10898878913883182
1973,7,1973.5000000016901,1.2337559381794845,0.061500000000002331,0.075875990198041171
1973,6,1973.41666666836,1.1623573950939483,0.12300000000000111,0.14296995959655787
1973,5,1973.3333333350299,1.0720008488870034,0.061499999999998778,0.065928052206548654
1973,4,1973.2500000017001,1.0087169700090193,0.092250000000003496,0.08758651263124298
1973,3,1973.16666666837,0.96246387428511682,0.061499999999998778,0.059191528268534077
1973,2,1973.0833333350399,0.94198970493869183,0.092250000000003496,0.091886079920621921
1973,1,1973.0000000017101,0.98789064411482785,0.092249999999999943,0.095951068612399174
1972,12,1972.91666666838,1.0471434792697558,0.092250000000003496,0.10092115360461376
1972,11,1972.8333333350499,1.1046337542458784,0.061500000000002331,0.067934975886124085
1972,10,1972.7500000017201,1.1384600267388314,0.09224999999999639,0.10250806617944448
1972,9,1972.66666666839,1.0682418070123525,0.061500000000002331,0.065696871131262158
1972,8,1972.5833333350599,0.99064564390480903,0.061500000000002331,0.060924707100148065
1972,7,1972.5000000017301,0.89807655391427088,0.061500000000002331,0.055231708065729752
1972,6,1972.4166666684,0.80976394312835231,0.061499999999998778,0.049800482502392822
1972,5,1972.3333333350699,0.73485667623261142,0.061499999999998778,0.045193685588304666
1972,4,1972.2500000017401,0.67845883961407671,0.061500000000002331,0.041725218636267297
1972,3,1972.16666666841,0.64638570602316947,0.061500000000002331,0.039752720920426428
1972,2,1972.0833333350799,0.64734397584169168,0.15375000000000227,0.099661604903903134
1972,1,1972.0000000017501,0.72495880772012433,0.15375000000000227,0.11373439082173886
1971,12,1971.91666666842,0.83059770742210315,0.15375000000000227,0.13043253171503666
1971,11,1971.8333333350899,0.96367866169313376,0.12300000000000111,0.12496822818477167
1971,10,1971.7500000017601,1.0649985567618381,0.092249999999999943,0.10184909566837426
1971,9,1971.66666666843,1.0432789564182214,0.061500000000002331,0.064161655819723051
1971,8,1971.5833333351,1.0008949698734755,0.061500000000002331,0.061555040647221074
1971,7,1971.5000000017701,0.95311270006843474,0.061500000000002331,0.058616431054210959
1971,6,1971.41666666844,0.90219359819714628,0.061499999999998778,0.055484906289123545
1971,5,1971.33333333511,0.8328513154199797,0.061499999999998778,0.051220355898327595
1971,4,1971.2500000017801,0.76752946086918139,0.061500000000002331,0.047203061843456448
1971,3,1971.16666666845,0.71607568035829261,0.061500000000002331,0.044038654342036659
1971,2,1971.08333333512,0.68743354307525684,0.15375000000000227,0.10337161451213832
1971,1,1971.0000000017901,0.75144180276542571,0.12300000000000111,0.092427341740147939
1970,12,1970.91666666846,0.8886613450571218,0.12300000000000111,0.10930534544202725
1970,11,1970.83333333513,1.0622475000588807,0.092250000000003496,0.09642736819428338
1970,10,1970.7500000017999,1.1120620543973474,0.12299999999999756,0.1326035131116895
1970,9,1970.66666666847,1.0098955771201044,0.092250000000003496,0.091604986721706971
1970,8,1970.58333333514,0.93767676539365419,0.12300000000000111,0.10872164934298548
1970,7,1970.5000000018099,0.85909308508342286,0.092250000000003496,0.074520369373956341
1970,6,1970.41666666848,0.79506413772680229,0.092250000000003496,0.067736495181546438
1970,5,1970.33333333515,0.77326136954650382,0.12299999999999756,0.084535018989720184
1970,4,1970.2500000018199,0.77087378176714094,0.092250000000003496,0.066595613631355133
1970,3,1970.1666666684901,0.7509412005000744,0.092249999999999943,0.064624855163075812
1970,2,1970.08333333516,0.74209815371969334,0.12300000000000111,0.10129223579428534
1970,1,1970.0000000018299,0.75405975793374624,0.092250000000003496,0.074300594847817203
1969,12,1969.9166666685001,0.79591140359192325,0.092250000000003496,0.078331256371447472
1969,11,1969.83333333517,0.86914070489670825,0.09224999999999639,0.086153701574720021
1969,10,1969.7500000018399,0.90918027449066929,0.092250000000003496,0.089822098400165251
1969,9,1969.6666666685101,0.87776536853479403,0.061500000000002331,0.053982570164891878
1969,8,1969.58333333518,0.83703714203902835,0.061499999999998778,0.051477784235398547
1969,7,1969.5000000018499,0.80049721294570375,0.061500000000002331,0.049230578596162644
1969,6,1969.4166666685201,0.76282361711586366,0.092249999999999943,0.076502071640746711
1969,5,1969.33333333519,0.73738268842492938,0.061500000000002331,0.045349035338134877
1969,4,1969.2500000018599,0.71851710461362117,0.061499999999998778,0.044188801933736144
1969,3,1969.1666666685301,0.69837894168689152,0.061500000000002331,0.042950304913745449
1969,2,1969.0833333352,0.69575745950287071,0.15375000000000227,0.10159470136133408
1969,1,1969.0000000018699,0.75998626015719872,0.12300000000000466,0.085174658109748974
1968,12,1968.9166666685401,0.85554744392449189,0.15374999999999872,0.12852309082848795
1968,11,1968.83333333521,0.96657897481675636,0.12300000000000111,0.11534088507635482
1968,10,1968.7500000018799,1.0153620926104294,0.092249999999999943,0.092920987327043569
1968,9,1968.6666666685501,0.92377072468547405,0.061500000000002331,0.056811899568158804
1968,8,1968.58333333522,0.76252911682740554,0.061500000000002331,0.046895540684887216
1968,7,1968.5000000018899,0.78769074776272108,0.061499999999998778,0.048442980987406001
1968,6,1968.4166666685601,0.72274209131472056,0.061499999999998778,0.044448638615854734
1968,5,1968.33333333523,0.61460820131354676,0.061500000000002331,0.037798404380784557
1968,4,1968.2500000018999,0.67566122995610844,0.061500000000002331,0.041553165642302242
1968,3,1968.1666666685701,0.57145457356811669,0.061500000000002331,0.03514445627444051
1968,2,1968.08333333524,0.6724314058408738,0.15375000000000227,0.10032837984572551
1968,1,1968.0000000019099,0.71837098257062793,0.12300000000000111,0.081250344457417578
1967,12,1967.9166666685801,0.79276339435334386,0.15375000000000227,0.11858859152717426
1967,11,1967.83333333525,0.8903479484093324,0.092250000000003496,0.08084722312558118
1967,10,1967.7500000019199,0.9771284922302591,0.092249999999999943,0.089842516134171851
1967,9,1967.6666666685901,0.91971408869048377,0.061499999999998778,0.056562416454463409
1967,8,1967.58333333526,0.84918541688162352,0.061500000000002331,0.052224903138221826
1967,7,1967.5000000019299,0.69720884062859456,0.061500000000002331,0.042878343698660192
1967,6,1967.4166666686001,0.75144290262657165,0.061499999999998778,0.046213738511533597
1967,5,1967.33333333527,0.70480385084301322,0.061500000000002331,0.04334543682684696
1967,4,1967.25000000194,0.67177606683533708,0.061500000000002331,0.041314228110374794
1967,3,1967.1666666686101,0.56586876861854518,0.061500000000002331,0.034800929270041844
1967,2,1967.08333333528,0.66082605444621556,0.18449999999999989,0.116561561190861
1967,1,1967.00000000195,0.70345912202496552,0.18450000000000344,0.1239462135007269
1966,12,1966.9166666686201,0.7661703317877856,0.18449999999999989,0.13472868276248284
1966,11,1966.83333333529,0.83786463865817484,0.15375000000000583,0.12611209113737118
1966,10,1966.75000000196,0.87976458426700188,0.092249999999999943,0.079270859000661761
1966,9,1966.6666666686299,0.82742179815054384,0.061500000000002331,0.050886440586260379
1966,8,1966.5833333353,0.75304892575063453,0.092249999999999943,0.06625931559868492
1966,7,1966.50000000197,0.59935303218078095,0.061500000000002331,0.036860211479119429
1966,6,1966.4166666686399,0.68969890829902258,0.092249999999999943,0.060843929327561976
1966,5,1966.33333333531,0.65735182616535803,0.061500000000002331,0.040427137309171052
1966,4,1966.25000000197,0.63330782647896133,0.092250000000003496,0.057035063207107432
1966,3,1966.1666666686399,0.57352205562039826,0.061499999999995225,0.035271606420651753
1966,2,1966.08333333531,0.63096089516165954,0.12300000000000111,0.081726755417991986
1966,1,1966.00000000198,0.69447718841284345,0.12300000000000466,0.092086908792545136
1965,12,1965.9166666686499,0.7351492139336161,0.12300000000000111,0.096706294086604611
1965,11,1965.83333333532,0.77718657610710462,0.092250000000003496,0.074565756957325396
1965,10,1965.75000000199,0.8008035790196526,0.09224999999999639,0.070693733214821253
1965,9,1965.6666666686599,0.68606779997609713,0.061500000000002331,0.042193169698531569
1965,8,1965.5833333353301,0.67120434123228656,0.061500000000002331,0.041279066985787191
1965,7,1965.500000002,0.60544407300970482,0.061500000000002331,0.037234810490098261
1965,6,1965.4166666686699,0.61660104647279312,0.092249999999999943,0.055326771096097307
1965,5,1965.3333333353401,0.55672262497833369,0.061500000000002331,0.034238441436168818
1965,4,1965.25000000201,0.51974328675737136,0.061499999999998778,0.031964212135577499
1965,3,1965.1666666686799,0.42696258812407017,0.061500000000002331,0.026258199169631312
1965,2,1965.0833333353501,0.51606734304191648,0.18450000000000344,0.090948894473440955
1965,1,1965.00000000202,0.59230866124361459,0.15375000000000227,0.086550760821414455
1964,12,1964.9166666686899,0.66060645317792255,0.15375000000000227,0.09876510871121981
1964,11,1964.8333333353601,0.69581474319506698,0.12300000000000111,0.083308588426485378
1964,10,1964.75000000203,0.70810984048732284,0.092249999999999943,0.063848731507792064
1964,9,1964.6666666686999,0.7027154971095313,0.061500000000002331,0.043217003072237817
1964,8,1964.5833333353701,0.65787694078786874,0.061500000000002331,0.040459431858455464
1964,7,1964.50000000204,0.68678518224556728,0.061500000000002331,0.04223728870810399
1964,6,1964.4166666687099,0.66105612728187579,0.061499999999998778,0.040654951827834622
1964,5,1964.3333333353801,0.6121275609730259,0.061500000000002331,0.037645844999842519
1964,4,1964.25000000205,0.61683536290501495,0.061499999999998778,0.037935374818657545
1964,3,1964.1666666687199,0.55646623429620112,0.061500000000002331,0.034222673409217669
1964,2,1964.0833333353901,0.61621196032556513,0.2152500000000046,0.13132596645546021
1964,1,1964.00000000206,0.73187779264426212,0.18449999999999989,0.13307395706510095
1963,12,1963.9166666687299,0.84598521416610417,0.2152500000000046,0.18271314748038914
1963,11,1963.8333333354001,0.89264079365287174,0.15375000000000227,0.1387452391221034
1963,10,1963.75000000207,0.95932929608800277,0.092249999999999943,0.088109977230141995
1963,9,1963.6666666687399,0.88817926156940796,0.061500000000002331,0.054623024586520658
1963,8,1963.5833333354101,0.90142306878657064,0.061500000000002331,0.055437518730376195
1963,7,1963.50000000208,0.79652792928868066,0.061500000000002331,0.048986467651255715
1963,6,1963.4166666687499,0.83282786804070708,0.061500000000002331,0.051218913884505432
1963,5,1963.3333333354201,0.67510861818436441,0.061499999999995225,0.04151918001833519
1963,4,1963.25000000209,0.74919307460906115,0.061500000000002331,0.046075374088459006
1963,3,1963.1666666687599,0.55896395717773284,0.061500000000002331,0.034376283366431871
1963,2,1963.0833333354301,0.71057015414422697,0.18449999999999989,0.1311001934396098
1963,1,1963.0000000021,0.80800858195232372,0.18450000000000344,0.14907758337020569
1962,12,1962.9166666687699,0.94197242428771,0.18450000000000344,0.17379391228108665
1962,11,1962.8333333354401,1.0576469533253126,0.12300000000000111,0.1300905752590136
1962,10,1962.75000000211,1.1126648057203687,0.092249999999999943,0.093641878625926739
1962,9,1962.66666666878,0.93660391635391282,0.092250000000003496,0.080222105431633273
1962,8,1962.5833333354501,0.88951947497132733,0.061500000000002331,0.054705447710738694
1962,7,1962.50000000212,0.88735020018926514,0.092249999999999943,0.076213879919542565
1962,6,1962.41666666879,0.95104509847456653,0.092249999999999943,0.086036738187011505
1962,5,1962.3333333354601,0.98013287229866641,0.061500000000002331,0.060278171646370268
1962,4,1962.25000000213,0.94734465810617241,0.092249999999999943,0.089436902149902908
1962,3,1962.1666666688,1.0055106428142586,0.061500000000002331,0.061838904533079248
1962,2,1962.0833333354699,0.92777256480859194,0.12300000000000466,0.11411602547146113
1962,1,1962.00000000214,0.97072846170832816,0.12299999999999756,0.11939960079012199
1961,12,1961.91666666881,1.0676253942964331,0.12300000000000466,0.13131792349846624
1961,11,1961.8333333354799,1.1492809745377892,0.061500000000002331,0.070680779934076718
1961,10,1961.75000000215,1.1698281042447816,0.15374999999999872,0.17772825588283153
1961,9,1961.66666666882,1.0508188537025389,0.12300000000000466,0.12079736046067154
1961,8,1961.5833333354899,0.9252681600852003,0.12300000000000111,0.11380798369048112
1961,7,1961.50000000216,0.82924620049984166,0.12300000000000111,0.097303886147325158
1961,6,1961.41666666883,0.85793584342657736,0.12300000000000111,0.10813957057037019
1961,5,1961.3333333354999,0.87009357229405626,0.12300000000000466,0.10702150939217298
1961,4,1961.2500000021701,0.87686783559021686,0.12300000000000111,0.1204490008763234
1961,3,1961.16666666884,0.83429929154880678,0.092249999999999943,0.082360911481040716
1961,2,1961.0833333355099,0.81843139435948853,0.12300000000000111,0.10066706150621743
1961,1,1961.0000000021801,0.83650856093965187,0.12300000000000466,0.10289055299558109
1960,12,1960.91666666885,0.87341508748961838,0.12299999999999756,0.10743005576122092
1960,11,1960.8333333355199,0.93215764690980263,0.092250000000003496,0.080470785142514711
1960,10,1960.7500000021901,0.95109674226194207,0.12300000000000111,0.11698489929822065
1960,9,1960.66666666886,0.85668586433044192,0.092250000000003496,0.073357605712454504
1960,8,1960.5833333355299,0.78270455119556481,0.061499999999998778,0.04813632989852569
1960,7,1960.5000000022001,0.7267094695170464,0.092249999999999943,0.062878279065110287
1960,6,1960.41666666887,0.69056875866257894,0.092250000000003496,0.06032257949464967
1960,5,1960.3333333355399,0.67864969488596671,0.061500000000002331,0.041736956235488537
1960,4,1960.2500000022101,0.66701102134479795,0.092249999999999943,0.058930837601219602
1960,3,1960.16666666888,0.65386585926999552,0.061499999999998778,0.040212750345103666
1960,2,1960.0833333355499,0.65790019174290149,0.18450000000000699,0.12138258537656993
1960,1,1960.0000000022201,0.7315228005007639,0.21525000000000105,0.15941405020853053
1959,12,1959.91666666889,0.87004613393225227,0.18449999999999989,0.16052351171050044
1959,11,1959.8333333355599,0.98301737937772526,0.18450000000000699,0.18136670649519721
1959,10,1959.7500000022301,1.0260151497565611,0.15374999999999872,0.16088697336353869
1959,9,1959.6666666689,0.95491075933019798,0.092250000000003496,0.089379994539947799
1959,8,1959.5833333355699,0.8795618889279746,0.092249999999999943,0.080333504268150377
1959,7,1959.5000000022401,0.83510469538791754,0.092250000000003496,0.074901454327958722
1959,6,1959.41666666891,0.82497328767619882,0.092250000000003496,0.073724237609321175
1959,5,1959.3333333355799,0.82599090585465773,0.092249999999999943,0.074369174025876755
1959,4,1959.2500000022501,0.81004414771845101,0.09224999999999639,0.073489336203444736
1959,3,1959.16666666892,0.76995275659595419,0.092250000000003496,0.069516548783688473
1959,2,1959.0833333355899,0.75451795138605515,0.061500000000005883,0.046402854010246603
1959,1,1959.0000000022601,0.77424665957698935,0.061499999999998778,0.047616169563984179
1958,12,1958.91666666893,0.81020985548560187,0.061499999999995225,0.049827906112360654
1958,11,1958.8333333355999,0.75420347606407079,0.061500000000009436,0.046383513777947472
1958,10,1958.7500000022701,0.83909396443366902,0.12300000000000466,0.1032085576253452
1958,9,1958.66666666894,0.78285538388692166,0.092249999999999943,0.073089383281796844
1958,8,1958.58333333561,0.71850430520812725,0.092249999999999943,0.066096205686319381
1958,7,1958.5000000022801,0.66675086181815757,0.092249999999999943,0.061229759123745009
1958,6,1958.41666666895,0.63670025834467281,0.12300000000000466,0.078314131776397719
1958,5,1958.33333333562,0.63019957949102412,0.061499999999995225,0.038757274138694973
1958,4,1958.2500000022901,0.61921798458901933,0.12300000000000466,0.076163812104452264
1958,3,1958.16666666896,0.59669512593317853,0.061500000000002331,0.036696750244891906
1958,2,1958.08333333563,0.58850627279210788,0.12299999999999756,0.072386271553427722
1958,1,1958.0000000023001,0.66522349425247551,0.12300000000000466,0.08182248979305759
1957,12,1957.91666666897,0.81212099491701983,0.12300000000000466,0.099890882374797207
1957,11,1957.83333333564,0.88882715824456593,0.061499999999995225,0.054662870232036559
1957,10,1957.7500000023099,0.89526466999785204,0.061500000000009436,0.055058777204876348
1957,9,1957.66666666898,0.87180622118593365,0.061499999999995225,0.053616082602930756
1957,8,1957.58333333565,0.83207189704886231,0.061500000000002331,0.05117242166850712
1957,7,1957.5000000023199,0.78833530804543295,0.061500000000002331,0.048482621444795648
1957,6,1957.41666666899,0.74497990586049523,0.061499999999995225,0.045816264210416902
1957,5,1957.33333333566,0.70770889576635798,0.061500000000009436,0.043524097089637698
1957,4,1957.2500000023299,0.67750704477143531,0.061499999999995225,0.041666683253440043
1957,3,1957.1666666690001,0.65645150331872615,0.061500000000002331,0.040371767454103973
1957,2,1957.08333333567,0.6518961462417876,0.12299999999999756,0.0801832259877375
1957,1,1957.0000000023399,0.70079247151748247,0.12300000000000466,0.086197473996653617
1956,12,1956.9166666690101,0.78841011858125887,0.12300000000000466,0.096974444585498504
1956,11,1956.83333333568,0.844903024536513,0.061499999999995225,0.051961536008991518
1956,10,1956.7500000023499,0.8606559899279822,0.12300000000001177,0.11015002562156868
1956,9,1956.6666666690201,0.83043950276196776,0.092249999999992838,0.078130747661400352
1956,8,1956.58333333569,0.77159848913901152,0.092249999999999943,0.072323110598439697
1956,7,1956.5000000023599,0.69994996138267451,0.092250000000007049,0.065614207561523946
1956,6,1956.4166666690301,0.65010193716604181,0.092249999999999943,0.061524428442390137
1956,5,1956.3333333357,0.63917817169644908,0.092250000000007049,0.061667478118124418
1956,4,1956.2500000023699,0.64426237996392466,0.092249999999992838,0.063137824408295878
1956,3,1956.1666666690401,0.62270556019421008,0.092249999999999943,0.060824737558898959
1956,2,1956.08333333571,0.61432454014316806,0.12300000000001177,0.069557006474607011
1956,1,1956.0000000023799,0.64719975387864193,0.12299999999999756,0.074559933234333103
1955,12,1955.9166666690501,0.68381483603977888,0.12299999999999756,0.079873993036088539
1955,11,1955.83333333572,0.72206721700081222,0.12300000000000466,0.085979162389935471
1955,10,1955.7500000023899,0.81983085675949285,0.092250000000007049,0.079353540255131805
1955,9,1955.6666666690601,0.80626880508301335,0.092249999999992838,0.078063747050889865
1955,8,1955.58333333573,0.78442999541264991,0.092249999999999943,0.075946008742301119
1955,7,1955.5000000023999,0.76687256930373326,0.061500000000009436,0.047162663012186835
1955,6,1955.4166666690701,0.75153039736726868,0.092249999999992838,0.07321692599993003
1955,5,1955.33333333574,0.73509499746445939,0.092250000000007049,0.072058316382036205
1955,4,1955.2500000024099,0.71177285233422838,0.092249999999999943,0.070036651878054884
1955,3,1955.1666666690801,0.68780708927982381,0.061499999999995225,0.042300135990705881
1955,2,1955.08333333575,0.68668799591411012,0.15375000000000938,0.10129580265232341
1955,1,1955.0000000024099,0.72454634484076119,0.12300000000000466,0.081145067991320749
1954,12,1954.9166666690801,0.78240234782864571,0.12299999999999756,0.090271937518265191
1954,11,1954.83333333575,0.85749281871012939,0.092249999999999943,0.077958154787733047
1954,10,1954.7500000024199,0.87453664276182419,0.15375000000000938,0.13506975881249111
1954,9,1954.6666666690901,0.82948714638962617,0.12299999999999045,0.10202691900591609
1954,8,1954.58333333576,0.7715407102518661,0.12300000000001177,0.094785160347876873
1954,7,1954.5000000024299,0.73112032347578837,0.12299999999999756,0.089927799787520454
1954,6,1954.4166666691001,0.70675835431044032,0.12299999999999756,0.086931277580182154
1954,5,1954.33333333577,0.69330882399621729,0.12300000000000466,0.083421934490465185
1954,4,1954.2500000024399,0.66327925872957438,0.12300000000000466,0.081583348823740742
1954,3,1954.1666666691101,0.63015842944881817,0.092249999999999943,0.056644676797529048
1954,2,1954.08333333578,0.62590424147449664,0.12300000000000466,0.076986221701366001
1954,1,1954.00000000245,0.6795780566706866,0.092249999999999943,0.064732531949765734
1953,12,1953.9166666691201,0.78395318429952199,0.092249999999999943,0.076411601603724594
1953,11,1953.83333333579,0.86692919804365087,0.061500000000002331,0.053316145679687843
1953,10,1953.75000000246,0.87258585882587936,0.092249999999999943,0.074545866409561359
1953,9,1953.6666666691301,0.81711717537860129,0.061500000000002331,0.050252706285787305
1953,8,1953.5833333358,0.58077428869545644,0.061500000000009436,0.035717618754776054
1953,7,1953.50000000247,0.75113036667812527,0.061499999999995225,0.046194517550701121
1953,6,1953.4166666691401,0.7085183743199055,0.092249999999999943,0.060778252927354677
1953,5,1953.33333333581,0.54453961456883704,0.061499999999995225,0.033489186295980876
1953,4,1953.25000000248,0.66265216783555836,0.061500000000009436,0.040753108321893092
1953,3,1953.1666666691499,0.51256005967474438,0.061499999999995225,0.031522443669994335
1953,2,1953.08333333582,0.65111188699546574,0.18449999999999989,0.12013014315066337
1953,1,1953.00000000249,0.71207864948851163,0.15375000000000227,0.10527787535779051
1952,12,1952.9166666691599,0.66239931846288835,0.1845000000000141,0.12221267425641225
1952,11,1952.83333333583,0.84205007777414109,0.12299999999999045,0.10357215956621131
1952,10,1952.7500000025,0.90280609978573034,0.12300000000000466,0.11104515027364904
1952,9,1952.6666666691699,0.87405271960946151,0.061500000000009436,0.053754242255990133
1952,8,1952.5833333358401,0.85205623486222926,0.12299999999999045,0.10480291688804606
1952,7,1952.50000000251,0.84207879763708682,0.061500000000009436,0.051787846054688787
1952,6,1952.4166666691799,0.82904430179998123,0.061499999999995225,0.05098622456069489
1952,5,1952.3333333358501,0.79310102113583092,0.12300000000000466,0.097551425599710903
1952,4,1952.25000000252,0.7466158484518518,0.061499999999995225,0.045916874679785322
1952,3,1952.1666666691899,0.72076020390090023,0.061500000000009436,0.044326752539912168
1952,2,1952.0833333358601,0.71762238702153192,0.12300000000000466,0.088267553603651766
1952,1,1952.00000000253,0.78811781904766309,0.12299999999999045,0.096938491742855029
1951,12,1951.9166666691999,0.93059623932484614,0.12300000000000466,0.11446333743696041
1951,11,1951.8333333358701,1.0325939296826581,0.061500000000009436,0.063504526675493209
1951,10,1951.75000000254,1.0312145637413783,0.12299999999999045,0.12683939134017969
1951,9,1951.6666666692099,0.92724506461926082,0.061500000000009436,0.05702557147409329
1951,8,1951.5833333358801,0.84122754968980751,0.061499999999995225,0.051735494305919144
1951,7,1951.50000000255,0.79710386779507247,0.061500000000009436,0.049021887869404479
1951,6,1951.4166666692199,0.80636838686772494,0.061499999999995225,0.049591655792361231
1951,5,1951.3333333358901,0.83072298986637916,0.061499999999995225,0.051089463876778353
1951,4,1951.25000000256,0.83420985362259725,0.061500000000009436,0.051303905997797605
1951,3,1951.1666666692299,0.81080638846253605,0.061499999999995225,0.049864592890442094
1951,2,1951.0833333359001,0.79137920789507898,0.12300000000000466,0.097339642571098409
1951,1,1951.00000000257,0.84500343611370266,0.061499999999995225,0.05196771132098868
2015,12,2015.9166666666665,0.90717671527357069,0.092309999999999948,0.08330640948122453
2015,11,2015.8333333333333,1.1323472515068873,0.09228000000000014,0.10279186514066707
2015,10,2015.7499999999998,1.310109685669075,0.061564999999999759,0.080661365988607542
2015,9,2015.6666666666665,1.2123645326882908,0.061515000000000208,0.074575586631964327
2015,8,2015.5833333333333,1.0945493520054719,0.061515000000000208,0.067327276620058565
2015,7,2015.4999999999998,1.301631288042683,0.061499999999999666,0.080050324214624574
2015,6,2015.4166666666665,0.6516036383454491,0.061529999999999863,0.040093171867395395
2015,5,2015.3333333333333,0.92835781633463998,0.061565000000000314,0.057165582469040868
2015,4,2015.2499999999998,0.90123710056939799,0.061514999999999764,0.055434578305684885
2015,3,2015.1666666666665,1.2292673171366144,0.06150000000000011,0.075599940003901925
2015,2,2015.083333333333,0.54493287780575417,0.061530000000000307,0.033529719971388219
2015,1,2014.9999999999998,0.88394318922763149,0.061565000000000314,0.054431794717770002
2014,12,2014.9166666666665,0.8904633475883168,0.061514999999999764,0.05477197206916324
2014,11,2014.8333333333333,0.59095747495259332,0.061530000000000307,0.036361613433833248
2014,10,2014.75,0.90444185367781649,0.061540000000000039,0.055662198134838504
2014,9,2014.6666666666665,0.89446501727197614,0.061514999999999986,0.055018699921586027
2014,8,2014.5833333333333,1.1017886075823937,0.061550000000000216,0.06781642535926502
2014,7,2014.5,0.79652619295401261,0.06154000000000015,0.0490196515692079
2014,6,2014.4166666666665,0.70051771955908571,0.061514999999999875,0.043090467881045078
2014,5,2014.3333333333333,0.64910072188134138,0.061549999999999994,0.039950199243653686
2014,4,2014.25,0.56520632159724027,0.061515000000000097,0.034768636856421828
2014,3,2014.1666666666665,0.53433228059843063,0.061599999999999877,0.032914868484863261
2014,2,2014.0833333333333,0.53897359241465037,0.1230450000000004,0.067615041859798747
2014,1,2014,0.5675966485198809,0.092305000000000081,0.053081054634293405
2013,12,2013.91666666678,0.64333422844623833,0.092304999999999526,0.060955045157800113
2013,11,2013.8333333334499,0.75906936697615601,0.09228000000000014,0.072694160744052758
2013,10,2013.7500000001201,0.8065313974559144,0.061514999999999764,0.049614833456181437
2013,9,2013.66666666679,Nan,Nan,Nan
2013,8,2013.5833333334599,0.8165842832219512,0.061565000000000092,0.050272617174263512
2013,7,2013.5000000001301,Nan,Nan,Nan
2013,6,2013.4166666668,0.81545013178464476,0.061514999999999542,0.050161609479026599
2013,5,2013.3333333334699,Nan,Nan,Nan
2013,4,2013.2500000001401,0.71564282430318815,0.061529999999999863,0.044033502979375069
2013,3,2013.16666666681,0.93518156140243092,0.061499999999999666,0.057513666026249188
2013,2,2013.0833333334799,0.7071141858496508,0.061529999999999863,0.043508735855328919
2013,1,2013.0000000001501,0.87089458197597502,0.061515000000000208,0.053571052241496865
2012,12,2012.91666666682,0.78658085996686722,0.061529999999999863,0.048398320313761234
2012,11,2012.8333333334899,0.83124224318713069,0.061529999999999418,0.051146335223303668
2012,10,2012.7500000001601,0.96586290401088482,0.061564999999999648,0.059467444198182666
2012,9,2012.66666666683,Nan,Nan,Nan
2012,8,2012.5833333334999,0.91918570650258569,0.061515000000000208,0.056542398599143284
2012,7,2012.5000000001701,Nan,Nan,Nan
2012,6,2012.41666666684,0.8470025358535751,0.061514999999999986,0.0521025201852897
2012,5,2012.3333333335099,Nan,Nan,Nan
2012,4,2012.2500000001801,0.77838705250019646,0.06156499999999987,0.047922517151878452
2012,3,2012.16666666685,Nan,Nan,Nan
2012,2,2012.0833333335199,0.75336121097008202,0.092292499999999889,0.068486296982443545
2012,1,2012.0000000001901,0.91996075895655061,0.092292499999999333,0.08098499019143883
2011,12,2011.91666666686,1.1239779597023356,0.092292499999999889,0.097737191371874477
2011,11,2011.8333333335299,1.2017647168647336,0.06154000000000015,0.073958679574760294
2011,10,2011.7500000002001,1.2383270220523708,0.061514999999999542,0.07617224398800701
2011,9,2011.66666666687,Nan,Nan,Nan
2011,8,2011.5833333335399,1.2215728121477496,0.061514999999999986,0.075141928724657886
2011,7,2011.5000000002101,1.0177366401233667,0.061530000000000307,0.062621335466791064
2011,6,2011.41666666688,1.37467634062445,0.061599999999999433,0.08468006258246534
2011,5,2011.3333333335499,1.0292679774893145,0.061529999999999418,0.06333085865491693
2011,4,2011.2500000002201,1.3228592794990222,0.061500000000000554,0.08135584568919059
2011,3,2011.16666666689,1.053535497063451,0.061530000000000307,0.064824039134314462
2011,2,2011.0833333335499,1.2166105729791568,0.061549999999999994,0.074879579808913771
2011,1,2011.0000000002201,1.0414307769769418,0.061499999999999666,0.064047992784081575
2010,12,2010.91666666689,0.98728735122333233,0.061539999999999706,0.060755465278746791
2010,11,2010.8333333335599,0.81092339626630117,0.061500000000000554,0.049871788870377971
2010,10,2010.7500000002301,0.95725366039961379,0.061514999999999542,0.058887798830335944
2010,9,2010.6666666669,0.95087729753012484,0.061514999999999986,0.05849560273863226
2010,8,2010.58333333357,0.92618754866963893,0.061565000000000314,0.057015699498821862
2010,7,2010.5000000002401,0.99597118564318088,0.061530000000000307,0.061282107052625226
2010,6,2010.41666666691,0.8248840177704323,0.061514999999999098,0.050743864107421849
2010,5,2010.33333333358,0.75386336664178111,0.061514999999999542,0.046374533468692386
2010,4,2010.2500000002501,0.68804597133331857,0.061565000000000314,0.042359124741367708
2010,3,2010.16666666692,0.6294928700744653,0.061529999999999418,0.038732696295681483
2010,2,2010.08333333359,0.62577409992680821,0.092279999999999918,0.057072348558088098
2010,1,2010.0000000002599,0.68411531714517204,0.061539999999999928,0.042100214254902957
2009,12,2009.91666666693,0.78821155441329016,0.092304999999999637,0.073597567950381595
2009,11,2009.8333333336,0.89049056718437192,0.06151500000000043,0.054779147715280564
2009,10,2009.7500000002699,0.9332562072557169,0.061564999999999426,0.057455567695803053
2009,9,2009.66666666694,0.88322915291148663,0.061514999999999542,0.054332157675755804
2009,8,2009.58333333361,0.77172579087037829,0.061499999999999666,0.047461136138528009
2009,7,2009.5000000002799,0.76609619917206362,0.06151500000000043,0.047127546215985527
2009,6,2009.4166666669501,0.70018562593459344,0.06156499999999987,0.043104032495290615
2009,5,2009.33333333362,0.59935303218078095,0.061499999999999666,0.036860211479117826
2009,4,2009.2500000002899,0.67020426141165201,0.06151500000000043,0.041228681800233147
2009,3,2009.1666666669601,0.59900718543157971,0.061600000000000321,0.036898842622585505
2009,2,2009.08333333363,0.6609361546873963,0.092279999999998807,0.062905341869166437
2009,1,2009.0000000002999,0.68191725574944062,0.061514999999999986,0.041949010092832605
2008,12,2008.9166666669701,0.7140008779023318,0.06156499999999987,0.0439555863504483
2008,11,2008.83333333364,0.74779526530304885,0.06151500000000043,0.046001357314963548
2008,10,2008.7500000003099,0.77500788781778862,0.06151500000000043,0.047675140752823558
2008,9,2008.6666666669801,0.79380959451221333,0.061530000000000307,0.04884310435033673
2008,8,2008.58333333365,0.72368107685554484,0.061600000000000321,0.044578754334301793
2008,7,2008.5000000003199,0.74733541001985193,0.061530000000000307,0.045983547778521719
2008,6,2008.4166666669901,0.68726003323962981,0.061514999999999542,0.042276809135327054
2008,5,2008.33333333366,Nan,Nan,Nan
2008,4,2008.2500000003299,0.64534414137093488,0.06151500000000043,0.039698249079033458
2008,3,2008.1666666670001,Nan,Nan,Nan
2008,2,2008.08333333367,0.62078230758884279,0.092280000000001028,0.057352465170176586
2008,1,2008.0000000003399,0.6482418969020658,0.061565000000000314,0.039908255625101238
2007,12,2007.9166666670101,0.68782390792044668,0.061514999999999542,0.042312037587867501
2007,11,2007.83333333368,0.72145912771960052,0.06151500000000043,0.044381234471752407
2007,10,2007.7500000003499,0.73152068412944016,0.061540000000000372,0.045017643261538023
2007,9,2007.6666666670201,0.62858349632416455,0.061550000000000438,0.038688442779567254
2007,8,2007.58333333369,0.64986375041565603,0.061514999999999986,0.039977586189695991
2007,7,2007.5000000003599,0.53968461933718404,0.061550000000000438,0.033217913772025487
2007,6,2007.4166666670301,0.60893796534304356,0.061539999999999928,0.037474078071795494
2007,5,2007.3333333337,0.71725341295955558,0.061500000000000554,0.04411108489701307
2007,4,2007.2500000003699,0.7589642342739471,0.061539999999999928,0.046708124948658974
2007,3,2007.1666666670401,0.83197364976191412,0.061500000000000554,0.05116637946035818
2007,2,2007.08333333371,0.69044388811236468,0.092305000000000526,0.061200237503290025
2007,1,2007.0000000003799,0.74779619474550807,0.092305000000000526,0.066646745845093142
2006,12,2006.9166666670501,0.83608108794667446,0.09228000000000014,0.074697686168930452
2006,11,2006.83333333372,0.96583677174271787,0.061540000000000816,0.059437674859364305
2006,10,2006.7500000003899,1.0652703889884299,0.061514999999999542,0.065526195357202027
2006,9,2006.6666666670601,1.0019280976355962,0.061565000000000314,0.06169203472065897
2006,8,2006.58333333373,1.0662428507641559,0.061500000000000554,0.06557393532199618
2006,7,2006.5000000004,0.69132547082166207,0.061530000000000307,0.04253725621965708
2006,6,2006.4166666670701,0.76458837895156395,0.06151500000000043,0.047031376064152183
2006,5,2006.33333333374,0.78805949931763408,0.061499999999998778,0.048465659208033536
2006,4,2006.25000000041,0.65100680814210743,0.061565000000000758,0.040082584264711507
2006,3,2006.1666666670801,Nan,Nan,Nan
2006,2,2006.08333333375,0.64275057614161435,0.09228000000000014,0.05632903105656125
2006,1,2006.00000000042,0.67499551520745849,0.061565000000000758,0.041558123206963463
2005,12,2005.9166666670901,0.71459542493124983,0.061514999999999986,0.043958138371417238
2005,11,2005.83333333376,0.75593181507458074,0.061515000000000875,0.046501637194600515
2005,10,2005.75000000043,0.79810661950144168,0.092296666666666624,0.076571631997489578
2005,9,2005.6666666670999,0.80290777889190501,0.092305000000000526,0.07994466587788869
2005,8,2005.58333333377,0.80339294123427563,0.061540000000000816,0.049438021381224051
2005,7,2005.50000000044,0.83591567468543859,0.09228000000000014,0.086509775042172332
2005,6,2005.4166666671099,0.86629354968575911,0.092305000000000081,0.090612900468756502
2005,5,2005.33333333378,0.82480943762728987,0.061515000000000875,0.050743168333562752
2005,4,2005.25000000045,0.74104736690156647,0.092305000000000081,0.076911160886817251
2005,3,2005.1666666671199,0.68092074281948622,0.061540000000000816,0.041901589876041305
2005,2,2005.0833333337901,0.67153235053230942,0.06153166666666661,0.041320419674595599
2005,1,2005.00000000046,0.50980937157837447,0.061499999999998778,0.031353276352069408
2004,12,2004.9166666671299,0.7140484633389359,0.061540000000000816,0.043940642679736297
2004,11,2004.8333333338001,0.59205539206506885,0.061499999999999666,0.036411406612001526
2004,10,2004.75000000047,0.74361591168869867,0.06156499999999987,0.045775822564912166
2004,9,2004.6666666671399,0.73031639522836156,0.061515000000000875,0.044927491047364487
2004,8,2004.5833333338101,0.5797687364429599,0.061500000000000554,0.035655777291242356
2004,7,2004.50000000048,0.69854219578807752,0.06156499999999987,0.043001184105645171
2004,6,2004.4166666671499,0.6627677601518116,0.061515000000000875,0.040771837252409765
2004,5,2004.3333333338201,0.62767688407384248,0.061514999999999986,0.038612995621301729
2004,4,2004.25000000049,0.51145049347411986,0.061600000000000321,0.031505350398005949
2004,3,2004.1666666671599,0.68846865715504946,0.061529999999999418,0.04236147647474979
2004,2,2004.0833333338301,0.49274164683622479,0.061499999999998778,0.030303611280427221
2004,1,2004.0000000005,0.59381859314297669,0.061515000000000875,0.036529860026532884
2003,12,2003.9166666671699,0.61901456700540669,0.061565000000000758,0.038108290474958575
2003,11,2003.8333333338401,0.64862983620997439,0.061500000000000554,0.039890734926913786
2003,10,2003.75000000051,0.68399525047220155,0.092279999999999696,0.061878229032378627
2003,9,2003.6666666671799,0.66864358953782121,0.061565000000000758,0.041166921399258531
2003,8,2003.5833333338501,0.58223025332098499,0.061530000000001195,0.035824627486840906
2003,7,2003.50000000052,0.60789663087273971,0.061514999999999098,0.037393836097597541
2003,6,2003.4166666671899,0.5619778185022809,0.092280000000000584,0.050058147614515269
2003,5,2003.3333333338601,0.47524263956897483,0.061529999999999418,0.029241679612678744
2003,4,2003.25000000053,0.51850964411299638,0.061515000000001763,0.031895274430718025
2003,3,2003.1666666671999,0.45268474697430022,0.061530000000001195,0.027853692481329233
2003,2,2003.0833333338701,0.51400204951526918,0.12306999999999979,0.059670238999873081
2003,1,2003.00000000054,0.5350363784378882,0.12307000000000068,0.061853137266201487
2002,12,2002.9166666672099,0.59051654967219691,0.12304500000000074,0.066035272187680183
2002,11,2002.8333333338801,0.70791610920754544,0.12307000000000157,0.076367587540009274
2002,10,2002.75000000055,0.74051863154669872,0.092305000000000081,0.062248052452579805
2002,9,2002.6666666672199,0.70766854906972654,0.061515000000000875,0.043529584581327954
2002,8,2002.5833333338901,0.68507891001100574,0.061514999999999098,0.042140167892621927
2002,7,2002.50000000056,0.66118210004452749,0.061565000000000758,0.040710941555591108
2002,6,2002.4166666672299,0.63422452193532075,0.092279999999999696,0.054252751319117207
2002,5,2002.3333333339001,0.59956470994342204,0.061515000000000875,0.036880433172303551
2002,4,2002.25000000057,0.57910982166021618,0.061564999999998982,0.035656624164862726
2002,3,2002.16666666724,0.57603508459925934,0.061515000000000875,0.035433188512359527
2002,2,2002.0833333339101,0.57489559488296027,0.092280000000001472,0.049792000556727348
2002,1,2002.00000000058,0.57936798138303158,0.092329999999999579,0.050448792989237212
2001,12,2001.91666666725,0.59183770103013167,0.092280000000000584,0.05226966199691721
2001,11,2001.8333333339201,0.59696065882236737,0.061515000000000875,0.036721203505433363
2001,10,2001.75000000059,0.59003478522925978,0.06156499999999987,0.036327129722833029
2001,9,2001.66666666726,0.62166191114985814,0.061500000000000554,0.038232207535716621
2001,8,2001.5833333339301,0.56571203767043854,0.061514999999999098,0.034799264881844261
2001,7,2001.5000000006,Nan,Nan,Nan
2001,6,2001.41666666727,0.57327308639897745,0.061600000000000321,0.035313622122177195
2001,5,2001.3333333339399,0.53158204790068964,0.061515000000001763,0.03270002443060073
2001,4,2001.25000000061,0.52401373392371531,0.061499999999997002,0.032226844636306921
2001,3,2001.16666666728,Nan,Nan,Nan
2001,2,2001.0833333339499,0.51764338596232773,0.15382666666666753,0.079624557785626493
2001,1,2001.00000000062,0.56344392381294561,0.12306166666666751,0.0709401980813648
2000,12,2000.91666666729,0.66097389088081759,0.15382666666666545,0.10742719988927542
2000,11,2000.8333333339599,0.76721645224835067,0.12306166666666514,0.099624911265332433
2000,10,2000.7500000006301,0.79527070290615409,0.06151499999999821,0.048922280495522677
2000,9,2000.6666666673,Nan,Nan,Nan
2000,8,2000.5833333339699,0.68999544336844687,0.061600000000002098,0.042503719311497774
2000,7,2000.5000000006401,Nan,Nan,Nan
2000,6,2000.41666666731,0.76763631804690657,0.061514999999999986,0.047222672582260948
2000,5,2000.3333333339799,Nan,Nan,Nan
2000,4,2000.2500000006501,0.64256860787649073,0.061499999999998778,0.039517969384403391
2000,3,2000.16666666732,Nan,Nan,Nan
2000,2,2000.0833333339899,0.76144280018926014,0.061531666666666318,0.046852397526092646
2000,1,2000.0000000006601,0.79346622014980817,0.06153166666666661,0.048823122268132499
1999,12,1999.91666666732,0.8485324070197835,0.06153166666666543,0.052211655262307435
1999,11,1999.8333333339899,0.87387255130448205,0.061539999999999928,0.053778136336595436
1999,10,1999.7500000006601,0.88258296370347489,0.092279999999998807,0.081567055057194762
1999,9,1999.66666666733,0.87043988703791064,0.12305999999999706,0.10711633249888272
1999,8,1999.5833333339999,0.84189888588461126,0.092279999999998807,0.077688631374303679
1999,7,1999.5000000006701,0.81213452186001622,0.061529999999999418,0.049970637130046326
1999,6,1999.41666666734,0.77288314686573623,0.092329999999999579,0.071460858720995904
1999,5,1999.3333333340099,0.70039353626163958,0.12305999999999884,0.086190428572356551
1999,4,1999.2500000006801,0.65696888930485664,0.092279999999998807,0.059193450118840557
1999,3,1999.16666666735,0.572473241017741,0.061529999999997642,0.035224278519820254
1999,2,1999.0833333340199,0.61961416087036447,0.092296666666666624,0.055630763716331244
1999,1,1999.0000000006901,0.7140857887806783,0.092279999999998807,0.061958813810456523
1998,12,1998.91666666736,0.83138380786782284,0.092304999999998749,0.070884496526533003
1998,11,1998.8333333340299,0.95422055253954197,0.06153999999999904,0.058726809506510227
1998,10,1998.7500000007001,0.99129857886545591,0.061515000000000875,0.060975225991047197
1998,9,1998.66666666737,Nan,Nan,Nan
1998,8,1998.5833333340399,0.94051756237184825,0.061514999999999098,0.057851983567004994
1998,7,1998.5000000007101,Nan,Nan,Nan
1998,6,1998.41666666738,1.1225047977315559,0.061599999999998545,0.069146295540262206
1998,5,1998.3333333340499,0.6541816032723986,0.061529999999997642,0.040251794049349143
1998,4,1998.2500000007201,1.046256248173405,0.061500000000002331,0.064344759262666848
1998,3,1998.16666666739,Nan,Nan,Nan
1998,2,1998.0833333340599,0.83408492815319657,0.092304999999999637,0.071167706587038665
1998,1,1998.0000000007301,0.87046595334443788,0.092279999999998807,0.074777569505823122
1997,12,1997.9166666674,0.92899405303215488,0.092304999999998749,0.080471522444773944
1997,11,1997.8333333340699,0.98425704614439569,0.092279999999998807,0.085502708953713258
1997,10,1997.7500000007401,1.0180124989744841,0.092279999999999696,0.088453430574926745
1997,9,1997.66666666741,0.82204879977946221,0.061529999999999418,0.050580662650429833
1997,8,1997.58333333408,0.98561904076390572,0.092329999999998691,0.084854680167599117
1997,7,1997.5000000007501,0.75325987949989326,0.061529999999999418,0.046348080385627995
1997,6,1997.41666666742,0.92488203602272567,0.092279999999998807,0.079230323425719507
1997,5,1997.33333333409,0.69828402114941679,0.061529999999997642,0.042965415821321969
1997,4,1997.2500000007601,0.86315680072571821,0.092280000000000584,0.073457986260293789
1997,3,1997.16666666743,0.62106308344547756,0.061529999999997642,0.038214011524398767
1997,2,1997.0833333341,0.81779244627639303,0.092329999999998691,0.069648771223838307
1997,1,1997.0000000007699,0.86641021384891515,0.061514999999999986,0.053294927188834787
1996,12,1996.91666666744,0.96196315226618623,0.061514999999999986,0.059172987063821014
1996,11,1996.83333333411,1.0561334337445625,0.061564999999998093,0.065025961982244904
1996,10,1996.7500000007799,1.1318541285175876,0.061515000000000875,0.069623423354795835
1996,9,1996.66666666745,1.0708962767690178,0.061564999999998093,0.06593370436364264
1996,8,1996.58333333412,1.002532424963823,0.061514999999999986,0.061669675600250842
1996,7,1996.5000000007899,0.94034237595030368,0.061514999999999986,0.057844585664183393
1996,6,1996.41666666746,0.89224386783610221,0.06151499999999821,0.054886160522038957
1996,5,1996.33333333413,0.85756908944295041,0.061565000000001646,0.05279632697055521
1996,4,1996.2500000007999,0.82460009315219984,0.06151499999999821,0.050725416463943782
1996,3,1996.1666666674701,0.77272968678947518,0.061500000000002331,0.047522875737554524
1996,2,1996.08333333414,0.80386777744798399,0.061539999999998152,0.049469402108469056
1996,1,1996.0000000008099,0.84793390377162647,0.061540000000000816,0.052182202965547674
1995,12,1995.9166666674801,0.92233047107801558,0.061514999999999098,0.056737018014230353
1995,11,1995.83333333415,1.0257739012444329,0.061540000000000816,0.063125600289523576
1995,10,1995.7500000008199,1.0816591526647503,0.061539999999998152,0.066565457529555117
1995,9,1995.6666666674901,1.062014052363391,0.061514999999999986,0.065329326305106017
1995,8,1995.58333333416,1.0035416623483762,0.061514999999999986,0.061731977053339812
1995,7,1995.5000000008299,0.98951793852414804,0.061600000000002098,0.060954305013089592
1995,6,1995.4166666675001,0.88504771977584851,0.06151499999999821,0.054442944297823273
1995,5,1995.33333333417,0.81084615011990691,0.061540000000000816,0.049899630335252486
1995,4,1995.2500000008399,0.77417350319337186,0.06151499999999821,0.047622349927167074
1995,3,1995.1666666675101,0.8212971607786167,0.061500000000002331,0.050509775387886841
1995,2,1995.08333333418,0.76069514742994426,0.092304999999998749,0.068685182285897595
1995,1,1995.0000000008499,0.80139532641491362,0.092280000000000584,0.072323422061255693
1994,12,1994.9166666675201,0.86619920287103969,0.092329999999996915,0.079059166387162927
1994,11,1994.83333333419,0.9246741726733394,0.061514999999999986,0.056881103021630686
1994,10,1994.7500000008599,0.94083493662647599,0.061514999999999986,0.05787523453278666
1994,9,1994.6666666675301,0.93302247895424462,0.061599999999998545,0.057474184703580108
1994,8,1994.5833333342,0.91109207257999114,0.061515000000001763,0.056045835427171703
1994,7,1994.5000000008699,0.88894973579794245,0.061499999999998778,0.054670408751572377
1994,6,1994.4166666675401,0.86225323850998348,0.06151499999999821,0.053041797801913149
1994,5,1994.33333333421,0.76850010050213413,0.061600000000002098,0.047339606190933074
1994,4,1994.2500000008799,0.78006237059180905,0.06151499999999821,0.047986725005974215
1994,3,1994.1666666675501,0.63905146673514024,0.061499999999998778,0.039301665204210343
1994,2,1994.08333333422,0.74203557613219218,0.092304999999999637,0.071984479823285569
1994,1,1994.0000000008899,0.78379045064104091,0.092304999999998749,0.075470705750382505
1993,12,1993.9166666675601,0.84049468735020894,0.092280000000000584,0.081212093494787266
1993,11,1993.83333333423,0.90533650961604217,0.092329999999998691,0.088786405420098635
1993,10,1993.7500000008999,0.91985015221930011,0.061514999999999098,0.056587284063965529
1993,9,1993.6666666675701,0.87205223004186194,0.061564999999998093,0.053681495661142789
1993,8,1993.58333333424,0.64750679890351515,0.061499999999998778,0.039821668132565387
1993,7,1993.5000000009099,0.79797209287666448,0.061515000000001763,0.049090096500224237
1993,6,1993.4166666675801,0.75577181527417403,0.06151499999999821,0.046493980862454543
1993,5,1993.33333333425,0.55558293382772206,0.061600000000002098,0.034223908723788846
1993,4,1993.25000000092,0.72034137918484564,0.06151499999999821,0.044314583124227078
1993,3,1993.1666666675901,0.51478574952098166,0.061500000000002331,0.031659323595541571
1993,2,1993.08333333426,0.7065427113792585,0.092304999999997861,0.071279358894972847
1993,1,1993.00000000093,0.72776618647459024,0.092304999999998749,0.073434379223682067
1992,12,1992.9166666676001,0.78416845204861207,0.092279999999999696,0.079150179540594445
1992,11,1992.83333333427,0.8522676788147141,0.06153999999999904,0.052445918515053883
1992,10,1992.75000000094,0.86908836039145276,0.092296666666666027,0.086214216439091995
1992,9,1992.6666666676099,0.83556351944437823,0.061515000000000875,0.051402439413475928
1992,8,1992.58333333428,0.78525219864444595,0.092296666666664251,0.077286142039352301
1992,7,1992.50000000095,0.726579233559976,0.061539999999999928,0.044712499067678588
1992,6,1992.4166666676199,0.6818935675873885,0.092305000000000526,0.063685399031931961
1992,5,1992.33333333429,0.66156888590754792,0.061531666666664833,0.040707784488381638
1992,4,1992.25000000096,0.66046730771206597,0.092279999999999696,0.058673214781973404
1992,3,1992.1666666676299,0.62709124294636298,0.06153999999999904,0.038591470579564434
1992,2,1992.0833333343001,0.60666475179167378,0.061514999999999986,0.037318284068632149
1992,1,1992.00000000097,0.65412559026762085,0.06156499999999987,0.040274302327967706
1991,12,1991.9166666676399,0.70757750075780446,0.061514999999999986,0.04352470696208139
1991,11,1991.8333333343101,0.76493995714020901,0.061514999999999986,0.047052626171555721
1991,10,1991.75000000098,0.78708974477759708,0.061564999999998093,0.048464025846402699
1991,9,1991.6666666676499,0.58110986019306066,0.061530000000001195,0.03575568969767972
1991,8,1991.5833333343201,0.88293430119719718,0.061499999999998778,0.054300459523626547
1991,7,1991.50000000099,0.56171551860954216,0.061529999999997642,0.034562355860043803
1991,6,1991.4166666676599,0.6642260528121483,0.061514999999999986,0.040857924181486982
1991,5,1991.3333333343301,Nan,Nan,Nan
1991,4,1991.250000001,0.61339702668755769,0.061565000000001646,0.037767277458011117
1991,3,1991.1666666676699,Nan,Nan,Nan
1991,2,1991.0833333343401,0.59213958943253708,0.12304499999999585,0.067735496208903734
1991,1,1991.00000000101,0.6239166242846268,0.1230449999999994,0.071546659788986167
1990,12,1990.9166666676799,0.66636384525103443,0.12309499999999751,0.077249810929747073
1990,11,1990.8333333343501,0.71556702756306323,0.12304500000000118,0.084052487075716498
1990,10,1990.75000000102,0.74208213893924424,0.06151499999999821,0.04564826730227621
1990,9,1990.6666666676899,Nan,Nan,Nan
1990,8,1990.5833333343601,0.73746007973414596,0.06151499999999821,0.045364001811341634
1990,7,1990.50000000103,Nan,Nan,Nan
1990,6,1990.4166666676999,0.72966009401243148,0.061565000000001646,0.044923492077321214
1990,5,1990.3333333343701,Nan,Nan,Nan
1990,4,1990.25000000104,0.72244017565474827,0.06151499999999821,0.044440085905721398
1990,3,1990.1666666677099,Nan,Nan,Nan
1990,2,1990.0833333343801,0.7205662727044464,0.12306999999999846,0.085395339973225098
1990,1,1990.00000000105,0.72932546056782943,0.092279999999998807,0.06574871686394626
1989,12,1989.9166666677199,0.7457029519295193,0.092304999999999637,0.067609740483953989
1989,11,1989.8333333343901,0.76268606250658311,0.092304999999999637,0.069521155442640398
1989,10,1989.75000000106,0.76668470457360693,0.06151499999999821,0.047162220490615095
1989,9,1989.6666666677299,0.76236015783335764,0.061515000000001763,0.046896232014601386
1989,8,1989.5833333344001,0.75759911123911117,0.061564999999998093,0.046642338501249297
1989,7,1989.50000000107,0.77250670917908448,0.061499999999998778,0.047509162614512754
1989,6,1989.4166666677399,0.74530764234731395,0.061514999999999986,0.045847392407143493
1989,5,1989.3333333344101,0.72740702180067685,0.061515000000001763,0.044746401182563428
1989,4,1989.25000000108,0.70960366100770045,0.061564999999998093,0.043686506653489998
1989,3,1989.16666666775,0.67608438203985588,0.061499999999995225,0.041579189495447907
1989,2,1989.0833333344201,0.69294390014687268,0.12306166666666545,0.086503964002354425
1989,1,1989.00000000109,0.733007193232867,0.15382666666666545,0.1134271923581507
1988,12,1988.91666666776,0.81125270921846926,0.12306166666666485,0.096804221533965812
1988,11,1988.8333333344301,0.87186031296397215,0.12306999999999846,0.1021534920352225
1988,10,1988.7500000011,0.89813502860752936,0.061515000000000875,0.055247279250652939
1988,9,1988.66666666776,0.83024361660903123,0.06151499999999821,0.051071856362242748
1988,8,1988.5833333344301,0.77095945571811786,0.06156499999999987,0.047463808394581336
1988,7,1988.5000000011,0.71849685507767724,0.061514999999999986,0.044199089634846499
1988,6,1988.41666666777,0.67986316834084137,0.061514999999999986,0.041822982653663132
1988,5,1988.3333333344401,0.66263037819134618,0.06156499999999987,0.040791679878885212
1988,4,1988.25000000111,0.64669264614358513,0.06151499999999821,0.039782805612377042
1988,3,1988.16666666778,0.5211455106093108,0.061500000000002331,0.032050448902473827
1988,2,1988.0833333344499,0.62803032473999809,0.092329999999998691,0.061661330559028227
1988,1,1988.00000000112,0.65190140937370045,0.092279999999998807,0.064019110298319984
1987,12,1987.91666666779,0.68552060491794076,0.092280000000000584,0.067582297536565764
1987,11,1987.8333333344599,0.72652269022594218,0.092329999999996915,0.072059385139072424
1987,10,1987.75000000113,0.75219664167495126,0.061515000000001763,0.046274040367025468
1987,9,1987.6666666678,0.735601640750154,0.06151499999999821,0.045253200231420675
1987,8,1987.5833333344699,0.70030519875813202,0.06156499999999987,0.043108747126695206
1987,7,1987.5000000011401,0.52636579234665526,0.061500000000002331,0.032371496229320527
1987,6,1987.41666666781,0.64851766139835143,0.061514999999996434,0.039895582176686845
1987,5,1987.3333333344799,0.61535751638607916,0.06151499999999821,0.037855303871711356
1987,4,1987.2500000011501,0.59529779066624544,0.061565000000003423,0.036646352847874056
1987,3,1987.16666666782,0.50092219706990471,0.061499999999995225,0.030806715119796747
1987,2,1987.0833333344899,0.5858004922309259,0.092292499999999666,0.056771346158084213
1987,1,1987.0000000011601,0.62620095531926245,0.092304999999997417,0.0601002862459903
1986,12,1986.91666666783,0.77215382450549519,0.092292499999999666,0.072858457137104135
1986,11,1986.8333333344999,0.90692574275610149,0.061531666666667206,0.055804666276322842
1986,10,1986.7500000011701,0.92275367765445271,0.092279999999997919,0.086675973471249487
1986,9,1986.66666666784,0.86979249206383058,0.061540000000000816,0.053526994275451677
1986,8,1986.5833333345099,0.81094251753390423,0.092279999999998807,0.075028296483666615
1986,7,1986.5000000011801,0.76831588952621654,0.061540000000000816,0.047282247625908366
1986,6,1986.41666666785,0.76256014150874096,0.06153999999999904,0.046929033239823711
1986,5,1986.3333333345199,0.74366848371191652,0.092279999999998807,0.064844667299555209
1986,4,1986.2500000011901,0.7099303846908831,0.06153999999999904,0.043689978886973777
1986,3,1986.16666666786,0.6892883412209545,0.061514999999999986,0.042400047975686139
1986,2,1986.0833333345299,0.70360484119606803,0.12304499999999763,0.080080624854970098
1986,1,1986.0000000012001,0.7882608974782781,0.092304999999999637,0.068663193216307705
1985,12,1985.91666666787,0.85767969666639765,0.092305000000000526,0.074262855946204132
1985,11,1985.8333333345399,0.8919311918009073,0.092279999999996143,0.077070278079537397
1985,10,1985.7500000012101,0.90489803810333735,0.06156499999999987,0.055716123030609688
1985,9,1985.66666666788,1.0132380723417174,0.061500000000002331,0.062314141449017979
1985,8,1985.5833333345499,0.84102195183051753,0.061514999999999986,0.051733809771628836
1985,7,1985.5000000012201,0.89345537897025462,0.061599999999998545,0.055036851344566387
1985,6,1985.41666666789,0.83831706973214537,0.061499999999998778,0.051556499788525917
1985,5,1985.3333333345599,0.75542340465920099,0.061515000000001763,0.046469432304134528
1985,4,1985.2500000012301,0.734528865052263,0.061499999999998778,0.045173525200713278
1985,3,1985.1666666679,0.6876073025205871,0.061599999999998545,0.042356609835267164
1985,2,1985.0833333345699,0.70624169982608076,0.1230449999999994,0.088578064976041621
1985,1,1985.0000000012401,0.77266476008721785,0.092304999999998749,0.071596428792453412
1984,12,1984.91666666791,0.85053598786340523,0.092304999999997861,0.078514764277547985
1984,11,1984.8333333345799,0.93947592694333715,0.092279999999999696,0.087012601649876953
1984,10,1984.7500000012501,0.97205325310433788,0.092329999999998691,0.089993402751986806
1984,9,1984.66666666792,0.92751270616372716,0.061529999999997642,0.057069856810251944
1984,8,1984.58333333459,0.86982438502978088,0.061515000000001763,0.053507479456299453
1984,7,1984.5000000012601,0.84118708761778804,0.061529999999997642,0.051758241501120517
1984,6,1984.41666666793,0.77643406798813475,0.061514999999999986,0.047762629305147165
1984,5,1984.3333333346,0.75000314042554883,0.061529999999997642,0.046147693230382252
1984,4,1984.2500000012701,0.69079326846705003,0.061564999999998093,0.042527995686116718
1984,3,1984.16666666794,0.68803829227133406,0.061530000000001195,0.042334996123456009
1984,2,1984.08333333461,0.6464633406244078,0.12305749999999849,0.081937338791013323
1984,1,1984.0000000012799,0.66894598978508868,0.1230574999999976,0.084254287717144077
1983,12,1983.91666666795,0.71174951772752437,0.12305749999999849,0.088585852483796038
1983,11,1983.83333333462,0.7554386601953067,0.12306166666666662,0.09489923144140458
1983,10,1983.7500000012899,0.7698160209801993,0.092304999999996973,0.07215942674759071
1983,9,1983.66666666796,0.73868103354209191,0.092280000000000584,0.069859454555077388
1983,8,1983.58333333463,0.69826473238685804,0.092280000000000584,0.066295369240545021
1983,7,1983.5000000012999,0.65953513676556574,0.061564999999998093,0.04060202337900394
1983,6,1983.41666666797,0.61933344730462148,0.092280000000000584,0.058985396417608492
1983,5,1983.33333333464,0.58172252412750647,0.092280000000000584,0.054564780319329965
1983,4,1983.2500000013099,0.55748441811526961,0.092329999999998691,0.051809810623669447
1983,3,1983.1666666679801,0.55015824345631215,0.061514999999996434,0.033843140281832523
1983,2,1983.08333333465,0.55582057687502817,0.092304999999999637,0.051672281425876224
1983,1,1983.0000000013199,0.58990392414655979,0.061514999999999986,0.036288159888933039
1982,12,1982.9166666679901,0.64249475768483644,0.092304999999999637,0.060169170772314207
1982,11,1982.83333333466,0.69352216289256763,0.06153999999999904,0.042679485527564898
1982,10,1982.7500000013299,0.71546690908530053,0.061514999999999986,0.044012013309547224
1982,9,1982.6666666680001,0.70701406563022839,0.061514999999999986,0.043491943698567279
1982,8,1982.58333333467,0.69833309798778953,0.06151499999999821,0.042957835955741999
1982,7,1982.5000000013399,0.68727247601374064,0.061565000000001646,0.042312525751726351
1982,6,1982.4166666680101,0.67294140275805692,0.061515000000001763,0.041395591584654674
1982,5,1982.33333333468,0.64833061862365859,0.061514999999996434,0.039881627040568232
1982,4,1982.2500000013499,0.62619281447840902,0.061564999999998093,0.038552576633027677
1982,3,1982.1666666680201,0.63390328390560791,0.061500000000002331,0.038985051960196367
1982,2,1982.08333333469,0.6119913125330434,0.092304999999999637,0.05618923837165482
1982,1,1982.0000000013599,0.64238547142466906,0.061514999999999986,0.039516360810032736
1981,12,1981.9166666680301,0.69662253806344809,0.06153999999999904,0.042869062632655212
1981,11,1981.8333333347,0.82611822526117662,0.061539999999997264,0.050842345036216291
1981,10,1981.7500000013699,0.9247863510009906,0.12304500000000118,0.099442623365577285
1981,9,1981.6666666680401,0.86143289156874969,0.092279999999998807,0.073089288986468728
1981,8,1981.58333333471,0.79234506093062862,0.092280000000000584,0.067110128418414502
1981,7,1981.5000000013799,0.73055809748783695,0.092329999999998691,0.061881701910866019
1981,6,1981.4166666680501,0.6741283518900123,0.1230449999999994,0.072626567625177385
1981,5,1981.33333333472,0.62514490089019503,0.092279999999997031,0.053004453300080565
1981,4,1981.2500000013899,0.58479269513082888,0.092329999999998691,0.04990820711145183
1981,3,1981.1666666680601,0.54911440551146518,0.092280000000000584,0.047177779291972456
1981,2,1981.08333333473,0.52944757903729611,0.092304999999997861,0.045780054422658825
1981,1,1981.0000000013999,0.56243151510876044,0.061515000000001763,0.034596238811182477
1980,12,1980.9166666680701,0.6033191084466879,0.092304999999997861,0.052054048632651714
1980,11,1980.83333333474,0.63081492294611508,0.06153999999999904,0.038821673720414632
1980,10,1980.7500000014099,0.63989010764204313,0.092279999999998807,0.055365587688276138
1980,9,1980.6666666680801,0.6026002346542455,0.061515000000003539,0.037067669381497054
1980,8,1980.58333333475,0.57057717848951572,0.061514999999999986,0.03509826188886269
1980,7,1980.5000000014199,0.5444182968618333,0.092329999999996915,0.049642085007235361
1980,6,1980.4166666680901,0.52489984350488417,0.061514999999996434,0.03228937004033982
1980,5,1980.33333333476,0.53394546473768956,0.061514999999999986,0.032846102704603634
1980,4,1980.25000000143,0.55483450401434609,0.061565000000001646,0.034156257887474409
1980,3,1980.1666666681001,0.61142489943117229,0.092279999999998807,0.060342446815184018
1980,2,1980.08333333477,0.69198034427344457,0.06153999999999904,0.042582816673759044
1980,1,1980.00000000144,0.78951673774385567,0.061515000000001763,0.048570692394472217
1979,12,1979.9166666681101,0.91665152426662488,0.061539999999997264,0.056407045325467815
1979,11,1979.83333333478,1.0883209962963245,0.061540000000000816,0.066973633249917008
1979,10,1979.75000000145,1.1856410389548171,0.061514999999996434,0.072938209822697719
1979,9,1979.6666666681199,1.1659288515458233,0.061514999999999986,0.071725434015790152
1979,8,1979.58333333479,1.1062622707125502,0.061515000000003539,0.068054271545627293
1979,7,1979.50000000146,1.0420392384762556,0.092329999999996915,0.099702041249977724
1979,6,1979.4166666681299,0.9177841146668525,0.061499999999995225,0.056443723052007046
1979,5,1979.3333333348,0.90213209061519373,0.092279999999998807,0.084663039788050787
1979,4,1979.25000000147,0.80022060657375349,0.061565000000001646,0.049265516912851207
1979,3,1979.1666666681399,0.73527733805932571,0.061514999999999986,0.045230446064998438
1979,2,1979.08333333481,0.7009449082764142,0.061500000000002331,0.043108111859001104
1979,1,1979.00000000148,0.74178496248113879,0.061564999999998093,0.045670267929959873
1978,12,1978.9166666681499,0.79126140437163306,0.061514999999999986,0.048672383422135354
1978,11,1978.8333333348201,0.85912107091719903,0.061514999999996434,0.052845684213193911
1978,10,1978.75000000149,0.93520648132831674,0.061515000000003539,0.057524937894578784
1978,9,1978.6666666681599,0.57799145033320198,0.061514999999999986,0.035556074283979236
1978,8,1978.5833333348301,0.61383925472886502,0.061529999999997642,0.03776952934346562
1978,7,1978.5000000015,0.53635535369728216,0.061514999999999986,0.032994443007036543
1978,6,1978.4166666681699,0.50535912426957974,0.061514999999999986,0.031087474406820286
1978,5,1978.3333333348401,0.48609638490600943,0.061530000000004748,0.029909510563269067
1978,4,1978.25000000151,0.46501201285671778,0.061514999999996434,0.028605145124831532
1978,3,1978.1666666681799,0.44910253607274792,0.061529999999997642,0.02763327904455512
1978,2,1978.0833333348501,0.46022372284426794,0.12304500000000118,0.056490704100210537
1978,1,1978.00000000152,0.51395782037740323,0.092279999999997628,0.047782774323800174
1977,12,1977.9166666681899,0.70328551486037516,0.12304500000000118,0.086904833179865484
1977,11,1977.8333333348601,0.86657551634808649,0.092279999999997628,0.081314637786469857
1977,10,1977.75000000153,0.90249342317308168,0.061514999999999986,0.055517447054868128
1977,9,1977.6666666681999,0.82736220154503171,0.061514999999999986,0.050896237362902851
1977,8,1977.5833333348701,0.74586514675256854,0.061514999999999986,0.045883149973655224
1977,7,1977.50000000153,0.67029498533075138,0.061514999999999986,0.041234565214499239
1977,6,1977.4166666681999,0.60695062193250537,0.061514999999999986,0.037338076085598408
1977,5,1977.3333333348701,0.57770358477605821,0.061514999999999986,0.035538835355597466
1977,4,1977.25000000154,0.55791854867401924,0.061514999999999986,0.034321766208524979
1977,3,1977.1666666682099,0.44464890523303169,0.061499999999995225,0.027345907671829324
1977,2,1977.0833333348801,0.53410220323052715,0.061515000000003539,0.032856917067759589
1977,1,1977.00000000155,0.56052701459585552,0.061514999999999986,0.034482070368275275
1976,12,1976.9166666682199,0.59674769595647126,0.061514999999999986,0.03670984291101189
1976,11,1976.8333333348901,0.64069515371982311,0.061514999999999986,0.039412934325694364
1976,10,1976.75000000156,0.68400445234419349,0.092279999999998807,0.063327617926464061
1976,9,1976.6666666682299,0.65873302240879339,0.061529999999997642,0.040531842868811507
1976,8,1976.5833333349001,0.6347759238046975,0.061514999999999986,0.039047992305928141
1976,7,1976.50000000157,0.5833250007714661,0.061529999999997642,0.035891987297466933
1976,6,1976.4166666682399,0.58564270700543097,0.09228000000000236,0.052870776147004833
1976,5,1976.3333333349101,0.51829298670209489,0.061529999999997642,0.031890567471778673
1976,4,1976.25000000158,0.54746864896010328,0.061514999999999986,0.033676784193670664
1976,3,1976.1666666682499,0.48206424509902501,0.061529999999997642,0.029661413000941873
1976,2,1976.0833333349201,0.53110416451140985,0.092280000000000584,0.047641758238307332
1976,1,1976.00000000159,0.55783569808462297,0.061514999999999986,0.034314758666809921
1975,12,1975.9166666682599,0.62356574172697354,0.092279999999998807,0.056834115449547327
1975,11,1975.8333333349301,0.77505525199710601,0.06151499999999821,0.047676416222635354
1975,10,1975.7500000016,0.88879515648031671,0.061515000000003539,0.054672418530944983
1975,9,1975.66666666827,0.8331785118530054,0.061514999999999986,0.051251778473952125
1975,8,1975.5833333349401,0.76861008976999878,0.06151499999999821,0.047280243800534152
1975,7,1975.50000000161,0.69099651806823714,0.061514999999999986,0.042506015312955919
1975,6,1975.41666666828,0.6341255246564077,0.061514999999999986,0.03900797535935456
1975,5,1975.3333333349501,0.57690085828746096,0.061514999999999986,0.035488048379735307
1975,4,1975.25000000162,0.557626096394646,0.061514999999999986,0.034302152593265925
1975,3,1975.16666666829,0.54618081659795026,0.061514999999999986,0.033597967191656947
1975,2,1975.0833333349599,0.54489992535270793,0.092279999999998807,0.049595119546075601
1975,1,1975.00000000163,0.57590400692124755,0.092279999999998807,0.052539515616535123
1974,12,1974.9166666683,0.63277965354546728,0.092279999999998807,0.058563000882889224
1974,11,1974.8333333349699,0.6870528570595511,0.061514999999999986,0.042264451290270927
1974,10,1974.75000000164,0.71372956189028358,0.061515000000003539,0.043905339931278771
1974,9,1974.66666666831,0.69445552668525534,0.061514999999999986,0.042719570145534846
1974,8,1974.5833333349799,0.67092824493897263,0.061499999999995225,0.04126208706374361
1974,7,1974.5000000016501,0.64943868726705944,0.061514999999999986,0.0399501085157178
1974,6,1974.41666666832,0.6098704811869663,0.061514999999999986,0.037515676854380023
1974,5,1974.3333333349899,0.61745518672022592,0.061500000000002331,0.037973493983295331
1974,4,1974.2500000016601,0.56237680691862402,0.061514999999999986,0.034594172032114373
1974,3,1974.16666666833,0.56668664336713659,0.061499999999995225,0.034851228567076196
1974,2,1974.0833333349999,0.54514168348219805,0.09228000000000236,0.05013881490199177
1974,1,1974.0000000016701,0.61773025910706059,0.092279999999998807,0.05794563818665361
1973,12,1973.91666666834,0.73104370654660389,0.092280000000000584,0.070095400330321689
1973,11,1973.8333333350099,0.88047856000055391,0.092279999999998807,0.084571585698325596
1973,10,1973.7500000016801,0.95279854092388139,0.06151499999999821,0.058612795802326145
1973,9,1973.66666666835,0.88540489488595431,0.061514999999999986,0.054467321905662114
1973,8,1973.5833333350199,0.80769964501395419,0.061515000000003539,0.049686938376019937
1973,7,1973.5000000016901,0.72547048002165793,0.061514999999999986,0.044628137616087693
1973,6,1973.41666666836,0.65621606756157247,0.061514999999999986,0.04036756310628694
1973,5,1973.3333333350299,0.60369402316780019,0.061514999999996434,0.037136479106695819
1973,4,1973.2500000017001,0.56749817525171253,0.061514999999999986,0.034909910428465613
1973,3,1973.16666666837,0.51530666721171803,0.061500000000002331,0.031691360033521861
1973,2,1973.0833333350399,0.54781763040746989,0.09228000000000236,0.051650364308471544
1973,1,1973.0000000017101,0.58507334710687409,0.092279999999997031,0.056216824393090559
1972,12,1972.91666666838,0.69912374353066542,0.09228000000000236,0.067133925397950961
1972,11,1972.8333333350499,0.81765610583242809,0.092279999999998807,0.07776900941611728
1972,10,1972.7500000017201,0.88649752668594484,0.061514999999996434,0.05453353605880458
1972,9,1972.66666666839,0.8795089891206882,0.061514999999999986,0.054103533185107196
1972,8,1972.5833333350599,0.84628648103967841,0.061515000000003539,0.052059562522099881
1972,7,1972.5000000017301,0.79911816979264527,0.061514999999999986,0.049157506660015768
1972,6,1972.4166666684,0.74989877010945816,0.061514999999999986,0.046129238532517811
1972,5,1972.3333333350699,0.6984220546533304,0.061514999999996434,0.042962366525812395
1972,4,1972.2500000017401,0.66192235497246799,0.061514999999999986,0.040717040665627202
1972,3,1972.16666666841,0.70398862176066901,0.061500000000002331,0.043295300238282784
1972,2,1972.0833333350799,0.63707622531423547,0.061515000000003539,0.039188903247009022
1972,1,1972.0000000017501,0.69904663670180089,0.06151499999999821,0.043000410549533685
1971,12,1971.91666666842,0.77504116873902662,0.061514999999999986,0.047674685730504519
1971,11,1971.8333333350899,0.98759310234351017,0.061499999999998778,0.060736975794124598
1971,10,1971.7500000017601,0.86655856878252135,0.061514999999999986,0.053303584471460178
1971,9,1971.66666666843,0.83927487750865759,0.061514999999999986,0.051625406577474692
1971,8,1971.5833333351,0.79495005838579136,0.061515000000003539,0.048898852813662103
1971,7,1971.5000000017701,0.91421172730301126,0.061500000000002331,0.056224021229137326
1971,6,1971.41666666844,0.72409987403993359,0.061514999999996434,0.044540833762544148
1971,5,1971.33333333511,0.69889036090069134,0.061514999999999986,0.042990161861852755
1971,4,1971.2500000017801,0.67532478903212478,0.061514999999999986,0.041540600252324894
1971,3,1971.16666666845,0.78148534224071908,0.061500000000002331,0.048061348547806047
1971,2,1971.08333333512,0.6562123213735811,0.1230449999999994,0.074139806149955564
1971,1,1971.0000000017901,0.73534557583763394,0.092279999999998807,0.065520798674641473
1970,12,1970.91666666846,0.87335684215461673,0.12304500000000118,0.10639164735969103
1970,11,1970.83333333513,1.0451328934355408,0.092279999999997031,0.095509208800991979
1970,10,1970.7500000017999,1.1326089973484219,0.061514999999999986,0.06967105601830384
1970,9,1970.66666666847,1.0827361284060211,0.061515000000003539,0.06660354015624205
1970,8,1970.58333333514,1.0626756477432346,0.061499999999998778,0.06535455233620753
1970,7,1970.5000000018099,1.0094561435465546,0.061514999999999986,0.062096217304779197
1970,6,1970.41666666848,1.0011970253198792,0.061514999999999986,0.061587625202682392
1970,5,1970.33333333515,1.0965431216947348,0.061499999999995225,0.067437401984220949
1970,4,1970.2500000018199,0.97966762149811881,0.061514999999999986,0.060263034306500596
1970,3,1970.1666666684901,1.0183736711486351,0.061500000000002331,0.062629980775643426
1970,2,1970.08333333516,0.94020603272322822,0.092280000000000584,0.085092051208857711
1970,1,1970.0000000018299,0.96940340578135875,0.061514999999999986,0.05963209678410207
1969,12,1969.9166666685001,1.0032494770922562,0.061514999999999986,0.061714283799767657
1969,11,1969.83333333517,1.0280498346322551,0.06151499999999821,0.063240177302678391
1969,10,1969.7500000018399,1.0436948641719557,0.061514999999999986,0.064202771604505576
1969,9,1969.6666666685101,0.96956817673825757,0.061500000000002331,0.0596284428694051
1969,8,1969.58333333518,0.95475938809894667,0.061515000000003539,0.058733200226528552
1969,7,1969.5000000018499,0.7922823998725137,0.061499999999995225,0.048725367592155809
1969,6,1969.4166666685201,0.86059322140871108,0.061514999999999986,0.05294155489153235
1969,5,1969.33333333519,0.68919847625070019,0.061500000000002331,0.042385706289419671
1969,4,1969.2500000018599,0.82332953822267652,0.061514999999999986,0.050649369067141778
1969,3,1969.1666666685301,0.65778201599430153,0.061500000000002331,0.04045359398365108
1969,2,1969.0833333352,0.81999385490238408,0.092279999999997031,0.080467464550891099
1969,1,1969.0000000018699,0.89409810530350242,0.061515000000003539,0.055002626390723591
1968,12,1968.9166666685401,0.96184043484339998,0.061514999999999986,0.059169782855944403
1968,11,1968.83333333521,1.0303112708871873,0.061514999999999986,0.063381668078064002
1968,10,1968.7500000018799,1.0384512429164885,0.092279999999997031,0.10042700371286285
1968,9,1968.6666666685501,0.98864755295108742,0.061515000000003539,0.060818480655911666
1968,8,1968.58333333522,0.90068389079197808,0.092279999999998807,0.085817745546878155
1968,7,1968.5000000018899,0.79176781927936224,0.061514999999996434,0.048707177668561676
1968,6,1968.4166666685601,0.73488545880311362,0.061514999999999986,0.045208356106465238
1968,5,1968.33333333523,0.67493008048715109,0.09228000000000236,0.066681210567850799
1968,4,1968.2500000018999,0.64833088795215477,0.061514999999999986,0.039884031879151169
1968,3,1968.1666666685701,0.63679361560082148,0.061514999999996434,0.039174219437992042
1968,2,1968.08333333524,0.65325552941825471,0.09228000000000236,0.063930916551017569
1968,1,1968.0000000019099,0.71833965667450173,0.061514999999999098,0.044190286891017963
1967,12,1967.9166666685801,0.79173323502145254,0.092279999999997919,0.076665669873250214
1967,11,1967.83333333525,0.88295773933667054,0.061514999999999098,0.054316564734171645
1967,10,1967.7500000019199,0.94691069784270177,0.061515000000003539,0.058249920171202549
1967,9,1967.6666666685901,0.92891671244174523,0.061514999999999986,0.057143020416545794
1967,8,1967.58333333526,0.84268767221278218,0.061500000000002331,0.05182529184108807
1967,7,1967.5000000019299,0.86283861947242768,0.061514999999996434,0.053078371725570561
1967,6,1967.4166666686001,0.8073603104575422,0.061514999999999986,0.049665320722574957
1967,5,1967.33333333527,0.75725987751855151,0.061500000000002331,0.046571482467392684
1967,4,1967.25000000194,0.76853211606127414,0.061514999999999986,0.047276515335857611
1967,3,1967.1666666686101,0.74510808899552705,0.061500000000002331,0.045824147473226648
1967,2,1967.08333333528,0.76979204617465991,0.092279999999998807,0.071980941400166545
1967,1,1967.00000000195,0.82385983132519125,0.061514999999999986,0.050681007238779933
1966,12,1966.9166666686201,0.89069080913435106,0.092279999999998807,0.086789640965439951
1966,11,1966.83333333529,0.93084261640114119,0.061515000000003539,0.057263595369640402
1966,10,1966.75000000196,0.93321164233784248,0.061514999999999986,0.057409330892305266
1966,9,1966.6666666686299,1.0834230086251984,0.061529999999997642,0.066663017720705903
1966,8,1966.5833333353,0.86714743334945665,0.061514999999996434,0.053344735752215044
1966,7,1966.50000000197,0.92137086080539166,0.061529999999997642,0.056691949065353575
1966,6,1966.4166666686399,0.76508947205974365,0.061515000000003539,0.04706556034167405
1966,5,1966.33333333531,0.774294010835616,0.061529999999997642,0.047642310486713628
1966,4,1966.25000000197,0.70043916368080628,0.061514999999999986,0.043088060502733894
1966,3,1966.1666666686399,0.72034430115228865,0.061529999999997642,0.044322784849898621
1966,2,1966.08333333531,0.68577815865211367,0.092280000000001472,0.064524103644671288
1966,1,1966.00000000198,0.76071180503384583,0.061514999999999098,0.046795074917565627
1965,12,1965.9166666686499,0.8976235070177776,0.061514999999999986,0.055215510530070913
1965,11,1965.83333333532,0.96222917664804986,0.061514999999999098,0.059189045161792561
1965,10,1965.75000000199,0.99329975537863335,0.092280000000001181,0.08565333158546834
1965,9,1965.6666666686599,0.93047141481183215,0.061514999999999986,0.057235585191566012
1965,8,1965.5833333353301,0.8530966813060229,0.092279999999997031,0.074985890386839976
1965,7,1965.500000002,0.76968665049060958,0.061514999999999986,0.04734603170159149
1965,6,1965.4166666686699,0.75556484778040778,0.061515000000003539,0.046477141518525986
1965,5,1965.3333333353401,0.77976159000197631,0.092279999999997031,0.067352174571080559
1965,4,1965.25000000201,0.76777972000196737,0.061514999999999986,0.047227495611363537
1965,3,1965.1666666686799,0.73418142123277907,0.06151499999999821,0.045160930900269625
1965,2,1965.0833333353501,0.72572351260022039,0.09228000000000236,0.062481621923647063
1965,1,1965.00000000202,0.74906687473246936,0.061514999999999986,0.04607681196193774
1964,12,1964.9166666686899,0.81432198443119486,0.092279999999997031,0.071021654259274203
1964,11,1964.8333333353601,0.88088017997482637,0.061515000000003539,0.054185151121484795
1964,10,1964.75000000203,0.89606985256157445,0.061514999999998807,0.055119371307984236
1964,9,1964.6666666686999,0.93664527264361774,0.061500000000002331,0.057603684267584672
1964,8,1964.5833333353701,0.79189417475017443,0.061514999999999986,0.048712199030689921
1964,7,1964.50000000204,0.82606666779088656,0.061499999999998778,0.050803100069138477
1964,6,1964.4166666687099,0.74203483225799749,0.061514999999999986,0.045645268326060612
1964,5,1964.3333333353801,0.81086494301709733,0.061499999999998778,0.049868193995550494
1964,4,1964.25000000205,0.71148726463150935,0.061514999999999986,0.043766108553973386
1964,3,1964.1666666687199,0.72840329513268798,0.061500000000002331,0.044796802650662014
1964,2,1964.0833333353901,0.6754264957235474,0.1230449999999994,0.080553461372516302
1964,1,1964.00000000206,0.69855779359938297,0.15381,0.10416266572961994
1963,12,1963.9166666687299,0.78015999981462358,0.12304499999999585,0.095597577153176627
1963,11,1963.8333333354001,0.86686801980125172,0.12304500000000118,0.10772320784979647
1963,10,1963.75000000207,0.90646601838389584,0.061514999999999986,0.055761434846767169
1963,9,1963.6666666687399,0.87924377704359602,0.061500000000002331,0.054073492288183207
1963,8,1963.5833333354101,0.84746183879380399,0.061514999999999986,0.052131875099579131
1963,7,1963.50000000208,0.78385910701120132,0.061499999999995225,0.048207335081185139
1963,6,1963.4166666687499,0.77475840026624865,0.061515000000003539,0.047659778557040455
1963,5,1963.3333333354201,0.71681507596418759,0.061500000000002331,0.044084127171799208
1963,4,1963.25000000209,0.73859017146078965,0.061514999999999986,0.045434884260256964
1963,3,1963.1666666687599,0.69249179786678094,0.061500000000002331,0.042588245568808643
1963,2,1963.0833333354301,0.73983238535051954,0.12304499999999585,0.093880407667290222
1963,1,1963.0000000021,0.83120020570230002,0.09228000000000236,0.078103455293732915
1962,12,1962.9166666687699,0.92783799812575007,0.12304499999999585,0.11657805753464377
1962,11,1962.8333333354401,1.0031343383336127,0.09228000000000236,0.094996987810039901
1962,10,1962.75000000211,1.0486862797084853,0.061514999999999986,0.064511555661502851
1962,9,1962.66666666878,1.0300119061073783,0.06151499999999821,0.063362996691287712
1962,8,1962.5833333354501,0.98380103443710742,0.061514999999999986,0.060520183286395773
1962,7,1962.50000000212,0.92844399199055339,0.061515000000001763,0.057114548057778325
1962,6,1962.41666666879,0.87300863791028505,0.061514999999999986,0.053704176281147264
1962,5,1962.3333333354601,0.80830870338394112,0.061514999999999986,0.049724232469679608
1962,4,1962.25000000213,0.75264667892595871,0.06151499999999821,0.046300274865932495
1962,3,1962.1666666688,0.71841084157602153,0.061514999999999986,0.044194167602439362
1962,2,1962.0833333354699,0.71246576434238706,0.092280000000001181,0.067632988190972188
1962,1,1962.00000000214,0.78426544069694348,0.061514999999999986,0.04824461088396638
1961,12,1961.91666666881,0.88248714518641291,0.092279999999997031,0.082627406438601947
1961,11,1961.8333333354799,0.97348828429841328,0.061515000000003539,0.059884513710377257
1961,10,1961.75000000215,0.9824121830001703,0.061514999999999986,0.060433402179381035
1961,9,1961.66666666882,0.89283120333738264,0.061499999999998778,0.054909119005247885
1961,8,1961.5833333354899,0.9000147750357822,0.061514999999999986,0.055365548449113497
1961,7,1961.50000000216,0.75607047789844062,0.061499999999998778,0.046498334390753231
1961,6,1961.41666666883,0.71092087844988916,0.061500000000002331,0.043721634024669845
1961,5,1961.3333333354999,0.81030098074259282,0.061514999999999986,0.049847567107020672
1961,4,1961.2500000021701,0.6571482720177636,0.061499999999998778,0.040414618729091634
1961,3,1961.16666666884,0.63214919086403021,0.061500000000002331,0.038877175238139335
1961,2,1961.0833333355099,0.77100453221288023,0.092280000000000584,0.075569882100363722
1961,1,1961.0000000021801,0.79771131101797854,0.061514999999999986,0.049073566799330101
1960,12,1960.91666666885,0.87012609299962007,0.092279999999998807,0.085724918601479391
1960,11,1960.8333333355199,0.96086272481163915,0.06151499999999821,0.059110008224242172
1960,10,1960.7500000021901,0.99677176057170236,0.09228000000000236,0.096833256267796805
1960,9,1960.66666666886,0.97720845318570082,0.061514999999999986,0.060115159070035534
1960,8,1960.5833333355299,0.93762464432635906,0.092279999999998807,0.09000577946729045
1960,7,1960.5000000022001,0.90087691707313167,0.061514999999999986,0.055418697607540535
1960,6,1960.41666666887,0.87800591466047229,0.092279999999998807,0.083151998006114558
1960,5,1960.3333333355399,0.85713086964896734,0.061514999999999986,0.052727278183131693
1960,4,1960.2500000022101,0.82639524063003555,0.09228000000000236,0.077401162468853174
1960,3,1960.16666666888,0.81174362733241989,0.061529999999997642,0.049946585389761884
1960,2,1960.0833333355499,0.79101768270852535,0.092279999999997628,0.073135240539585186
1960,1,1960.0000000022201,0.81850768143055608,0.09228000000000236,0.075530743789895494
1959,12,1959.91666666889,0.8749766096373115,0.092279999999997031,0.080190002548264486
1959,11,1959.8333333355599,0.95175643245107533,0.061514999999999986,0.058546230226271666
1959,10,1959.7500000022301,0.97906429324480482,0.09228000000000236,0.087350341184010527
1959,9,1959.6666666689,0.94380997745709805,0.061514999999999986,0.058056945408624563
1959,8,1959.5833333355699,0.90300491673828553,0.061514999999996434,0.055546663181033518
1959,7,1959.5000000022401,0.86348980511278839,0.061514999999999986,0.053115736311769121
1959,6,1959.41666666891,0.82601991593794089,0.061514999999999986,0.050810867860163048
1959,5,1959.3333333355799,0.79031165713155627,0.061515000000003539,0.048614572802454514
1959,4,1959.2500000022501,0.75872467512818986,0.061514999999999986,0.046671808888159597
1959,3,1959.16666666892,0.72889021293052514,0.061514999999996434,0.044836834822372981
1959,2,1959.0833333355899,0.72507675690319329,0.12304500000000118,0.086805700263459379
1959,1,1959.0000000022601,0.77375249128504953,0.092279999999997628,0.070900026955962869
1958,12,1958.91666666893,0.85118888751933686,0.092279999999998807,0.077238780556165954
1958,11,1958.8333333355999,0.92563176676671566,0.092280000000000584,0.082802526551802674
1958,10,1958.7500000022701,0.96941713356825154,0.061514999999999986,0.059631888709873057
1958,9,1958.66666666894,0.92985218866097163,0.061514999999999986,0.057198483143614053
1958,8,1958.58333333561,0.87292583521773648,0.06151499999999821,0.053697183811506899
1958,7,1958.5000000022801,0.82636314444616521,0.061515000000003539,0.050833162249053279
1958,6,1958.41666666895,0.79974667655225884,0.061515000000003539,0.049195784980922828
1958,5,1958.33333333562,0.77084250744569494,0.061514999999999986,0.047417636030610888
1958,4,1958.2500000022901,0.74112100522786561,0.061515000000003539,0.045589135468850336
1958,3,1958.16666666896,0.7137633899536644,0.061515000000003539,0.043906049032415621
1958,2,1958.08333333563,0.71976726923189971,0.12304500000000711,0.083427471461314975
1958,1,1958.0000000023001,0.84553002453812831,0.092280000000005913,0.075922618842517692
1957,12,1957.91666666897,0.97732127370230826,0.092280000000004136,0.089098283138416973
1957,11,1957.83333333564,1.0969159998058311,0.092280000000005913,0.10083370729365151
1957,10,1957.7500000023099,1.1284887689162235,0.061515000000003539,0.069418939071051969
1957,9,1957.66666666898,1.0822762301116402,0.061514999999999986,0.066576218391006109
1957,8,1957.58333333565,1.01365567859689,0.061515000000003539,0.062354768838972341
1957,7,1957.5000000023199,0.95953692064674745,0.061500000000002331,0.059011520619777207
1957,6,1957.41666666899,0.89290710522852235,0.061515000000001763,0.054927250887975815
1957,5,1957.33333333566,0.82020531466414226,0.061515000000003539,0.050454817086373907
1957,4,1957.2500000023299,0.77280441085774987,0.061515000000003539,0.04753887784852244
1957,3,1957.1666666690001,0.74478560151125328,0.061500000000002331,0.04580431449294381
1957,2,1957.08333333567,0.75594777605960584,0.092280000000004136,0.070345899725182445
1957,1,1957.0000000023399,0.81950061162908594,0.061515000000003539,0.05041259940306847
1956,12,1956.9166666690101,0.95855086358243635,0.092280000000004136,0.092433721039487965
1956,11,1956.83333333568,1.1340480507118049,0.061515000000003539,0.069762994988417162
1956,10,1956.7500000023499,1.1718983459342014,0.061515000000003539,0.072091240806269302
1956,9,1956.6666666690201,1.1015280779224683,0.061514999999999986,0.067762687673037489
1956,8,1956.58333333569,1.0154544449257785,0.061515000000003539,0.062467833765993311
1956,7,1956.5000000023599,0.93139023455847147,0.061515000000003539,0.057296707005595304
1956,6,1956.4166666690301,0.8766430404909753,0.061515000000003539,0.053928965945493818
1956,5,1956.3333333357,0.82614834607187371,0.061515000000001763,0.050823042711814592
1956,4,1956.2500000023699,0.80584673021564646,0.061515000000003539,0.049574149683437464
1956,3,1956.1666666690401,0.6372081662289597,0.061500000000002331,0.039188302223082505
1956,2,1956.08333333571,0.80670632455073732,0.092280000000004733,0.079212614715033394
1956,1,1956.0000000023799,0.86915481317011545,0.061515000000003539,0.05346794691131225
1955,12,1955.9166666690501,0.95791205116490019,0.061515000000002359,0.058927288771992103
1955,11,1955.83333333572,1.029561265802118,0.061515000000002359,0.063334586819266847
1955,10,1955.7500000023899,1.0414513506951668,0.092280000000005913,0.098844807427828502
1955,9,1955.6666666690601,0.95412323313139291,0.061515000000003539,0.058694159742945035
1955,8,1955.58333333573,0.8735887042580357,0.061515000000003539,0.053739840147314553
1955,7,1955.5000000023999,0.81268265820991381,0.061514999999999986,0.049993190563428894
1955,6,1955.4166666690701,0.75448436337045388,0.061515000000003539,0.046412922364107705
1955,5,1955.33333333574,0.70744392254603627,0.061515000000003539,0.043518913999379384
1955,4,1955.2500000024099,0.66687783750617768,0.061515000000003539,0.041023254048873151
1955,3,1955.1666666690801,0.63495424009257695,0.061515000000003539,0.039059355436338677
1955,2,1955.08333333575,0.63248236067185926,0.12304500000000651,0.078011391510667105
1955,1,1955.0000000024099,0.70459007486908887,0.092280000000005913,0.065959938365619947
1954,12,1954.9166666690801,0.84495288897640997,0.12304500000000651,0.10944895492516338
1954,11,1954.83333333575,1.0005898532201183,0.092280000000005913,0.095500914054379868
1954,10,1954.7500000024199,1.0528917773394424,0.061515000000003539,0.064769799031828834
1954,9,1954.6666666690901,1.0274743086731355,0.061515000000003539,0.063206383177655159
1954,8,1954.58333333576,0.99772330281042865,0.061514999999999986,0.061376304265276418
1954,7,1954.5000000024299,0.87455736846686971,0.061500000000009436,0.053785278160720741
1954,6,1954.4166666691001,0.95784397990035774,0.061514999999999986,0.058923367622945255
1954,5,1954.33333333577,0.94540171983348442,0.061514999999999986,0.058157914731838664
1954,4,1954.2500000024399,0.93648623397283703,0.061515000000007092,0.057609468550880394
1954,3,1954.1666666691101,0.82736900595175777,0.061499999999995225,0.050883193866029151
1954,2,1954.08333333578,0.93287830187293652,0.061515000000002359,0.057387555272069138
1954,1,1954.00000000245,0.95142456128538644,0.061515000000004719,0.05852830814440399
1953,12,1953.9166666691201,0.99724573306579112,0.061515000000002359,0.061346700439777441
1953,11,1953.83333333579,1.0461115777923489,0.061515000000002359,0.064352472529642393
1953,10,1953.75000000246,1.0698203500691896,0.09228000000000236,0.1004375700317203
1953,9,1953.6666666691301,1.0335513537853864,0.061515000000007092,0.063579410365045441
1953,8,1953.5833333358,0.99042986368416697,0.061514999999999986,0.06092634528448343
1953,7,1953.50000000247,0.95137382674772275,0.061515000000007092,0.058523431206657359
1953,6,1953.4166666691401,0.91568090109565636,0.061514999999999986,0.056327646887349259
1953,5,1953.33333333581,0.87317059978928691,0.061514999999999986,0.053712773566020632
1953,4,1953.25000000248,0.83223761663154883,0.061515000000007092,0.051194909173768302
1953,3,1953.1666666691499,0.79364957480377485,0.061514999999999986,0.048821289680679114
1953,2,1953.08333333582,0.79498732693943097,0.092280000000004733,0.073402258510976398
1953,1,1953.00000000249,0.87446745305904394,0.061515000000004719,0.053793154062146395
1952,12,1952.9166666691699,0.99515857079411352,0.092280000000004733,0.093930765654111847
1952,11,1952.8333333358401,1.1144385170340303,0.061515000000002359,0.068555854307501274
1952,10,1952.75000000251,1.150010532586776,0.061515000000003539,0.070743695896801018
1952,9,1952.6666666691799,1.1137402991865308,0.061514999999999986,0.068512351978874217
1952,8,1952.5833333358501,1.0631040491372379,0.061515000000003539,0.065397028761022935
1952,7,1952.50000000252,1.0421837952505608,0.061499999999995225,0.064094303407904521
1952,6,1952.4166666691899,1.0179085356064816,0.061515000000003539,0.062616334654717123
1952,5,1952.3333333358601,0.98097848707008484,0.061515000000007092,0.06034427101318024
1952,4,1952.25000000253,0.93376968965360119,0.061514999999999986,0.057440432063489394
1952,3,1952.1666666691999,0.90318670582496607,0.061500000000009436,0.055545982408243939
1952,2,1952.0833333358701,0.89755534820096183,0.12304500000000829,0.11061618829195566
1952,1,1952.00000000254,0.92888060038932863,0.09228000000000236,0.085374996434639971
1951,12,1951.9166666692099,0.97437681874199655,0.12304500000000829,0.11913627319046774
1951,11,1951.8333333358801,1.0340019271268743,0.092280000000009466,0.095794407353784555
1951,10,1951.75000000255,1.0633760683740949,0.09228000000000236,0.098711015708196972
1951,9,1951.6666666692199,0.99650325058959011,0.061515000000007092,0.061300274140449723
1951,8,1951.5833333358901,0.90235993181631324,0.092280000000005913,0.084129996857925243
1951,7,1951.50000000256,0.82563841404733573,0.061514999999999986,0.050789683369430745
1951,6,1951.4166666692299,0.76820991586054266,0.092280000000005913,0.072040102360249242
1951,5,1951.3333333359001,0.70524441118401404,0.061514999999999986,0.043383550280768915
1951,4,1951.25000000257,0.65451836422277188,0.092280000000005913,0.06060463112041857
1951,3,1951.1666666692399,0.62505270198929963,0.061514999999999986,0.038449857005561514
1951,2,1951.0833333359101,0.62980155528973936,0.12304500000000947,0.075683589594881862
1951,1,1951.00000000258,0.75653515585150544,0.12304500000000473,0.092724613898500993
1950,12,1950.9166666692499,0.88414996241467469,0.12304500000000829,0.11143581921579403
1950,11,1950.8333333359201,0.93576045028122157,0.12304500000000829,0.11849021017949871
1950,10,1950.75000000259,0.96005678143731621,0.061514999999999986,0.059058700887416354
1950,9,1950.6666666692599,0.9535914047162537,0.061515000000007092,0.058660954788264108
1950,8,1950.5833333359301,0.89759403904672452,0.061499999999995225,0.055202033401369276
1950,7,1950.5000000026,0.94040531412664707,0.061515000000007092,0.057849741032162214
1950,6,1950.4166666692699,0.92597772224034158,0.061514999999999986,0.056962167145903873
1950,5,1950.3333333359401,0.85531822592636508,0.061499999999995225,0.052602070894467369
1950,4,1950.25000000261,0.89183406664885723,0.061515000000007092,0.054862125234674472
1950,3,1950.1666666692699,0.8021861544841693,0.061499999999995225,0.049334448500772579
1950,2,1950.0833333359401,0.8736850798404352,0.092280000000004733,0.083176790073471132
1950,1,1950.00000000261,0.92093054440911193,0.061515000000004719,0.056652327135896061
1949,12,1949.9166666692799,1.0699129328287831,0.092280000000004733,0.10053308288001482
1949,11,1949.8333333359501,1.235800046273043,0.061515000000002359,0.076020430858636634
1949,10,1949.75000000262,1.3018908044660877,0.09228000000000236,0.11856511894539393
1949,9,1949.66666666929,1.2161033311547833,0.092280000000009466,0.10924071522143036
1949,8,1949.5833333359601,1.1263403122838129,0.09228000000000236,0.099401966269278608
1949,7,1949.50000000263,1.0553042529286856,0.092280000000009466,0.091848090695992923
1949,6,1949.4166666693,0.97718206278891429,0.09228000000000236,0.083322315863826865
1949,5,1949.3333333359701,0.9029215079633508,0.09228000000000236,0.07509000132026121
1949,4,1949.25000000264,0.85959226945828027,0.092280000000009466,0.07065199810513817
1949,3,1949.16666666931,0.83765819006149,0.061514999999999986,0.051524411325061199
1949,2,1949.0833333359799,0.83654685311765775,0.092280000000009466,0.068890231713420041
1949,1,1949.00000000265,0.88802666769269356,0.061514999999999986,0.054622590627715184
1948,12,1948.91666666932,0.95012935101258589,0.09228000000000236,0.078212597469881767
1948,11,1948.8333333359899,1.0065672677190807,0.061515000000007092,0.061913972721583249
1948,10,1948.75000000266,1.0231569736333144,0.12304500000000473,0.10364679713791655
1948,9,1948.66666666933,0.62580187398848597,0.1230600000000095,0.07701117861302903
1948,8,1948.5833333359999,0.93046198535516011,0.092280000000009466,0.075635458295797958
1948,7,1948.50000000267,0.57089521580135449,0.1230600000000095,0.07025436525652011
1948,6,1948.41666666934,0.85327983882916958,0.09228000000000236,0.069569396881611845
1948,5,1948.3333333360099,0.5524228090147083,0.1230600000000095,0.067981150877355248
1948,4,1948.2500000026801,0.79455506215609761,0.09228000000000236,0.065457667687678148
1948,3,1948.16666666935,0.51485516018177635,0.1230600000000095,0.063358076011974282
1948,2,1948.0833333360199,0.78373426089239562,0.12304500000000829,0.08011010421860576
1948,1,1948.0000000026901,0.86380627874446614,0.092280000000005913,0.070410907600016004
1947,12,1947.91666666936,0.93490152624374079,0.092280000000004136,0.07651505523214952
1947,11,1947.8333333360299,1.0813134398308044,0.092280000000004733,0.091310448237499398
1947,10,1947.7500000027001,1.158560270642111,0.092280000000005913,0.10093541632435607
1947,9,1947.66666666937,1.0566664591531316,0.092280000000005913,0.092098163656278612
1947,8,1947.5833333360399,0.97189053548495175,0.09228000000000236,0.084905129061601886
1947,7,1947.5000000027101,0.90351277037600775,0.092280000000005913,0.079553243521613581
1947,6,1947.41666666938,0.82317390303310201,0.092280000000005913,0.073558909579597861
1947,5,1947.3333333360499,0.78749964617815937,0.09228000000000236,0.071575370119158002
1947,4,1947.2500000027201,0.78316237968949698,0.092280000000005913,0.071573239558071489
1947,3,1947.16666666939,0.76874443030300621,0.061515000000007092,0.047289011942361028
1947,2,1947.0833333360599,0.78980411956598306,0.092280000000004733,0.071562206813177973
1947,1,1947.0000000027301,0.86898490056701538,0.092280000000004733,0.07713945125392252
1946,12,1946.9166666694,0.92137243132202118,0.092280000000004733,0.081678256396222282
1946,11,1946.8333333360699,0.994991786913068,0.061515000000002359,0.061204731728373311
1946,10,1946.7500000027401,1.0406607562010806,0.092280000000009466,0.090379579181232225
1946,9,1946.66666666941,1.001682349766805,0.061514999999999986,0.061615913956557425
1946,8,1946.5833333360799,0.95400620653872459,0.092280000000009466,0.082779346217659033
1946,7,1946.5000000027501,0.90645768431508467,0.061514999999999986,0.055758161804466258
1946,6,1946.41666666942,0.85701988429173115,0.09228000000000236,0.073690797125221391
1946,5,1946.3333333360899,0.80332413281155057,0.061515000000007092,0.049413893396952943
1946,4,1946.2500000027601,0.75827735006777552,0.09228000000000236,0.06489640366504848
1946,3,1946.16666666943,0.72219377453471512,0.061515000000007092,0.044423487299720982
1946,2,1946.0833333360999,0.74385331501257124,0.09228000000000236,0.063267687075908741
1946,1,1946.0000000027701,0.93390371126862826,0.092280000000005913,0.076509223796997178
1945,12,1945.91666666944,1.1671894017723008,0.092280000000005913,0.094653999018032398
1945,11,1945.8333333361099,1.3109870896357301,0.092280000000005913,0.10666267736211592
1945,10,1945.7500000027801,1.3379196859346103,0.061515000000003539,0.082294962936717064
1945,9,1945.66666666945,1.2170471107374934,0.061514999999999986,0.074861098010427979
1945,8,1945.5833333361199,1.1127114370205202,0.061515000000003539,0.068444193229085612
1945,7,1945.5000000027901,1.3266877398001033,0.061499999999995225,0.081591295997700028
1945,6,1945.41666666946,1.0596698998347578,0.061515000000003539,0.065181880857668989
1945,5,1945.33333333613,1.0424333925400968,0.061514999999999986,0.064121595809412069
1945,4,1945.2500000028001,1.028953414633877,0.061515000000003539,0.063292322890604297
1945,3,1945.16666666947,1.2691420420953243,0.061500000000009436,0.078052235588874419
1945,2,1945.08333333614,1.0232964645545766,0.12304500000000473,0.11063306527480224
1945,1,1945.0000000028101,1.0754685381801243,0.092280000000005913,0.092357540031064306
1944,12,1944.91666666948,0.95520358922629034,0.18459000000001424,0.17632103053529455
1944,11,1944.83333333615,1.1396111365119539,0.1230600000000095,0.14024054645917186
1944,10,1944.7500000028199,1.2261978506569633,0.1230600000000095,0.15089590750185755
1944,9,1944.66666666949,1.0945426841133048,0.1230600000000095,0.13469442270699369
1944,8,1944.58333333616,0.96330710300232703,0.1230600000000095,0.11854457209547552
1944,7,1944.5000000028299,0.83302963787998585,0.1230600000000095,0.10251262723751897
1944,6,1944.4166666695,0.74829960626993897,0.1230600000000095,0.092085749547585791
1944,5,1944.33333333617,0.73339844702145862,0.1230600000000095,0.090252012890467664
1944,4,1944.2500000028399,0.71210515679110242,0.1230600000000095,0.087631660594719829
1944,3,1944.1666666695101,0.64497267427054816,0.1230600000000095,0.079370337295739779
1944,2,1944.08333333618,0.61698442179136603,0.1230600000000095,0.075926102945651358
1944,1,1944.0000000028499,0.65965310196251781,0.061530000000004748,0.040588455363756853
1943,12,1943.9166666695201,0.75515994616520976,0.1230600000000095,0.092929982975097886
1943,11,1943.83333333619,0.84834582098166988,0.061530000000004748,0.052198718365006176
1943,10,1943.7500000028599,0.87679279821220313,0.1230600000000095,0.10789812174800205
1943,9,1943.6666666695301,0.85589476208042625,0.061530000000004748,0.052663204710812692
1943,8,1943.5833333362,0.83144254127986394,0.061530000000004748,0.051158659564953975
1943,7,1943.5000000028699,0.80237875575797024,0.061530000000004748,0.04937036484179172
1943,6,1943.4166666695401,0.74854204962919979,0.1230600000000095,0.092115584627376429
1943,5,1943.33333333621,0.6917914659519776,0.061530000000004748,0.042565928900028464
1943,4,1943.2500000028799,0.66322011069618247,0.061530000000004748,0.040807933411139259
1943,3,1943.1666666695501,0.64772513183057112,0.061530000000004748,0.03985452736153812
1943,2,1943.08333333622,0.67662122829502624,0.18459000000001424,0.12489751253098853
1943,1,1943.0000000028899,0.83208387634980285,0.1230600000000095,0.10239624182361463
1942,12,1942.9166666695601,0.9874302120513917,0.18459000000001424,0.18226974284258046
1942,11,1942.83333333623,1.0539780532477745,0.1230600000000095,0.12970253923268113
1942,10,1942.7500000028999,1.0774409960394495,0.061530000000004748,0.066294944486312443
1942,9,1942.6666666695701,1.0533834828593134,0.061530000000004748,0.064814685700338548
1942,8,1942.58333333624,1.0001516596060063,0.061530000000004748,0.061539331615562312
1942,7,1942.5000000029099,Nan,Nan,Nan
1942,6,1942.4166666695801,0.94118908550253488,0.061530000000004748,0.057911364430975443
1942,5,1942.33333333625,0.89336865844370694,0.061530000000004748,0.054968973554045529
1942,4,1942.2500000029199,0.86292921044296156,0.061530000000004748,0.053096034318559519
1942,3,1942.1666666695901,Nan,Nan,Nan
1942,2,1942.08333333626,0.8562932651281332,0.1230600000000095,0.1053754492066762
1942,1,1942.0000000029299,0.89334661454121322,0.1230600000000095,0.10993523438545018
2015,12,2015.9166666666665,0.56952501689403068,0.11993333333333307,0.065975015410810856
2015,11,2015.8333333333333,0.65304770088693886,0.071933333333333557,0.047424990917200982
2015,10,2015.7499999999998,0.69733836236669688,0.071949999999999736,0.050744672070835509
2015,9,2015.6666666666665,0.66466492933870203,0.07195000000000018,0.048115199132908681
2015,8,2015.5833333333333,0.60622300116078931,0.048000000000000043,0.029098704055717912
2015,7,2015.4999999999998,0.56815753010799952,0.071949999999999958,0.041199495744657547
2015,6,2015.4166666666665,0.51481286057719933,0.071949999999999958,0.037138247674425424
2015,5,2015.3333333333333,0.47438404117193594,0.048000000000000043,0.022770433976252946
2015,4,2015.2499999999998,0.46963224390553537,0.071949999999999958,0.034406994872282985
2015,3,2015.1666666666665,0.41816697190915897,0.047899999999999832,0.020030197954448645
2015,2,2015.083333333333,0.44839410540433683,0.11993333333333329,0.056697012784154906
2015,1,2014.9999999999998,0.50111488708618546,0.071933333333333335,0.03685472891625196
2014,12,2014.9166666666665,0.61429979960667824,0.11993333333333352,0.074751568478487032
2014,11,2014.8333333333333,0.72651465547838745,0.071949999999999889,0.051629191330202315
2014,10,2014.75,0.77373022020408555,0.071975000000000122,0.054284921274143499
2014,9,2014.6666666666665,0.75123036016116274,0.071949999999999958,0.05283855698709896
2014,8,2014.5833333333333,0.71873145562708174,0.071949999999999958,0.050635824715339672
2014,7,2014.5,0.68665355257688254,0.071949999999999958,0.048283772913644524
2014,6,2014.4166666666665,0.66014232747379431,0.071949999999999958,0.046206388515628291
2014,5,2014.3333333333333,0.64070322735656804,0.07195000000000018,0.04459821278706963
2014,4,2014.25,0.62601607786629621,0.071949999999999958,0.043367766828396895
2014,3,2014.1666666666665,0.69083255643474406,0.048000000000000043,0.033159962708867743
2014,2,2014.0833333333333,0.62188240080842572,0.071983333333333288,0.043103985477630849
2014,1,2014,0.64366164146464078,0.071933333333333113,0.04445943584251684
2013,12,2013.91666666678,0.70832792371280662,0.071933333333333557,0.048719332506085664
2013,11,2013.8333333334499,0.80189320090623706,0.071983333333333288,0.055093378506198144
2013,10,2013.7500000001201,0.85862966686929854,0.071924999999999795,0.059208028335292269
2013,9,2013.66666666679,0.85804404729414041,0.07195000000000018,0.05934646679777085
2013,8,2013.5833333334599,0.81556264034284531,0.071975000000000122,0.056108505378201994
2013,7,2013.5000000001301,0.75874604281148028,0.071949999999999292,0.052091180648591882
2013,6,2013.4166666668,0.68949380605104138,0.071975000000000122,0.047127504354826294
2013,5,2013.3333333334699,0.61358185932597697,0.07195000000000018,0.041457940378863578
2013,4,2013.2500000001401,0.54326366076986854,0.07195000000000018,0.036240032884516271
2013,3,2013.16666666681,0.61431052443482925,0.047900000000000276,0.02942547412042849
2013,2,2013.0833333334799,0.4894599917701154,0.11993333333333345,0.050299468734991935
2013,1,2013.0000000001501,0.53528065819038162,0.071933333333333113,0.035984797500093375
2012,12,2012.91666666682,0.6891564995476307,0.11993333333333345,0.08096654438874272
2012,11,2012.8333333334899,0.88900092721091772,0.071933333333333113,0.065335549947300176
2012,10,2012.7500000001601,0.95705604195143912,0.072000000000000064,0.070642834564171392
2012,9,2012.66666666683,0.92409450857080166,0.07195000000000018,0.067642022503251131
2012,8,2012.5833333334999,0.8560156914374516,0.047900000000000276,0.04100315161985417
2012,7,2012.5000000001701,0.85957809702128096,0.072000000000000064,0.062496603856525459
2012,6,2012.41666666684,0.80618604520638315,0.071949999999999736,0.057938849905815618
2012,5,2012.3333333335099,0.780683517488587,0.048000000000000043,0.037472808839452212
2012,4,2012.2500000001801,0.74610136655389625,0.071900000000000297,0.053440037681797857
2012,3,2012.16666666685,Nan,Nan,Nan
2012,2,2012.0833333335199,0.74285687363322994,0.072000000000000064,0.053013310273231001
2012,1,2012.0000000001901,0.79934647659486757,0.071899999999999853,0.056485652795016973
2011,12,2011.91666666686,0.88499137394395211,0.07199999999999962,0.062767412424148156
2011,11,2011.8333333335299,0.97304785050895559,0.07195000000000018,0.069464724376139375
2011,10,2011.7500000002001,1.0275469946804416,0.071925000000000239,0.073761105969978091
2011,9,2011.66666666687,1.0235178791713706,0.0719749999999999,0.074140539684331014
2011,8,2011.5833333335399,0.9598020320977827,0.07195000000000018,0.070187807026970445
2011,7,2011.5000000002101,0.886945437837656,0.071900000000000297,0.065426092280765957
2011,6,2011.41666666688,0.82859986803306496,0.071999999999999398,0.061635263454110273
2011,5,2011.3333333335499,0.78594316000565911,0.071925000000000239,0.058757397542612916
2011,4,2011.2500000002201,0.764972706362265,0.071950000000000403,0.057469049684949008
2011,3,2011.16666666689,0.65167226451230109,0.047900000000000276,0.031215101470139402
2011,2,2011.0833333335499,0.7699917261666922,0.11993333333333285,0.10079901813817985
2011,1,2011.0000000002201,0.85502489741490317,0.071999999999999842,0.065336611105442075
2010,12,2010.91666666689,0.98838552357237597,0.071933333333333405,0.075343432672827268
2010,11,2010.8333333335599,1.1595626671757788,0.071925000000000239,0.087340971442485371
2010,10,2010.7500000002301,1.1963274142999425,0.07199999999999962,0.090004632112437505
2010,9,2010.6666666669,1.1242889910960903,0.071949999999999736,0.084039276339867353
2010,8,2010.58333333357,0.92924259506691176,0.047900000000000276,0.044510720303705328
2010,7,2010.5000000002401,0.96331021224440017,0.072000000000000064,0.071568145355960885
2010,6,2010.41666666691,0.84503518613997652,0.071950000000000625,0.061442840615810151
2010,5,2010.33333333358,0.76898780190084415,0.047899999999999388,0.036834515711049967
2010,4,2010.2500000002501,0.73772473109976255,0.071949999999999736,0.053402739185734079
2010,3,2010.16666666692,0.69200614831438789,0.048000000000000043,0.033216295119090647
2010,2,2010.08333333359,0.68528964867815845,0.11992499999999939,0.082326846018956235
2010,1,2010.0000000002599,0.77448570644028136,0.11992500000000028,0.097402148447039316
2009,12,2009.91666666693,0.86073812525681204,0.11990000000000034,0.11054226695298416
2009,11,2009.8333333336,0.8912955438392931,0.071975000000000122,0.065973498660495483
2009,10,2009.7500000002699,0.89214886218198552,0.071949999999999736,0.06555200620316784
2009,9,2009.66666666694,0.82027709761224843,0.047900000000000276,0.039291272975626929
2009,8,2009.58333333361,0.83171443376922238,0.072000000000000508,0.061235972217989133
2009,7,2009.5000000002799,0.69679536505554396,0.047899999999998499,0.033376497986159513
2009,6,2009.4166666669501,0.61225783774811005,0.048000000000000043,0.029388376211909352
2009,5,2009.33333333362,0.68808279732110089,0.071899999999999409,0.052722024801355183
2009,4,2009.2500000002899,0.52033571945787005,0.048000000000000043,0.024976114533977786
2009,3,2009.1666666669601,0.49957819901788658,0.047900000000000276,0.023929795732956904
2009,2,2009.08333333363,0.66191599800023759,0.11993750000000114,0.090198739079651744
2009,1,2009.0000000002999,0.7465751172709667,0.11993749999999914,0.10177501636073828
2008,12,2008.9166666669701,0.81277013149404909,0.1198874999999997,0.11007765202407301
2008,11,2008.83333333364,0.8779637144933139,0.071983333333334024,0.066500026081834612
2008,10,2008.7500000003099,0.92002478270800847,0.071925000000000239,0.068234937499214124
2008,9,2008.6666666669801,0.86379936359758114,0.071949999999999292,0.064132211990000437
2008,8,2008.58333333365,0.76124891095863922,0.071974999999999678,0.056640676282620775
2008,7,2008.5000000003199,0.66584548117687514,0.071950000000001069,0.049384745473415786
2008,6,2008.4166666669901,0.58065732212135734,0.071975000000000122,0.042749650567393022
2008,5,2008.33333333366,0.5037534607313936,0.07195000000000018,0.036673587109448742
2008,4,2008.2500000003299,0.45523815360937336,0.071924999999999795,0.033055453505538922
2008,3,2008.1666666670001,0.40728771022203353,0.048000000000000043,0.019549810090657628
2008,2,2008.08333333367,0.45114984286989346,0.1199333333333336,0.05661229665029574
2008,1,2008.0000000003399,0.56659672660276095,0.07193750000000021,0.040836965234703912
2007,12,2007.9166666670101,0.69142836244255157,0.11993333333333241,0.082432852983702842
2007,11,2007.83333333368,0.84345849481221169,0.071933333333333849,0.059830258284303217
2007,10,2007.7500000003499,0.86353859362271568,0.072000000000000064,0.062330811508776174
2007,9,2007.6666666670201,0.78955737713492802,0.07195000000000018,0.058109252363631285
2007,8,2007.58333333369,0.70541789399646415,0.07199999999999962,0.051616903019336975
2007,7,2007.5000000003599,0.59488107230736453,0.048000000000000043,0.028554291470753522
2007,6,2007.4166666670301,0.55969645687429259,0.07195000000000018,0.041367172971560395
2007,5,2007.3333333337,0.46788430049900454,0.071950000000000625,0.03443761095925698
2007,4,2007.2500000003699,0.42136960755743474,0.072000000000000064,0.030939238270105991
2007,3,2007.1666666670401,0.38093995861030006,0.048000000000000043,0.018285118013294421
2007,2,2007.08333333371,0.40519304323639227,0.11995000000000051,0.050450153448204582
2007,1,2007.0000000003799,0.44203140360468862,0.11990000000000034,0.055080119809235592
2006,12,2006.9166666670501,0.5189939708571647,0.11994999999999978,0.0653073690354143
2006,11,2006.83333333372,0.60432862114758301,0.07195000000000018,0.044633941405757063
2006,10,2006.7500000003899,0.62264379227511291,0.072000000000000064,0.045854035079053009
2006,9,2006.6666666670601,0.58417536349167765,0.071950000000001069,0.042764845477316085
2006,8,2006.58333333373,0.50480092338028637,0.048000000000000043,0.024230444322253766
2006,7,2006.5000000004,0.48522360399921349,0.07195000000000018,0.035740918445094721
2006,6,2006.4166666670701,0.41928767181993465,0.071999999999999176,0.030531975739413401
2006,5,2006.33333333374,0.37168625842660247,0.048000000000000043,0.017840940404476934
2006,4,2006.25000000041,0.37048243182198637,0.071950000000001957,0.027154094296425374
2006,3,2006.1666666670801,0.33707230888442796,0.048000000000000043,0.016179470826452557
2006,2,2006.08333333375,0.3809547202240382,0.11994999999999933,0.047877493564117496
2006,1,2006.00000000042,0.50670117372277734,0.071950000000000403,0.036732337079997533
2005,12,2005.9166666670901,0.68601680636276785,0.11995000000000051,0.082633460012590781
2005,11,2005.83333333376,0.82460153045898965,0.07195000000000018,0.059643034764618949
2005,10,2005.75000000043,0.86992113179034836,0.071999999999998288,0.062791564381024484
2005,9,2005.6666666670999,0.85018028739516383,0.07195000000000018,0.061596507340299519
2005,8,2005.58333333377,0.81695153646559837,0.072000000000000508,0.059566070034111851
2005,7,2005.50000000044,0.74898139275549402,0.047999999999998266,0.035951106852262417
2005,6,2005.4166666671099,0.77919793638786761,0.071949999999999292,0.057056350778271189
2005,5,2005.33333333378,0.75813878406680768,0.071949999999999736,0.055145507877967882
2005,4,2005.25000000045,0.73799179431554496,0.071999999999998288,0.053509193170720601
2005,3,2005.1666666671199,0.70905524310253298,0.047999999999998266,0.034034651668920356
2005,2,2005.0833333337901,0.72986286678567325,0.11995000000000022,0.0895464432245692
2005,1,2005.00000000046,0.76362928255438034,0.07195000000000018,0.056202887914905186
2004,12,2004.9166666671299,0.80933561248528918,0.071949999999999292,0.059999426658253183
2004,11,2004.8333333338001,0.86442511628973628,0.072000000000000064,0.064626813397472421
2004,10,2004.75000000047,0.87887324847565074,0.071949999999998696,0.065950501830883232
2004,9,2004.6666666671399,0.80971817045931482,0.071949999999999736,0.061322837759139118
2004,8,2004.5833333338101,0.73347212675635509,0.071999999999999176,0.054879804146775388
2004,7,2004.50000000048,0.66961970989804898,0.071949999999999736,0.049107687439266447
2004,6,2004.4166666671499,0.6035158840905166,0.07199999999999962,0.044106034612308789
2004,5,2004.3333333338201,0.56042130069921159,0.071949999999999736,0.040732924705524642
2004,4,2004.25000000049,0.54958291581643071,0.071949999999998848,0.039537395493413008
2004,3,2004.1666666671599,0.55288513730151334,0.047999999999998266,0.026538486590471679
2004,2,2004.0833333338301,0.54539037275832913,0.11994999999999993,0.065101369650372776
2004,1,2004.0000000005,0.59633997828662388,0.11995000000000022,0.071738628437185231
2003,12,2003.9166666671699,0.66481572809331291,0.11989999999999827,0.078942138039180265
2003,11,2003.8333333338401,0.69966728811133905,0.071999999999999176,0.049456879129701044
2003,10,2003.75000000051,0.70036519527806029,0.071949999999999736,0.049224525529966576
2003,9,2003.6666666671799,0.73081360464223055,0.048000000000000043,0.0350790530228271
2003,8,2003.5833333338501,0.65854497342056284,0.071999999999999176,0.046635248544457608
2003,7,2003.50000000052,0.64121456803083532,0.048000000000000043,0.030778299265480123
2003,6,2003.4166666671899,0.60278795654479689,0.071949999999999292,0.043213159742896821
2003,5,2003.3333333338601,0.57312132265066895,0.047999999999999154,0.027509823487231633
2003,4,2003.25000000053,0.56318712788238734,0.071949999999999292,0.04084272782327384
2003,3,2003.1666666671999,0.54266620496490803,0.048000000000000043,0.026047977838315608
2003,2,2003.0833333338701,0.56713783983251342,0.11994999999999956,0.068792725458654572
2003,1,2003.00000000054,0.59332412043285754,0.11994999999999978,0.071110411353569547
2002,12,2002.9166666672099,0.61593010353077304,0.119949999999998,0.074431237241738307
2002,11,2002.8333333338801,0.68706213432121932,0.1198999999999999,0.082854475154766544
2002,10,2002.75000000055,0.70075933393040368,0.072000000000000952,0.050580191661085086
2002,9,2002.6666666672199,0.67444470479532359,0.071949999999999292,0.048750556666289302
2002,8,2002.5833333338901,0.6460373636588419,0.071999999999997399,0.04651440799431452
2002,7,2002.50000000056,0.61953348573081635,0.071950000000001069,0.044177690371826055
2002,6,2002.4166666672299,0.60086542038773216,0.071949999999999292,0.04238655882236754
2002,5,2002.3333333339001,0.58865892154891664,0.071999999999999176,0.041168164699457763
2002,4,2002.25000000057,0.57881803937874077,0.071949999999999292,0.040219070975279533
2002,3,2002.16666666724,0.63474082994351599,0.048000000000001819,0.030467559837289923
2002,2,2002.0833333339101,0.57480290086379482,0.11994999999999933,0.064156834692048567
2002,1,2002.00000000058,0.63938236832473561,0.07195000000000018,0.044384889644955211
2001,12,2001.91666666725,0.72860192085616227,0.071999999999999176,0.050815966072927515
2001,11,2001.8333333339201,0.80362545074786507,0.071949999999999292,0.056072593770642193
2001,10,2001.75000000059,0.81562529860275712,0.071949999999999889,0.05703056532354512
2001,9,2001.66666666726,0.78360442495846028,0.071999999999999176,0.055240804003576956
2001,8,2001.5833333339301,0.74558850839247026,0.071949999999998404,0.052462647449423833
2001,7,2001.5000000006,0.70394565871378989,0.071949999999999292,0.049057459567385178
2001,6,2001.41666666727,0.65634595363283288,0.072000000000000064,0.045168393365665055
2001,5,2001.3333333339399,0.60282503901678663,0.071949999999999292,0.041080281931320316
2001,4,2001.25000000061,0.55798815862273654,0.072000000000000952,0.037867635540573867
2001,3,2001.16666666728,0.52886897641511621,0.07195000000000018,0.035719325989762185
2001,2,2001.0833333339499,0.52886982161860363,0.11994999999999756,0.056527981797873342
2001,1,2001.00000000062,0.55735648551907091,0.07195000000000018,0.038072018742097272
2000,12,2000.91666666729,0.6129537066198667,0.11994999999999933,0.066980644241024234
2000,11,2000.8333333339599,0.67765590432150558,0.071949999999998404,0.046120523247855802
2000,10,2000.7500000006301,0.6753218069578113,0.071949999999999292,0.046469692669841245
2000,9,2000.6666666673,0.64687628180543233,0.072000000000000952,0.045118399310613067
2000,8,2000.5833333339699,0.67469259658050995,0.048000000000000043,0.032385244635864535
2000,7,2000.5000000006401,0.59284198096388652,0.071949999999999292,0.041927288350579822
2000,6,2000.41666666731,0.55775929795579016,0.071999999999999176,0.039479602629465392
2000,5,2000.3333333339799,0.53984627686748232,0.048000000000000043,0.025912621289639153
2000,4,2000.2500000006501,0.50460715052150018,0.071949999999999292,0.036210689007604158
2000,3,2000.16666666732,0.49900138622761581,0.047999999999998266,0.023952066538924694
2000,2,2000.0833333339899,0.4958453783166154,0.11994999999999816,0.058464227719554514
2000,1,2000.0000000006601,0.55571685241185365,0.071949999999999292,0.038873585039701085
1999,12,1999.91666666732,0.6520996572910952,0.071949999999999889,0.044689211998951858
1999,11,1999.8333333339899,0.74379751161034402,0.071999999999999176,0.050581581150043763
1999,10,1999.7500000006601,0.76526542369113981,0.071949999999999889,0.052216234316735471
1999,9,1999.66666666733,0.70086142806494767,0.071999999999999176,0.048454174024215244
1999,8,1999.5833333339999,0.62238623655065184,0.07195000000000018,0.04270909532643867
1999,7,1999.5000000006701,0.66846761023930901,0.047999999999998266,0.032086445291485674
1999,6,1999.41666666734,0.55047305609522479,0.071949999999999292,0.037123153717582444
1999,5,1999.3333333340099,0.51117247863459958,0.072000000000000064,0.033733475006351314
1999,4,1999.2500000006801,0.47848689314736614,0.071949999999999292,0.031294592133894142
1999,3,1999.16666666735,0.58456621386348151,0.048000000000000043,0.028059178265447127
1999,2,1999.0833333340199,0.47797900375625824,0.16789999999999772,0.067450366296869235
1999,1,1999.0000000006901,0.55043887500497379,0.11995000000000111,0.060334431045554984
1998,12,1998.91666666736,0.6275389341691856,0.11994999999999845,0.070184028103330992
1998,11,1998.8333333340299,0.69780436446365923,0.11994999999999933,0.08036154440593879
1998,10,1998.7500000007001,0.72393062546553477,0.11990000000000034,0.084967011271402743
1998,9,1998.66666666737,0.68510999071077339,0.071999999999999176,0.048656424352842259
1998,8,1998.5833333340399,0.64241428515671095,0.071949999999999292,0.045521010813796808
1998,7,1998.5000000007101,0.61763434889539004,0.07195000000000018,0.04353420284890884
1998,6,1998.41666666738,0.60879281432114651,0.11994999999999933,0.070530603248206383
1998,5,1998.3333333340499,0.60154501635399915,0.072000000000000064,0.04286144516682381
1998,4,1998.2500000007201,0.58083917745717928,0.071949999999999292,0.041427253848918613
1998,3,1998.16666666739,0.55860294300098956,0.071949999999997516,0.039659549405487056
1998,2,1998.0833333340599,0.55250034306996376,0.11994999999999978,0.063926752869910924
1998,1,1998.0000000007301,0.60540053780729552,0.11995000000000171,0.068313316796003026
1997,12,1997.9166666674,0.6939380624414162,0.11989999999999812,0.07640830904196258
1997,11,1997.8333333340699,0.76259573743533426,0.071999999999999176,0.052227226766586005
1997,10,1997.7500000007401,0.78712628068908042,0.07195000000000018,0.053727430096584365
1997,9,1997.66666666741,0.74900394894434341,0.071999999999999176,0.051479213581918287
1997,8,1997.58333333408,0.75782319548215837,0.047999999999998266,0.036375513383142287
1997,7,1997.5000000007501,0.63189824992418397,0.07195000000000018,0.044565145172626573
1997,6,1997.41666666742,0.572633915692216,0.071949999999997516,0.040212988849058079
1997,5,1997.33333333409,0.60508554239576895,0.047999999999998266,0.02904410603499586
1997,4,1997.2500000007601,0.52431021910512143,0.07200000000000184,0.036993792020494715
1997,3,1997.16666666743,0.43539478609813492,0.047999999999998266,0.020898949732709723
1997,2,1997.0833333341,0.45982274261187306,0.11989999999999945,0.058438995915221406
1997,1,1997.0000000007699,0.5681773948589659,0.071999999999999773,0.041076156328436059
1996,12,1996.91666666744,0.69826268580201467,0.11994999999999816,0.083344253363662218
1996,11,1996.83333333411,0.80206389192452932,0.071949999999999292,0.058401030778658922
1996,10,1996.7500000007799,0.83098899659559566,0.071949999999999292,0.060832050097229931
1996,9,1996.66666666745,0.80716372835885553,0.072000000000000064,0.059088910034110473
1996,8,1996.58333333412,0.75345318371235415,0.071949999999999292,0.055019742618050704
1996,7,1996.5000000007899,0.69865364345783443,0.071999999999999176,0.050759196303807222
1996,6,1996.41666666746,0.64910651450835843,0.07195000000000018,0.046656267887406566
1996,5,1996.33333333413,0.61259280920684889,0.071949999999999292,0.043659057079793381
1996,4,1996.2500000007999,0.59108055474275112,0.072000000000000064,0.042009029885097936
1996,3,1996.1666666674701,0.6047798900651844,0.047999999999998266,0.029029434723127804
1996,2,1996.08333333414,0.58589060991613917,0.11989999999999945,0.068753919358231302
1996,1,1996.0000000008099,0.60552261045270073,0.11994999999999993,0.070939828307439209
1995,12,1995.9166666674801,0.6695314835495112,0.11994999999999993,0.078284655664477704
1995,11,1995.83333333415,0.72940418130454721,0.071949999999999292,0.0517945363541297
1995,10,1995.7500000008199,0.74323402580052012,0.071999999999997399,0.052962612712707066
1995,9,1995.6666666674901,0.72558370989624876,0.071949999999999292,0.051641486412200802
1995,8,1995.58333333416,0.68383680610924413,0.071950000000001069,0.048470661511620571
1995,7,1995.5000000008299,0.66775195101399554,0.047999999999998266,0.032052093648670628
1995,6,1995.4166666675001,0.60784111266688456,0.072000000000000952,0.043478287655838561
1995,5,1995.33333333417,0.5640561153164656,0.07194999999999574,0.040219765313023605
1995,4,1995.2500000008399,0.53657348280115347,0.072000000000000952,0.03831760306288947
1995,3,1995.1666666675101,0.53113086470963922,0.048000000000001819,0.02549428150606365
1995,2,1995.08333333418,0.52494801473191433,0.11989999999999981,0.062274518988958548
1995,1,1995.0000000008499,0.5541114679971596,0.11994999999999933,0.065321948272925839
1994,12,1994.9166666675201,0.56721275636918067,0.11994999999999792,0.067964573509078238
1994,11,1994.83333333419,0.60185771958839884,0.07195000000000018,0.043021789381873718
1994,10,1994.7500000008599,0.63226662982437976,0.071950000000001069,0.044684965424728412
1994,9,1994.6666666675301,0.62420183518436811,0.072000000000002728,0.043975266206203512
1994,8,1994.5833333342,0.60180376417588999,0.071949999999999292,0.042230607453212256
1994,7,1994.5000000008699,0.57983160384366661,0.072000000000002728,0.040829598870822423
1994,6,1994.4166666675401,0.56669994569998727,0.071950000000001069,0.040257723433506809
1994,5,1994.33333333421,0.56074268989462395,0.071950000000001069,0.040236560503026694
1994,4,1994.2500000008799,0.55504707216547899,0.071999999999999176,0.040013176686461885
1994,3,1994.1666666675501,0.54184401984582298,0.095900000000000318,0.051962841503214598
1994,2,1994.08333333422,0.55164774215703871,0.16789999999999949,0.091891988549426221
1994,1,1994.0000000008899,0.6061221630536,0.11995000000000289,0.073133225801703686
1993,12,1993.9166666675601,0.6659499098424182,0.11995000000000111,0.077056289996557531
1993,11,1993.83333333423,0.76819931809367326,0.11990000000000123,0.086196791330395886
1993,10,1993.7500000008999,0.82260663499007358,0.071999999999999176,0.056916679677719267
1993,9,1993.6666666675701,0.80483216595247509,0.071950000000001069,0.055528185767961993
1993,8,1993.58333333424,0.76542829367538279,0.072000000000000952,0.052780500181746196
1993,7,1993.5000000009099,0.81070662217480305,0.048000000000001819,0.038913917864392022
1993,6,1993.4166666675801,0.70470691186001999,0.071950000000001069,0.049058743259216553
1993,5,1993.33333333425,0.66749222694450661,0.071950000000001069,0.046700380761808061
1993,4,1993.25000000092,0.64371689057977521,0.072000000000002728,0.045291506910340243
1993,3,1993.1666666675901,0.67758987927556624,0.048000000000001819,0.032524314205228409
1993,2,1993.08333333426,0.63678650880107557,0.071950000000001069,0.044840963642981298
1993,1,1993.00000000093,0.65374958335338385,0.071950000000001069,0.046099093962132159
1992,12,1992.9166666676001,0.70192474609500255,0.071999999999999176,0.049713810187122238
1992,11,1992.83333333427,0.76580336656422787,0.071950000000001069,0.05423439279308024
1992,10,1992.75000000094,0.79388409513618963,0.071999999999999176,0.056271879061363529
1992,9,1992.6666666676099,0.82357128316529482,0.048000000000001819,0.03953142159193565
1992,8,1992.58333333428,0.76523990077695325,0.071950000000001069,0.053929384888041235
1992,7,1992.50000000095,0.79660249841610864,0.048000000000001819,0.038236919923974662
1992,6,1992.4166666676199,0.70795842407141429,0.071950000000001069,0.049355186188910286
1992,5,1992.33333333429,0.74598523448493914,0.048000000000001819,0.035807291255278435
1992,4,1992.25000000096,0.64963188856811283,0.072000000000002728,0.045086021845956947
1992,3,1992.1666666676299,0.70347021716379432,0.048000000000001819,0.033766570423863405
1992,2,1992.0833333343001,0.63000963541589683,0.11995000000000111,0.070280271570657429
1992,1,1992.00000000097,0.65700383162336107,0.11990000000000123,0.07381855298960667
1991,12,1991.9166666676399,0.70282679043051166,0.11994999999999933,0.076105253046503424
1991,11,1991.8333333343101,0.82379449508710989,0.11995000000000111,0.085426724894791931
1991,10,1991.75000000098,0.89001544519740916,0.068999999999999062,0.057370891733507512
1991,9,1991.6666666676499,0.87203608908799735,0.068999999999999062,0.05621667545089927
1991,8,1991.5833333343201,0.99669884188852098,0.048000000000001819,0.047841544410650819
1991,7,1991.50000000099,0.74979330994463367,0.069000000000000838,0.048588590298920167
1991,6,1991.4166666676599,0.6426219763645884,0.068999999999999062,0.040427571185383766
1991,5,1991.3333333343301,0.74382815835432292,0.048000000000001819,0.035703751601008853
1991,4,1991.250000001,0.51888544885957688,0.069000000000000838,0.032295565273396776
1991,3,1991.1666666676699,0.66464857373705277,0.048000000000001819,0.031903131539379743
1991,2,1991.0833333343401,0.5071550390913333,0.11399999999999721,0.046848603579732535
1991,1,1991.00000000101,0.60920650134345378,0.11399999999999899,0.058356559405629949
1990,12,1990.9166666676799,0.74244638287674114,0.11399999999999899,0.073031121376812697
1990,11,1990.8333333343501,0.8733152311965533,0.068999999999999062,0.056277035200853066
1990,10,1990.75000000102,0.89212774592772359,0.068999999999999062,0.056790340395860464
1990,9,1990.6666666676899,0.81914292451771442,0.069000000000002615,0.051914642416648261
1990,8,1990.5833333343601,0.71172388652119878,0.068999999999999062,0.044459843432717958
1990,7,1990.50000000103,0.62753250660686932,0.068999999999999062,0.039080189890009796
1990,6,1990.4166666676999,0.56787714734754358,0.068999999999999062,0.035452862855930758
1990,5,1990.3333333343701,0.53215419968219879,0.068999999999999062,0.03336856718494334
1990,4,1990.25000000104,0.50171814647592106,0.069000000000002615,0.031235765144699067
1990,3,1990.1666666677099,0.65230823748570799,0.048000000000001819,0.031310795399315167
1990,2,1990.0833333343801,0.49002900476817823,0.15899999999999537,0.059703513567690117
1990,1,1990.00000000105,0.56856864660925355,0.11400000000000077,0.057341796381588539
1989,12,1989.9166666677199,0.65775413409340677,0.11399999999999721,0.066551914636669429
1989,11,1989.8333333343901,0.77188287740743733,0.11399999999999721,0.075870051618669374
1989,10,1989.75000000106,0.73336952420187451,0.069000000000002615,0.048170454070704735
1989,9,1989.6666666677299,0.70174482474166666,0.048000000000001819,0.033683751587601278
1989,8,1989.5833333344001,0.58195250025083956,0.068999999999999062,0.040448800620786006
1989,7,1989.50000000107,Nan,Nan,Nan
1989,6,1989.4166666677399,0.55778609155991932,0.048000000000001819,0.026773732394877143
1989,5,1989.3333333344101,0.55153071390532538,0.068999999999999062,0.038256983513431313
1989,4,1989.25000000108,0.52664277571572649,0.048000000000001819,0.02527885323435583
1989,3,1989.16666666775,Nan,Nan,Nan
1989,2,1989.0833333344201,0.53027623317612993,0.068999999999999062,0.036822949076951245
1989,1,1989.00000000109,0.5406474830781054,0.068999999999999062,0.037413936382973738
1988,12,1988.91666666776,0.57653994300546629,0.069000000000002615,0.039709433913012723
1988,11,1988.8333333344301,0.61654540330433982,0.068999999999999062,0.042427786214357326
1988,10,1988.7500000011,0.62122611811422424,0.068999999999999062,0.042851410510942767
1988,9,1988.66666666776,0.5839759948659633,0.068999999999999062,0.040182525736395192
1988,8,1988.5833333344301,0.51360860529448171,0.089999999999996305,0.04622477447650146
1988,7,1988.5000000011,0.50166031699272318,0.069000000000002615,0.03390102699746568
1988,6,1988.41666666777,0.46829160827011962,0.068999999999999062,0.032047265378676026
1988,5,1988.3333333344401,0.46024374999121576,0.089999999999996305,0.041421937499207716
1988,4,1988.25000000111,0.45086295060157627,0.068999999999999062,0.031302353067882024
1988,3,1988.16666666778,0.44733177284148484,0.089999999999996305,0.040259859555731983
1988,2,1988.0833333344499,0.44964559735541543,0.11400000000000077,0.052137106634538369
1988,1,1988.00000000112,0.51628601100780502,0.068999999999999062,0.036545676905801926
1987,12,1987.91666666779,0.59620625619122025,0.068999999999999062,0.04223548566407101
1987,11,1987.8333333344599,0.71618273799735643,0.068999999999999062,0.049074618600646935
1987,10,1987.75000000113,0.74029907512099313,0.069000000000002615,0.050519454483133427
1987,9,1987.6666666678,0.74367234433135443,0.048000000000001819,0.035696272527906366
1987,8,1987.5833333344699,0.70773471419473788,0.048000000000001819,0.033971266281348708
1987,7,1987.5000000011401,0.67128188150902612,0.048000000000001819,0.032221530312434472
1987,6,1987.41666666781,0.68142158134730724,0.068999999999999062,0.047633926548480456
1987,5,1987.3333333344799,0.63703187992529875,0.048000000000001819,0.030577530236415504
1987,4,1987.2500000011501,0.63220166941738098,0.048000000000001819,0.030345680132035438
1987,3,1987.16666666782,0.63128923961603345,0.048000000000001819,0.030301883501570755
1987,2,1987.0833333344899,0.67495905515635668,0.11399999999999721,0.079413214106035593
1987,1,1987.0000000011601,0.7115938019037219,0.11400000000000077,0.083032805374562077
1986,12,1986.91666666783,0.80092672921437802,0.11399999999999721,0.093418675524441996
1986,11,1986.8333333344999,0.8897131411322392,0.068999999999999062,0.061939783644371908
1986,10,1986.7500000011701,0.88682518204285399,0.068999999999999062,0.061450185501139981
1986,9,1986.66666666784,0.81076290467174217,0.069000000000002615,0.055716704198788207
1986,8,1986.5833333345099,0.72992386120381259,0.068999999999999062,0.04944202475070144
1986,7,1986.5000000011801,0.72649856449692563,0.048000000000001819,0.03487193109585375
1986,6,1986.41666666785,0.64993214665362442,0.068999999999999062,0.044155151755899583
1986,5,1986.3333333345199,0.62066902030295024,0.068999999999999062,0.0423108059567915
1986,4,1986.2500000011901,0.59847417308357387,0.068999999999999062,0.040944443763353225
1986,3,1986.16666666786,0.59460170245813471,0.048000000000001819,0.028540881717991549
1986,2,1986.0833333345299,0.58301106372579925,0.11400000000000077,0.066140394268811048
1986,1,1986.0000000012001,0.65077775131891658,0.11399999999999721,0.075853365175720236
1985,12,1985.91666666787,0.75395961305343118,0.11400000000000077,0.089021301928692731
1985,11,1985.8333333345399,0.83502176853053967,0.068999999999999062,0.058702242702650759
1985,10,1985.7500000012101,0.84530505346147244,0.068999999999999062,0.059328110013299497
1985,9,1985.66666666788,0.81682953679699077,0.068999999999999062,0.057018742162464366
1985,8,1985.5833333345499,0.78389188105084195,0.048000000000001819,0.037626810290441841
1985,7,1985.5000000012201,0.76966196011001686,0.068999999999999062,0.053458751630248047
1985,6,1985.41666666789,0.71114660869332602,0.069000000000002615,0.049435090320131367
1985,5,1985.3333333345599,0.64353836581767476,0.048000000000001819,0.030889841559249558
1985,4,1985.2500000012301,0.63169496833738981,0.068999999999999062,0.044303701664351935
1985,3,1985.1666666679,0.56940639567810669,0.048000000000001819,0.027331506992550159
1985,2,1985.0833333345699,0.60115012427344261,0.068999999999999062,0.04204876377605811
1985,1,1985.0000000012401,0.64209926068152234,0.068999999999999062,0.044489589605257625
1984,12,1984.91666666791,0.72809200496854753,0.068999999999999062,0.050175712629471882
1984,11,1984.8333333345799,0.79859246536327499,0.069000000000002615,0.055145872720413297
1984,10,1984.7500000012501,0.79942781582228895,0.068999999999999062,0.054983199166488098
1984,9,1984.66666666792,0.73296649494633836,0.068999999999999062,0.049521642712681349
1984,8,1984.58333333459,0.72581636381477566,0.048000000000001819,0.034839185463110552
1984,7,1984.5000000012601,0.59992523247297891,0.068999999999999062,0.040354035467448715
1984,6,1984.41666666793,0.51080239592716192,0.068999999999999062,0.03400863286988106
1984,5,1984.3333333346,0.50156665362368891,0.048000000000001819,0.02407519937393798
1984,4,1984.2500000012701,0.43091265786985633,0.069000000000002615,0.029223580058387294
1984,3,1984.16666666794,Nan,Nan,Nan
1984,2,1984.08333333461,0.42348736338842402,0.11399999999999721,0.046817641791030401
1984,1,1984.0000000012799,0.51012429911603574,0.068999999999999062,0.033689212829267116
1983,12,1983.91666666795,0.57202010450985075,0.068999999999999062,0.037510094048328869
1983,11,1983.83333333462,0.58918610834803653,0.069000000000002615,0.039134697926804643
1983,10,1983.7500000012899,0.60460232684647086,0.068999999999999062,0.04022997825677628
1983,9,1983.66666666796,0.58580753591063872,0.068999999999999062,0.039088371105928915
1983,8,1983.58333333463,0.54861199394577265,0.068999999999999062,0.036705857307996241
1983,7,1983.5000000012999,Nan,Nan,Nan
1983,6,1983.41666666797,0.51063674923622671,0.068999999999999062,0.034234491773080952
1983,5,1983.33333333464,0.48529712626963639,0.069000000000002615,0.032581640294471775
1983,4,1983.2500000013099,0.47330368834901226,0.068999999999999062,0.031760410762563619
1983,3,1983.1666666679801,Nan,Nan,Nan
1983,2,1983.08333333465,0.47580569075416768,0.11399999999999721,0.05101885228887424
1983,1,1983.0000000013199,0.50872897147910079,0.068999999999999062,0.033698994828979562
1982,12,1982.9166666679901,0.59312966885118734,0.11400000000000077,0.061858388650476478
1982,11,1982.83333333466,0.68368791306036114,0.068999999999999062,0.045251010832804278
1982,10,1982.7500000013299,0.70456480921286868,0.068999999999999062,0.04668520295682059
1982,9,1982.6666666680001,0.78602990629408376,0.048000000000001819,0.03772943550211745
1982,8,1982.58333333467,0.66369024445449509,0.068999999999999062,0.043815531401266324
1982,7,1982.5000000013399,0.7173483074489958,0.048000000000001819,0.034432718757553105
1982,6,1982.4166666680101,0.58555989528577568,0.069000000000002615,0.038556049324904799
1982,5,1982.33333333468,0.63474082994351599,0.048000000000001819,0.030467559837289923
1982,4,1982.2500000013499,0.52409539617993439,0.068999999999999062,0.034446637974332672
1982,3,1982.1666666680201,0.58972650215723199,0.048000000000001819,0.028306872103548208
1982,2,1982.08333333469,0.52654261576792205,0.068999999999999062,0.034549358043119392
1982,1,1982.0000000013599,0.60255664899575812,0.068999999999999062,0.039610794492193055
1981,12,1981.9166666680301,0.67642487834949794,0.068999999999999062,0.045709685326627246
1981,11,1981.8333333347,0.76958249261773615,0.069000000000002615,0.053072973124503951
1981,10,1981.7500000013699,0.82071163701146999,0.068999999999999062,0.057107586041797345
1981,9,1981.6666666680401,0.80589415324766489,0.068999999999999062,0.056210544790158204
1981,8,1981.58333333471,0.75600324632179572,0.068999999999999062,0.052658245440445242
1981,7,1981.5000000013799,0.71264878193339487,0.089999999999996305,0.064138390374002902
1981,6,1981.4166666680501,0.67061730130867536,0.069000000000002615,0.046148762668708578
1981,5,1981.33333333472,0.62939619986165329,0.068999999999999062,0.043530955443111335
1981,4,1981.2500000013899,0.59884729424465188,0.068999999999999062,0.041547732184764707
1981,3,1981.1666666680601,0.58011605233562136,0.089999999999996305,0.052210444710203779
1981,2,1981.08333333473,0.57423826192078653,0.068999999999999062,0.03956336396496328
1981,1,1981.0000000013999,0.63409777257129629,0.069000000000002615,0.043615959901636706
1980,12,1980.9166666680701,0.75502887787854056,0.068999999999999062,0.051795459121246237
1980,11,1980.83333333474,0.90063919935896974,0.048000000000001819,0.043230681569232182
1980,10,1980.7500000014099,0.94514282012787998,0.068999999999999062,0.063001138261887635
1980,9,1980.6666666680801,0.95811987636591378,0.068999999999999062,0.064157956840292865
1980,8,1980.58333333475,1.0137884988310424,0.048000000000001819,0.048661847943891876
1980,7,1980.5000000014199,0.9313227579618214,0.068999999999999062,0.06277746571135645
1980,6,1980.4166666680901,0.92908721067129296,0.069000000000002615,0.062717212915079007
1980,5,1980.33333333476,0.96609435660978427,0.048000000000001819,0.046372529117271404
1980,4,1980.25000000143,0.88094118075783556,0.068999999999999062,0.060045996525364492
1980,3,1980.1666666681001,0.87888190790225773,0.048000000000001819,0.042186331579309969
1980,2,1980.08333333477,0.85331777058741498,0.068999999999999062,0.058165794509128378
1980,1,1980.00000000144,0.8793378745128555,0.068999999999999062,0.059491976827849
1979,12,1979.9166666681101,0.94191694808061222,0.068999999999999062,0.063500017630857525
1979,11,1979.83333333478,1.0107768337310616,0.069000000000002615,0.068296001826304756
1979,10,1979.75000000145,1.0365775384315192,0.068999999999999062,0.070413344059808258
1979,9,1979.6666666681199,1.0066389427142197,0.068999999999999062,0.068570049786028278
1979,8,1979.58333333479,1.0042260996561394,0.048000000000001819,0.048202852783496515
1979,7,1979.50000000146,0.92241784110507119,0.068999999999999062,0.063164091619033969
1979,6,1979.4166666681299,0.86772035305775885,0.068999999999999062,0.05901691838065324
1979,5,1979.3333333348,0.8908648669579855,0.048000000000001819,0.042761513613984919
1979,4,1979.25000000147,0.82957370162517841,0.069000000000002615,0.05632735312966991
1979,3,1979.1666666681399,0.85967130017847804,0.048000000000001819,0.041264222408568509
1979,2,1979.08333333481,0.81631885353568934,0.068999999999999062,0.05560431420363468
1979,1,1979.00000000148,0.82752656682301939,0.068999999999999062,0.056717845323768154
1978,12,1978.9166666681499,0.85288002024317677,0.068999999999999062,0.059082840428275059
1978,11,1978.8333333348201,0.87167400038075282,0.068999999999999062,0.060960333373931488
1978,10,1978.75000000149,0.86416694532828564,0.069000000000002615,0.060637315070564593
1978,9,1978.6666666681599,0.83299203399949884,0.068999999999999062,0.058309954515036025
1978,8,1978.5833333348301,0.79901929533687033,0.068999999999999062,0.055726794655413858
1978,7,1978.5000000015,0.75566448424364963,0.048000000000001819,0.036271895243696554
1978,6,1978.4166666681699,0.77475788151198954,0.068999999999999062,0.053984823463056206
1978,5,1978.3333333348401,0.76259766470754076,0.068999999999999062,0.052905180575812533
1978,4,1978.25000000151,0.74946034968716224,0.069000000000002615,0.051772722652393327
1978,3,1978.1666666681799,0.73976174915684312,0.048000000000001819,0.035508563959529817
1978,2,1978.0833333348501,0.73893693381350556,0.068999999999999062,0.051000604003997169
1978,1,1978.00000000152,0.77765453658614359,0.068999999999999062,0.053300430572220406
1977,12,1977.9166666681899,0.87286399829457495,0.068999999999999062,0.059548321770582308
1977,11,1977.8333333348601,0.97288653577191808,0.068999999999999062,0.066789679866911061
1977,10,1977.75000000153,1.0314479847632969,0.069000000000002615,0.071522645133395624
1977,9,1977.6666666681999,1.0305396690424806,0.068999999999999062,0.071585826454822671
1977,8,1977.5833333348701,0.97946490582890677,0.068999999999999062,0.067646593269277966
1977,7,1977.50000000153,0.92652813023340463,0.048000000000001819,0.044473350251205107
1977,6,1977.4166666681999,0.88599025683214538,0.068999999999999062,0.061361086320478944
1977,5,1977.3333333348701,0.83104230899489595,0.068999999999999062,0.057188782929669453
1977,4,1977.25000000154,0.79969842358448151,0.069000000000002615,0.054741439771719858
1977,3,1977.1666666682099,Nan,Nan,Nan
1977,2,1977.0833333348801,0.79033834306481188,0.11399999999999721,0.087842592291685756
1977,1,1977.00000000155,0.8289089866966306,0.068999999999999062,0.056855550012831518
1976,12,1976.9166666682199,0.91043122506746899,0.068999999999999062,0.062744887488974416
1976,11,1976.8333333348901,1.0110787957555825,0.069000000000002615,0.06941892791758747
1976,10,1976.75000000156,1.0324285297660272,0.068999999999999062,0.070627048524242605
1976,9,1976.6666666682299,1.0394618854848245,0.048000000000001819,0.049894170503273466
1976,8,1976.5833333349001,0.94753499395232466,0.068999999999999062,0.064580958967892593
1976,7,1976.50000000157,0.91624748388143695,0.048000000000001819,0.043979879226310643
1976,6,1976.4166666682399,0.81806053727134309,0.068999999999999062,0.055784266617201275
1976,5,1976.3333333349101,0.79700544217530001,0.048000000000001819,0.038256261224415847
1976,4,1976.25000000158,0.72906135952363194,0.068999999999999062,0.049641928112791646
1976,3,1976.1666666682499,0.73840060837067234,0.048000000000001819,0.035443229201793616
1976,2,1976.0833333349201,0.70664420492517244,0.069000000000002615,0.048133413717010146
1976,1,1976.00000000159,0.7443805139502534,0.068999999999999062,0.050858904614853734
1975,12,1975.9166666682599,0.80820057224555042,0.068999999999999062,0.055460776070422831
1975,11,1975.8333333349301,0.8655899528451263,0.068999999999999062,0.059728333681963008
1975,10,1975.7500000016,0.88549267200535131,0.068999999999999062,0.061323594274481377
1975,9,1975.66666666827,0.87180993238468696,0.069000000000002615,0.060292722811311331
1975,8,1975.5833333349401,0.8518225016758203,0.048000000000001819,0.040887480080440922
1975,7,1975.50000000161,0.83186564589956835,0.068999999999999062,0.057400304122359733
1975,6,1975.41666666828,0.77408667883984861,0.068999999999999062,0.053235656249711223
1975,5,1975.3333333349501,0.71859247803122728,0.048000000000001819,0.034492438945500213
1975,4,1975.25000000162,0.69655803049674092,0.068999999999999062,0.048415553773957162
1975,3,1975.16666666829,0.65497526643799453,0.048000000000001819,0.031438812789024932
1975,2,1975.0833333349599,0.68375095507998385,0.11400000000000077,0.079687661780694613
1975,1,1975.00000000163,0.74033512570280324,0.068999999999999062,0.051495261569067169
1974,12,1974.9166666683,0.78392974359426382,0.068999999999999062,0.054160302608004196
1974,11,1974.8333333349699,0.80306849516171519,0.068999999999999062,0.05536922685473622
1974,10,1974.75000000164,0.80729194951716332,0.068999999999999062,0.055550098351365568
1974,9,1974.66666666831,0.81299297913394253,0.048000000000001819,0.039023662998430721
1974,8,1974.5833333349799,0.81358047032878411,0.048000000000001819,0.039051862575783115
1974,7,1974.5000000016501,Nan,Nan,Nan
1974,6,1974.41666666832,0.79729105872312334,0.069000000000002615,0.05457634848514728
1974,5,1974.3333333349899,0.8220559351966914,0.048000000000001819,0.03945868488944268
1974,4,1974.2500000016601,0.82036561028625354,0.048000000000001819,0.039377549293741661
1974,3,1974.16666666833,Nan,Nan,Nan
1974,2,1974.0833333349999,0.7847209752799913,0.11399999999999721,0.087465157767233306
1974,1,1974.0000000016701,0.83106107144607599,0.11399999999999721,0.094698732027755222
1973,12,1973.91666666834,0.91959315248583817,0.11400000000000077,0.106436221638147
1973,11,1973.8333333350099,0.9887358601620827,0.068999999999999062,0.068722416818590676
1973,10,1973.7500000016801,0.99155780005222094,0.068999999999999062,0.069069306924687157
1973,9,1973.66666666835,0.93628505598759726,0.068999999999999062,0.065913482429316467
1973,8,1973.5833333350199,0.79052723354407195,0.048000000000001819,0.037945307210116894
1973,7,1973.5000000016901,0.83275422947587563,0.069000000000002615,0.059986574688254399
1973,6,1973.41666666836,0.77640239781392184,0.068999999999999062,0.056255189745777291
1973,5,1973.3333333350299,0.60064445698202906,0.048000000000001819,0.028830933935138487
1973,4,1973.2500000017001,0.7094077696073755,0.068999999999999062,0.051879222518900744
1973,3,1973.16666666837,0.55485297778381826,0.048000000000001819,0.026632942933624285
1973,2,1973.0833333350399,0.68243898276417969,0.068999999999999062,0.049758554574276935
1973,1,1973.0000000017101,0.69643896554094353,0.068999999999999062,0.050633121686998378
1972,12,1972.91666666838,0.74040315271514445,0.069000000000002615,0.053839238590222945
1972,11,1972.8333333350499,0.64367388435506301,0.048000000000001819,0.030896346449044196
1972,10,1972.7500000017201,0.78188037834190049,0.068999999999999062,0.057007037751857267
1972,9,1972.66666666839,0.74801084090257208,0.068999999999999062,0.055129740499326722
1972,8,1972.5833333350599,0.66331332296698897,0.068999999999999062,0.048664631028822833
1972,7,1972.5000000017301,0.56207680925939796,0.068999999999999062,0.040672225112637725
1972,6,1972.4166666684,0.47165350847815046,0.069000000000002615,0.033800775126708586
1972,5,1972.3333333350699,0.42050470631481612,0.068999999999999062,0.029991378724396132
1972,4,1972.2500000017401,0.40138155223031347,0.068999999999999062,0.02856443236830556
1972,3,1972.16666666841,0.35136483763196757,0.048000000000001819,0.016865512206335084
1972,2,1972.0833333350799,0.3959565650805289,0.11399999999999721,0.047773156583821835
1972,1,1972.0000000017501,0.44941910348177877,0.069000000000002615,0.030847429453385946
1971,12,1971.91666666842,0.53646454095930252,0.068999999999999062,0.035410530300944119
1971,11,1971.8333333350899,0.60458853573268834,0.068999999999999062,0.039272822380527102
1971,10,1971.7500000017601,0.62836709564852922,0.068999999999999062,0.040893009241597902
1971,9,1971.66666666843,0.62552191547519587,0.068999999999999062,0.040812389154448667
1971,8,1971.5833333351,0.60908039163197114,0.069000000000002615,0.039648118532746066
1971,7,1971.5000000017701,0.58850515625508415,0.068999999999999062,0.038138621878763448
1971,6,1971.41666666844,0.56882534693507303,0.068999999999999062,0.036668454295821863
1971,5,1971.33333333511,0.55280113640062956,0.068999999999999062,0.035469179209519003
1971,4,1971.2500000017801,0.53922162479477564,0.068999999999999062,0.034424875404792957
1971,3,1971.16666666845,Nan,Nan,Nan
1971,2,1971.08333333512,0.53798608306805751,0.11400000000000077,0.052617688073339719
1971,1,1971.0000000017901,0.57917023439166149,0.068999999999999062,0.037497450268318661
1970,12,1970.91666666846,0.64649091586669261,0.11399999999999721,0.067760606606468946
1970,11,1970.83333333513,0.70313939027254313,0.069000000000002615,0.046803034271932838
1970,10,1970.7500000017999,0.71230126531193827,0.068999999999999062,0.047313696293878806
1970,9,1970.66666666847,0.79272885526689529,0.048000000000001819,0.038050985052812417
1970,8,1970.58333333514,0.67856581869201071,0.068999999999999062,0.044651088508545433
1970,7,1970.5000000018099,Nan,Nan,Nan
1970,6,1970.41666666848,0.63651023674504303,0.068999999999999062,0.041130752218939276
1970,5,1970.33333333515,0.75705777668808893,0.048000000000001819,0.036338773281029649
1970,4,1970.2500000018199,0.59636159205506356,0.068999999999999062,0.03797060180529814
1970,3,1970.1666666684901,Nan,Nan,Nan
1970,2,1970.08333333516,0.59094068235555497,0.069000000000002615,0.037303749968369881
1970,1,1970.0000000018299,0.61266530155690946,0.068999999999999062,0.038584630831148395
1969,12,1969.9166666685001,0.64815508514887521,0.068999999999999062,0.041485422542835666
1969,11,1969.83333333517,0.70886620155759228,0.068999999999999062,0.045940873829139528
1969,10,1969.7500000018399,0.71976342155080453,0.068999999999999062,0.046945873060097482
1969,9,1969.6666666685101,0.81146755699020134,0.048000000000001819,0.038950442735531138
1969,8,1969.58333333518,0.65825698080393269,0.069000000000002615,0.042823222521259433
1969,7,1969.5000000018499,0.72275688509080283,0.048000000000001819,0.034692330484359851
1969,6,1969.4166666685201,0.64091716957485989,0.048000000000001819,0.030764024139594441
1969,5,1969.33333333519,0.50950346078372477,0.068999999999999062,0.034183604574744467
1969,4,1969.2500000018599,0.48624543419343752,0.048000000000001819,0.023339780841285886
1969,3,1969.1666666685301,0.44707325998069686,0.048000000000001819,0.021459516479074261
1969,2,1969.0833333352,0.44203871783322668,0.068999999999999062,0.030304205534160959
1969,1,1969.0000000018699,0.48791136548271263,0.068999999999999062,0.032637627905665482
1968,12,1968.9166666685401,0.57260510439389156,0.068999999999999062,0.037178820064993096
1968,11,1968.83333333521,0.63022555539308522,0.069000000000002615,0.040550895709593235
1968,10,1968.7500000018799,0.64766790288125287,0.068999999999999062,0.041718392843620472
1968,9,1968.6666666685501,Nan,Nan,Nan
1968,8,1968.58333333522,0.64111051446085288,0.068999999999999062,0.041258765710269797
1968,7,1968.5000000018899,Nan,Nan,Nan
1968,6,1968.4166666685601,0.76926543096880839,0.048000000000001819,0.036924740686504205
1968,5,1968.33333333523,0.48083418154560797,0.089999999999996305,0.043275076339102943
1968,4,1968.2500000018999,0.75790529744211144,0.048000000000001819,0.036379454277222729
1968,3,1968.1666666685701,Nan,Nan,Nan
1968,2,1968.08333333524,0.61098432166282501,0.068999999999999062,0.039123072681488028
1968,1,1968.0000000019099,0.61497219459817454,0.069000000000002615,0.039332900828825151
1967,12,1967.9166666685801,0.62790645173455739,0.068999999999999062,0.040245782471095136
1967,11,1967.83333333525,Nan,Nan,Nan
1967,10,1967.7500000019199,0.63301160355309227,0.068999999999999062,0.040681653850248703
1967,9,1967.6666666685901,0.60173837956899856,0.068999999999999062,0.038862067490928423
1967,8,1967.58333333526,0.55627072316074966,0.068999999999999062,0.035948883926612357
1967,7,1967.5000000019299,0.51724964758175862,0.069000000000002615,0.03336590548095425
1967,6,1967.4166666686001,0.49171564372719623,0.068999999999999062,0.031657461381005947
1967,5,1967.33333333527,0.43818283722146262,0.068999999999999062,0.028539096187647085
1967,4,1967.25000000194,0.35726560893964343,0.068999999999999062,0.024011067551380525
1967,3,1967.1666666686101,0.31366672148753072,0.048000000000001819,0.015056002631402046
1967,2,1967.08333333528,0.31311036600107722,0.11400000000000077,0.035281678786929407
1967,1,1967.00000000195,0.351541670669624,0.068999999999999062,0.02390843442689735
1966,12,1966.9166666686201,0.4487290677330637,0.11399999999999721,0.049010116243458218
1966,11,1966.83333333529,0.5795535654311651,0.068999999999999062,0.038536789019423819
1966,10,1966.75000000196,0.5622715511963936,0.069000000000002615,0.038317737897645587
1966,9,1966.6666666686299,0.52317395868037719,0.068999999999999062,0.036440233666032315
1966,8,1966.5833333353,0.49893022620029381,0.068999999999999062,0.035129420792288826
1966,7,1966.50000000197,0.45418708890469905,0.068999999999997882,0.032960771676478831
1966,6,1966.4166666686399,0.40194914226699663,0.068999999999999062,0.029952338475381604
1966,5,1966.33333333531,0.37907822586137502,0.069000000000002615,0.02783507515415766
1966,4,1966.25000000197,0.36265518785612683,0.068999999999999062,0.026046473181476917
1966,3,1966.1666666686399,0.28943723165010005,0.048000000000001819,0.01389298711920533
1966,2,1966.08333333531,0.33261604573583842,0.068999999999999062,0.024088446903450252
1966,1,1966.00000000198,0.3352624325920851,0.068999999999999062,0.024223101183753232
1965,12,1965.9166666686499,0.3443519625732433,0.068999999999999062,0.024837481819943455
1965,11,1965.83333333532,0.30293454944956516,0.048000000000001819,0.014540858373579678
1965,10,1965.75000000199,0.34559711598383658,0.11400000000000077,0.041980406597665818
1965,9,1965.6666666686599,0.32845600436620814,0.068999999999999062,0.023448262607960069
1965,8,1965.5833333353301,0.31871658297675876,0.068999999999999062,0.023005220977174355
1965,7,1965.500000002,0.30169803610673718,0.068999999999999062,0.021942961954970558
1965,6,1965.4166666686699,0.27224777033942044,0.069000000000002615,0.019732875062149074
1965,5,1965.3333333353401,0.23564775894735152,0.068999999999999062,0.016815507989100628
1965,4,1965.25000000201,0.20533316441588895,0.068999999999999062,0.014402258175967193
1965,3,1965.1666666686799,0.1878606028791262,0.068999999999999062,0.013058096574696164
1965,2,1965.0833333353501,0.21745192964383497,0.15899999999999892,0.035453482635168371
1965,1,1965.00000000202,0.35900468982451378,0.11399999999999721,0.041115400158930726
1964,12,1964.9166666686899,0.45147832432554036,0.11400000000000077,0.051312859176742248
1964,11,1964.8333333353601,0.51585380797294889,0.11399999999999721,0.057439731979631231
1964,10,1964.75000000203,0.54889007549776458,0.068999999999999062,0.037053341026690986
1964,9,1964.6666666686999,0.51824850857689264,0.068999999999999062,0.034945773594381745
1964,8,1964.5833333353701,0.46114403348735583,0.069000000000002615,0.031055451968608379
1964,7,1964.50000000204,0.43600821013600743,0.048000000000001819,0.020928394086529151
1964,6,1964.4166666687099,0.38678395783013925,0.068999999999999062,0.02641116747860188
1964,5,1964.3333333353801,0.34460397885745897,0.068999999999999062,0.023590172873145968
1964,4,1964.25000000205,0.31523279057945669,0.068999999999999062,0.021711021428447004
1964,3,1964.1666666687199,0.3012437809449352,0.048000000000001819,0.014459701485357438
1964,2,1964.0833333353901,0.31405594579339507,0.11400000000000077,0.035336263635900131
1964,1,1964.00000000206,0.42496213135666366,0.11399999999999721,0.045013719395769466
1963,12,1963.9166666687299,0.5118551901454399,0.11399999999999721,0.056333813322644352
1963,11,1963.8333333354001,0.56302316891425108,0.11400000000000077,0.062514737109821375
1963,10,1963.75000000207,0.59690469630847398,0.068999999999999062,0.040893837210678248
1963,9,1963.6666666687399,0.59698984732501825,0.089999999999996305,0.053729086259249437
1963,8,1963.5833333354101,0.61052858033604651,0.048000000000001819,0.029305371856131343
1963,7,1963.50000000208,0.60997774552681183,0.089999999999996305,0.054897997097410813
1963,6,1963.4166666687499,0.62055055524370162,0.069000000000002615,0.043118872464186324
1963,5,1963.3333333354201,0.66390504877983714,0.089999999999996305,0.059751454390182888
1963,4,1963.25000000209,0.60001569133083865,0.048000000000001819,0.028800753183881346
1963,3,1963.1666666687599,0.69230608262639803,0.089999999999996305,0.062307547436373262
1963,2,1963.0833333354301,0.59345454359485283,0.048000000000001819,0.02848581809255402
1963,1,1963.0000000021,0.6699854034191306,0.068999999999999062,0.047634947479915396
1962,12,1962.9166666687699,0.71689795590157956,0.068999999999999062,0.050941594826254787
1962,11,1962.8333333354401,0.70632071656124085,0.048000000000001819,0.033903394394940847
1962,10,1962.75000000211,0.7551498764856176,0.069000000000002615,0.052645697328071242
1962,9,1962.66666666878,0.68364184123734761,0.068999999999999062,0.047779362796100275
1962,8,1962.5833333354501,0.62864848157520847,0.068999999999999062,0.043462395323821471
1962,7,1962.50000000212,0.59473517436490475,0.068999999999999062,0.040728843898096764
1962,6,1962.41666666879,0.55853804939402596,0.068999999999999062,0.037891713653380024
1962,5,1962.3333333354601,0.51020315145761608,0.069000000000002615,0.034309661680556373
1962,4,1962.25000000213,0.47004114862829754,0.068999999999999062,0.031431760507993164
1962,3,1962.1666666688,0.47069917285826035,0.048000000000001819,0.022593560297197352
1962,2,1962.0833333354699,0.42802142994831682,0.068999999999999062,0.029022728744055461
1962,1,1962.00000000214,0.45386957089396102,0.068999999999999062,0.030469799732177102
1961,12,1961.91666666881,0.48608116289041159,0.068999999999999062,0.032332027416177377
1961,11,1961.8333333354799,0.57811063616382974,0.048000000000001819,0.027749310535864883
1961,10,1961.75000000215,0.50110646137287085,0.069000000000002615,0.032819089374918058
1961,9,1961.66666666882,0.58495438729664218,0.048000000000001819,0.02807781059023989
1961,8,1961.5833333354899,0.58419444066549264,0.048000000000001819,0.028041333151944708
1961,7,1961.50000000216,0.58474302297690628,0.048000000000001819,0.028067665102892565
1961,6,1961.41666666883,0.48485998768118488,0.068999999999999062,0.031275039795583007
1961,5,1961.3333333354999,0.59705452472844123,0.048000000000001819,0.028658617186966266
1961,4,1961.2500000021701,0.60951535441524263,0.048000000000001819,0.029256737011932755
1961,3,1961.16666666884,0.62435189294742433,0.048000000000001819,0.029968890861477502
1961,2,1961.0833333355099,0.50636381767321725,0.15899999999999537,0.065858847488337938
1961,1,1961.0000000021801,0.55914857665764406,0.11400000000000077,0.057743408442435834
1960,12,1960.91666666885,0.59594534297650925,0.15899999999999537,0.08790573742463885
1960,11,1960.8333333355199,0.60076724730905751,0.17999999999999972,0.10813810451563018
1960,10,1960.7500000021901,0.65759023165806574,0.068999999999999062,0.045341180915805065
1960,9,1960.66666666886,0.64461671492844064,0.048000000000001819,0.03094160231656632
1960,8,1960.5833333355299,0.62467590060173805,0.048000000000001819,0.029984443228884564
1960,7,1960.5000000022001,0.62259577614115336,0.048000000000001819,0.029884597254776494
1960,6,1960.41666666887,0.64632300997826841,0.068999999999999062,0.044809312138532516
1960,5,1960.3333333355399,0.65913386507248939,0.048000000000001819,0.031638425523480687
1960,4,1960.2500000022101,0.67087030691551897,0.048000000000001819,0.032201774731946131
1960,3,1960.16666666888,0.66900721205780267,0.048000000000001819,0.032112346178775744
1960,2,1960.0833333355499,0.66506261875900829,0.15899999999999892,0.10547837384775702
1960,1,1960.0000000022201,0.71511664821375254,0.15899999999999537,0.11607733132739977
1959,12,1959.91666666889,0.77405174242882258,0.15899999999999892,0.12630962471861262
1959,11,1959.8333333355599,0.80621989947402783,0.11399999999999721,0.094329733327522314
1959,10,1959.7500000022301,0.81191064257319479,0.069000000000002615,0.056832865655794464
1959,9,1959.6666666689,0.77022782609192342,0.048000000000001819,0.036970935652413724
1959,8,1959.5833333355699,0.7906338724678299,0.068999999999999062,0.055430016191784788
1959,7,1959.5000000022401,0.72176536517393786,0.048000000000001819,0.034644737528350331
1959,6,1959.41666666891,0.74508061914895407,0.068999999999999062,0.052445469445157308
1959,5,1959.3333333355799,0.66120384364689988,0.048000000000001819,0.031737784495052393
1959,4,1959.2500000022501,0.68300703321543177,0.068999999999999062,0.048528289714656822
1959,3,1959.16666666892,0.58427874600576468,0.048000000000001819,0.028045379808277766
1959,2,1959.0833333355899,0.64761972737631435,0.11400000000000077,0.078672428025692326
1959,1,1959.0000000022601,0.68045742853871394,0.068999999999999062,0.048482271973610311
1958,12,1958.91666666893,0.7512566218565957,0.068999999999999062,0.053417879344328692
1958,11,1958.8333333355999,0.81589709880877404,0.068999999999999062,0.058370236229865542
1958,10,1958.7500000022701,0.84629376685776092,0.068999999999999062,0.06088957340659374
1958,9,1958.66666666894,0.83905951073215534,0.069000000000002615,0.060325400788089449
1958,8,1958.58333333561,0.8051099105059023,0.068999999999999062,0.057575641068399033
1958,7,1958.5000000022801,0.68826791519910069,0.048000000000001819,0.033036859929558085
1958,6,1958.41666666895,0.76116168150272445,0.068999999999999062,0.054482264707929079
1958,5,1958.33333333562,0.73286152107897529,0.068999999999999062,0.052279824180086504
1958,4,1958.2500000022901,0.71041213530808511,0.068999999999999062,0.050487623086464171
1958,3,1958.16666666896,Nan,Nan,Nan
1958,2,1958.08333333563,0.70141902249809507,0.069000000000002615,0.049668836460429133
1958,1,1958.0000000023001,0.712995200233139,0.068999999999999062,0.050226808997336725
1957,12,1957.91666666897,0.73810488804691587,0.068999999999999062,0.05219276588646532
1957,11,1957.83333333564,0.80339125268004119,0.068999999999999062,0.056559904701207142
1957,10,1957.7500000023099,0.85235425020600641,0.068999999999999062,0.059984718090021635
1957,9,1957.66666666898,0.8533641787946642,0.069000000000002615,0.060393293533211739
1957,8,1957.58333333565,0.8376082487961044,0.068999999999999062,0.059373566729682928
1957,7,1957.5000000023199,0.82239705907689697,0.068999999999999062,0.058356269179077713
1957,6,1957.41666666899,0.80480955387747555,0.068999999999999062,0.057238617987298152
1957,5,1957.33333333566,0.77601647263876083,0.068999999999999062,0.055560584675070357
1957,4,1957.2500000023299,0.73391732518704611,0.069000000000002615,0.052976033957340192
1957,3,1957.1666666690001,0.59363625932663233,0.048000000000001819,0.02849454044767943
1957,2,1957.08333333567,0.70815332784414387,0.068999999999999062,0.051199139025855711
1957,1,1957.0000000023399,0.74950130451902053,0.068999999999999062,0.053863040684287156
1956,12,1956.9166666690101,0.8468641383267832,0.068999999999999062,0.060614769970790891
1956,11,1956.83333333568,0.94843135985979732,0.068999999999999062,0.067987536531483678
1956,10,1956.7500000023499,0.98287346253815744,0.069000000000002615,0.070836303353815355
1956,9,1956.6666666690201,0.94420638866537709,0.068999999999995509,0.068184084726380809
1956,8,1956.58333333569,0.88406326129647461,0.069000000000002615,0.063710417893801538
1956,7,1956.5000000023599,0.82790204201338735,0.069000000000002615,0.059137466738509198
1956,6,1956.4166666690301,0.7841553404050452,0.068999999999995509,0.055521265220988797
1956,5,1956.3333333357,0.74143239628110646,0.069000000000002615,0.052204220757997383
1956,4,1956.2500000023699,0.69868726400662307,0.068999999999995509,0.049055158213004699
1956,3,1956.1666666690401,0.63915699136658954,0.048000000000001819,0.03067953558559746
1956,2,1956.08333333571,0.67715813498973798,0.069000000000002615,0.047472464289880723
1956,1,1956.0000000023799,0.71218561976017469,0.069000000000002615,0.049201431311519307
1955,12,1955.9166666690501,0.75381236544997221,0.068999999999995509,0.052169862563584163
1955,11,1955.83333333572,0.81352722357980578,0.069000000000002615,0.056473441471732173
1955,10,1955.7500000023899,0.85920712880981698,0.068999999999995509,0.05982820901837882
1955,9,1955.6666666690601,0.89806714787715969,0.090000000000003411,0.080826043308947437
1955,8,1955.58333333573,0.84949678485019686,0.069000000000002615,0.058995302251227129
1955,7,1955.5000000023999,0.82984079883369621,0.0899999999999892,0.074685671895023703
1955,6,1955.4166666690701,0.80288287829243732,0.069000000000002615,0.055079612246385565
1955,5,1955.33333333574,0.75101263342433855,0.0899999999999892,0.067591137008182353
1955,4,1955.2500000024099,0.76576755219943538,0.069000000000002615,0.052080118295049847
1955,3,1955.1666666690801,Nan,Nan,Nan
1955,2,1955.08333333575,0.76024754854307597,0.11399999999999721,0.084268081552739377
1955,1,1955.0000000024099,0.77861551164782805,0.069000000000002615,0.052788955186697059
1954,12,1954.9166666690801,0.79430270475443976,0.068999999999995509,0.054344820067775246
1954,11,1954.83333333575,0.84564508612181488,0.069000000000002615,0.058182003271817315
1954,10,1954.7500000024199,0.87852413883977021,0.069000000000002615,0.060945662630520911
1954,9,1954.6666666690901,0.86252018098896632,0.068999999999995509,0.060450662574094385
1954,8,1954.58333333576,0.82730931529157936,0.069000000000004391,0.05801206667418031
1954,7,1954.5000000024299,0.79211380891582495,0.068999999999995509,0.055391574903851014
1954,6,1954.4166666691001,0.76163265004005765,0.069000000000002615,0.053127105738203943
1954,5,1954.33333333577,0.73408275600249595,0.069000000000002615,0.051300382819450277
1954,4,1954.2500000024399,0.70611610608899833,0.068999999999995509,0.049611396738181442
1954,3,1954.1666666691101,0.68483107687195,0.069000000000002615,0.048223966000799728
1954,2,1954.08333333578,0.68069816405619499,0.068999999999995509,0.04792172004569957
1954,1,1954.00000000245,0.68817401719487048,0.069000000000002615,0.048493475612669056
1953,12,1953.9166666691201,0.70212419019662575,0.069000000000002615,0.049626602784481805
1953,11,1953.83333333579,0.77554150934174226,0.0899999999999892,0.06979873584074843
1953,10,1953.75000000246,0.70749069230395301,0.069000000000002615,0.05006346161244854
1953,9,1953.6666666691301,0.64177052820440483,0.048000000000001819,0.030804985353812601
1953,8,1953.5833333358,0.68180441005579762,0.068999999999995509,0.04820784699992376
1953,7,1953.50000000247,Nan,Nan,Nan
1953,6,1953.4166666691401,0.6063322928109901,0.048000000000001819,0.029103950054928628
1953,5,1953.33333333581,0.64789818613797412,0.069000000000002615,0.045953833518450234
1953,4,1953.25000000248,0.5781918922531285,0.048000000000001819,0.027753210828151222
1953,3,1953.1666666691499,Nan,Nan,Nan
1953,2,1953.08333333582,0.65308268896557697,0.15899999999999892,0.10932180432075049
1953,1,1953.00000000249,0.71884221408617655,0.11399999999999721,0.082615345788977904
1952,12,1952.9166666691699,0.75871847139614368,0.11399999999999721,0.086775401329393709
1952,11,1952.8333333358401,0.8583631895055841,0.11399999999999721,0.10213153652411777
1952,10,1952.75000000251,0.98221488379406652,0.11400000000000432,0.12245171683885397
1952,9,1952.6666666691799,0.89976269349816373,0.068999999999995509,0.065196972618291368
1952,8,1952.5833333358501,0.78409662778066691,0.069000000000002615,0.056588885755171521
1952,7,1952.50000000252,0.67405499526356782,0.068999999999995509,0.048251695735296543
1952,6,1952.4166666691899,0.57107286832511583,0.11400000000000432,0.068707296749156738
1952,5,1952.3333333358601,0.52295839379852382,0.068999999999995509,0.037197646233595345
1952,4,1952.25000000253,0.494989973692396,0.069000000000002615,0.035464142211671011
1952,3,1952.1666666691999,0.46774920139382858,0.068999999999995509,0.033499485321216167
1952,2,1952.0833333358701,0.46126625884659034,0.069000000000002615,0.032954635967220189
1952,1,1952.00000000254,0.48584860240293093,0.069000000000002615,0.034602079298621545
1951,12,1951.9166666692099,0.54325586502846068,0.068999999999995509,0.038328421319886508
1951,11,1951.8333333358801,0.59800549480135845,0.069000000000002615,0.04173588315038896
1951,10,1951.75000000255,0.60696043919077924,0.11399999999999721,0.07038746047055619
1951,9,1951.6666666692199,0.58106827560675134,0.069000000000002615,0.040335153869853119
1951,8,1951.5833333358901,0.5585026837677286,0.068999999999995509,0.038631702789636242
1951,7,1951.50000000256,0.53502659503793037,0.069000000000002615,0.036475627821967962
1951,6,1951.4166666692299,0.50758235679337937,0.068999999999995509,0.033831475706470771
1951,5,1951.3333333359001,0.46737160968517366,0.069000000000002615,0.030436755857042547
1951,4,1951.25000000257,0.42416458336645441,0.069000000000002615,0.027146315992554286
1951,3,1951.1666666692399,0.39539179264695823,0.068999999999995509,0.024999356339409754
1951,2,1951.0833333359101,0.41456394911600197,0.15899999999999892,0.05450006289232244
1951,1,1951.00000000258,0.53685657915017404,0.11399999999999721,0.061285206219397925
